smiles,strength,absorption
CC1(C)c2ccccc2N(c2ccc(/C=C(/C#N)C(=O)O)cc2)c2ccccc21,0,0
CCCCCCC1(CCCCCC)c2cc(-c3cc4c5c(c3)C(C)(C)CCN5CCC4(C)C)ccc2-c2ccc(N3c4ccccc4Oc4ccccc43)cc21,0,0
CC1(C)c2ccccc2N(c2cccc(C3CCCC3)c2)c2ccc(N(c3ccccc3)c3ccccc3)cc21,0,0
c1ccc(N(c2ccccc2)c2ccc3c(c2)Oc2ccccc2N3c2cccc(C3CCCC3)c2)cc1,0,0
Cc1cc(-c2ccccc2)c2ccccc2c1,0,0
CCCC1(C)c2cc(N3c4ccccc4Oc4ccccc43)ccc2-c2ccc(N3c4ccccc4Oc4ccccc43)cc21,0,0
[NH+]c1ccc2ccc3cccc4ccc1c2c34,0,0
CCCC1(C)c2cc(N3c4ccccc4C(C)(C)c4ccccc43)ccc2-c2ccc(N3c4ccccc4C(C)(C)c4ccccc43)cc21,0,0
Cc1cc(C)cc(N2c3ccccc3N(c3nc(-c4ccccc4)nc(N4c5ccccc5N(c5ccccc5)c5ccccc54)n3)c3ccccc32)c1,0,0
CCCCCC1(C)c2cc(N3c4ccccc4Oc4ccccc43)ccc2-c2ccc(N3c4ccccc4Oc4ccccc43)cc21,0,0
CC1(C)c2ccccc2N(c2ccc(C3CCCC3)nn2)c2ccc(N(c3ccccc3)c3ccccc3)cc21,0,0
Cl,0,0
N#CC1=CC(=O)[CH]C1,0,0
c1ccc2c(c1)Sc1cc(-n3c4ccccc4c4ccccc43)ccc1N2c1ccc(C2CCCC2)cc1,0,0
CC1(C)c2cc(N3c4ccccc4Oc4ccccc43)ccc2-c2ccc(N3c4ccccc4Oc4ccccc43)cc21,0,0
c1cc(C2CCCC2)cc(N2c3ccc(N4c5ccccc5Oc5ccccc54)cc3Oc3cc(N4c5ccccc5Oc5ccccc54)ccc32)c1,0,0
Cc1cc(C)cc(N2c3ccccc3Oc3ccccc32)c1,0,0
CC1=N/C(=N\c2ccc(N3c4ccccc4Sc4ccccc43)cc2)c2ccccc21,0,0
Cc1cc(C)cc(N2c3ccccc3N(c3ccccc3)c3ccccc32)c1,0,0
CCCCCC1(C)c2cc(N3c4ccccc4Sc4ccccc43)ccc2-c2ccc(N3c4ccccc4Sc4ccccc43)cc21,0,0
O=C1C=C(c2ccccc2)C(=O)C1,0,0
Cc1cc(CN(c2ccccc2)c2ccccc2)c2ccccc2c1,0,0
CC1=N/C(=N\c2ccc(N3c4ccccc4Sc4ccccc43)cc2)S1,0,0
c1ccc2c(c1)Oc1ccccc1N2c1ccc2sccc2c1,0,0
O=c1sc2cc(N3c4ccccc4Oc4ccccc43)ccc2c2ccc(N3c4ccccc4Oc4ccccc43)cc12,0,0
c1ccc2c(c1)Oc1ccccc1N2c1ccc2c(c1)Oc1ccccc1N2c1ccc(C2CCCC2)cc1,0,0
F,0,0
c1cnc(C2CCC(c3cc(C4CCCC4)cc(N4c5ccccc5Oc5ccccc54)c3)CC2)nc1,0,0
CCCCCC1(C)c2cc(-c3ccc(C=C(C#N)C(=O)O)cc3)ccc2-c2ccc(N3c4ccccc4C(C)(C)c4ccccc43)cc21,0,0
Cc1cc(-c2ccc(N(C)C)cc2)cc(C)c1N1c2ccccc2Oc2ccccc21,0,0
CC1(C)c2ccccc2N(C2CCC(c3cc(-c4ccccc4)cc(C4CCCC4)c3)CC2)c2ccc(N(c3ccccc3)c3ccccc3)cc21,0,0
CCCC1(C)c2cc(N3c4ccccc4Sc4ccccc43)ccc2-c2ccc(N3c4ccccc4Sc4ccccc43)cc21,0,0
Cc1cc(N2c3ccccc3Oc3ccccc32)cc(C)c1C#N,0,0
Cc1cc(C(=O)c2ccccc2)cc(N2c3ccccc3N(c3ccccc3)c3ccccc32)c1,0,0
CC1(C)c2ccccc2-c2ccc(N3c4ccccc4Sc4ccccc43)cc21,0,0
N#Cc1cccc(N2c3ccccc3Oc3ccccc32)c1,0,0
Cc1cc(CN2c3ccccc3N(c3ccccc3)c3ccccc32)c2ccccc2c1,0,0
Cc1cc(C)cc(N2c3ccccc3Sc3ccccc32)c1,0,0
Cc1ccc2ccccc2c1,0,0
Cc1cc2ccccc2c2ccccc12,0,0
Cc1cc(N2c3ccccc3N(c3ccccc3)c3ccccc32)c2ccccc2c1,0,0
N#Cc1cc(C#N)c(C#N)cc1C#N,0,0
N#CC1=CCC=C1,0,0
Cc1cc(N2c3ccccc3N(c3c(C)cccc3C)c3ccccc32)cc(S(=O)(=O)c2ccccc2)c1,0,0
CC(=O)c1cc(C)cc(N2c3ccccc3N(c3ccccc3)c3ccccc32)c1,0,0
O=c1ccc2c(=O)c3ccccc3c(=O)c1=2,0,0
N#Cc1cc(C#N)c(C#Cc2ccc(N(c3ccccc3)c3ccccc3)cc2)cc1C#N,0,0
CC1=Cc2c(N3c4ccccc4Sc4ccccc43)ccc3cccc1c23,0,0
Cc1ccc2c3ccc(C(=O)c4ccccc4)cc3c3nc(N4c5ccccc5Oc5ccccc54)c(C(=O)c4ccccc4)nc3c2c1,0,0
c1ccc(N(c2ccccc2)c2ccc3c(c2)Oc2ccccc2N3c2ccc(C3CCCC3)cc2)cc1,0,0
O=c1oc2cc3c(cc2c2c1oc1cc(N4c5ccccc5Sc5ccccc54)ccc12)oc1cc(N2c4ccccc4Sc4ccccc42)ccc13,0,0
CC1(C)c2ccccc2N(c2ccc(-c3ncc(C#N)cn3)cc2)c2ccccc21,0,0
CC1(C)c2cc(N3c4ccccc4C(C)(C)c4ccccc43)ccc2-c2ccc(N3c4ccccc4C(C)(C)c4ccccc43)cc21,0,0
O=C1C=C(O)C(c2ccccc2)=C1,0,0
CN(C)c1ccc(/C=C/c2cc[n+](CCCSc3n(C)cc[n+]3C)cc2)cc1,0,0
O=[N+]([O-])C(=CNc1ccc(/N=N/c2ccccc2)cc1)[N+](=O)[O-],0,0
CC1=CC2=C(c3ccc(C(=O)ON4C(=O)CCC4=O)cc3)c3ccc(N4CCCC4)n3[B-](F)(F)[N+]2=C1,0,0
c1cc(C2CCCC2)cc(N2c3ccccc3Oc3cc(N4c5ccccc5Oc5ccccc54)ccc32)c1,0,0
c1ccc2c(c1)Oc1ccccc1N2c1ccc2ncoc2c1,0,0
Cc1cc2ccc3ccc4ccc5ccc1c2c3c45,0,0
O=C([O-])F,0,0
CC1(C)c2ccccc2N(c2ccc3c(c2)P(=O)(c2ccccc2)c2cc(N4c5ccccc5C(C)(C)c5ccccc54)ccc2-3)c2ccccc21,0,0
Cc1cc(-c2c(C)cc(C)c(N3c4ccccc4N(c4ccccc4)c4ccccc43)c2C)c2ccccc2c1,0,0
COP(=O)(OCc1cccc(C(=O)Cn2c3ccccc3c(=O)c3ccccc32)c1)OP(=O)(O)OCCNC(=O)C(N)CC(C)=O,0,0
CC(=O)CC(CCC(=O)O)C(=O)NCCOP(=O)([O-])OP(=O)([O-])OC[C@@H]1O[CH]C[C@@H]1O,0,0
[O]C1=Cc2ccc3c4c(ccc1c24)C=C3,0,1
CC1CCc2cc(N3c4ccccc4C(C)(C)c4ccccc43)ccc21,0,1
O=Cc1ccc2c(c1)C(=O)c1cc(N3CCCCC3)ccc1-2,0,1
CCCC1(C)c2cc(C#CC3=CC=c4ccc5c6c3ccc(c46)C=CC=5)ccc2-c2ccc(C#Cc3ccc4ccc5cccc6ccc3c4c56)cc21,0,1
FC(F)(F)c1ccc(-c2cc(-c3ccc(C(F)(F)F)cc3)cc(C3CCCC3)c2)cc1,0,1
C1=CC2=C(c3c4ccccc4cc4ccccc34)C=CC2=C1,0,1
CC(=O)Cc1ccc2ccc3cccc4ccc1c2c34,0,1
N#Cc1cc(/C=N/NC(=O)Cn2c3ccccc3c(=O)c3ccccc32)ccc1O,0,1
O=c1c2ccccc2n(-c2ccc(C3CCCC3)cc2)c2ccccc12,0,1
CCC1(C)c2cc(C#Cc3ccc(/C=C(\C)c4ccccc4)cc3)ccc2-c2ccc(C#Cc3ccc(/C=C(\C)c4ccccc4)cc3)cc21,0,1
CCC1(C)c2cc(C=O)ccc2-c2ccc(N3c4ccccc4Sc4ccccc43)cc21,0,1
CC1(C)c2cc(N3c4ccccc4Sc4ccccc43)ccc2-c2ccc(N3c4ccccc4Sc4ccccc43)cc21,0,1
CCC1(C)c2ccccc2-c2ccc(N3c4ccccc4Sc4cc(C)ccc43)cc21,0,1
C1=Cc2ccc3c4c(ccc1c24)C=C3,0,1
CCC1(C)c2ccccc2N(c2ccc(-c3ccc(C#N)cn3)cc2)c2ccccc21,0,1
CC1(C)c2ccccc2N(C2CCCC2)c2ccccc21,0,1
CCCCCCCCCCCCC[NH+],0,1
CCCCC/[NH+]=c1/cc2oc3cc(NCC)c(C)cc3c(-c3ccccc3C(=O)[O-])c-2cc1C,0,1
CCCCCC1(CC)c2ccccc2-c2ccc(-n3c4ccccc4c(=O)c4ccccc43)cc21,0,1
O=c1[nH]c(-c2ccc(-c3ccccc3)cc2)c2c(=O)c(=O)cc1-2,0,1
CC1=Cc2ccc3c4c(ccc1c24)C=C3,0,1
O=Cc1nn(-c2cccc3ccccc23)c(=O)c2ccccc12,0,1
CC1(C)c2ccccc2N(c2cccc(C#N)c2)c2ccccc21,0,1
c1cnc2c(C3CCCC(c4ccc(-c5ccc(C6CCCC6)nn5)nn4)C3)cncc2c1,0,1
CC1(C)CCN2CCC(C)(C)c3cc(-c4ccc(C=C(C#N)C(=O)O)s4)cc1c32,0,1
Cc1cc2ccccc2cc1C,0,1
CCC1(C)c2ccccc2-c2ccc(N3c4ccccc4Sc4ccccc43)cc21,0,1
O=C(COP(=O)([O-])OCc1cccc(C(=O)Nc2cccc3cccnc23)c1)NC(COP(=O)([O-])O[C@H]1[CH]O[C@@H]1COP(=O)([O-])[O-])C(=O)[O-],0,1
CC1(C)c2cc(C=O)ccc2-c2ccc(N3c4ccccc4Sc4ccccc43)cc21,0,1
CC(C)(C)c1ccc2c(c1)c1cc(C(C)(C)C)ccc1n2-c1ccc2c(c1)Oc1ccccc1S2,0,1
O=C1NC(=O)C2C=CC=CC2C1=O,0,1
CC1(C)CCc2cc3c(cc21)C(c1ccc(N2c4ccccc4Sc4ccccc42)cc1C(=O)[O-])=c1cc2c4c(c1O3)CCC[N+]=4CCC2,0,1
c1cnc2c(c1)ccc1cc(C3CCCC3)cnc12,0,1
CCCCCCCCCN1c2ccccc2Sc2cc(/C=C(/C#N)C(=O)O)ccc21,0,1
CCCC1(C)c2ccccc2-c2ccc(N3c4ccccc4Sc4ccccc43)cc21,0,1
CC1(C)c2ccccc2N(c2ccc(-c3cc(-c4ccccc4)nc(-c4ccccc4)c3)cc2)c2ccccc21,0,1
c1cnc2c(c1)ccc1ccc(C3CCCC3)nc12,0,1
c1cc2ccc3cccc4ccc(c1)c2c34,0,1
c1ccc(-n2c3ccc(-c4cccc(C5CCCC5)c4)cc3c3cc(-c4ccc5c6ccccc6n(-c6ccccc6)c5c4)ccc32)cc1,0,1
CCCCCCCCCCCN1c2ccc(C=O)cc2CCC1(C)C,0,1
CC1(C)c2cccc(C3=C4C=CC=C4C=C3)c2Oc2c1ccc1cc3ccccc3cc21,0,1
CC1c2ccccc2N(c2ccc(-c3nc(-c4ccccc4)c(-c4ccccc4)[nH]3)cc2)c2ccccc21,0,1
CN(C)c1ccc2c(=O)c3c(oc2c1)=CC(=[N+](C)C)C=3,0,1
CCCCCn1c2c(c3cc(C#Cc4ccc5ccc6cccc7ccc4c5c67)ccc31)C(C)(CCC)c1ccccc1-2,0,1
c1cc(C2CCCC2)cc(N2c3ccccc3Sc3ccccc32)c1,0,1
O=S(=O)(c1ccccc1)c1cc(N2c3ccccc3Sc3ccccc32)cc(N2c3ccccc3Sc3ccccc32)c1,0,1
CC1CCc2cc(N3CCCC3)ccc21,0,1
CCCOc1cc2cc(N3c4ccccc4Sc4ccccc43)c(=O)oc2cc1N1c2ccccc2Sc2ccccc21,0,1
c1cc(-c2cc3ccccc3s2)cc(C2CCC(c3cnc4c(ccc5cc(C6CCCC6)cnc54)c3)CC2)c1,0,1
O=c1c(=O)c2ccccc2c1=O,0,1
N#Cc1ccc2c(c1)C(C1=C3C=CC=C3C=C1)(c1cc3ccccc3c3ccccc13)c1ccccc1-2,0,1
C1=CC2=C(C3(c4cc5ccccc5c5ccccc45)c4ccccc4-c4ccccc43)C=CC2=C1,0,1
Cc1cc2cc(N(C)C)ccc2cc1C=O,0,1
F[B-]1(F)OC(C2=C3C=CC=C3C=C2)=CC(c2c3ccccc3cc3ccccc23)=[O+]1,0,1
Cc1[c-]c2ccccc2c(C2=C3C=CC=C3C=C2)c1,0,1
CC1CCc2cc(C(=O)/C=C/c3ccc(N(C)C)cc3)ccc21,0,1
CCCCCC1(CCC)c2cc(C=O)ccc2-c2ccc(N3c4ccccc4Sc4ccccc43)cc21,0,1
c1ccc(-c2ccc(C3CCCC3)cn2)cc1,0,1
NCCCOc1cc2ccc3cccc4ccc(c1)c2c34,0,1
CC(=O)c1cn(-c2ccc(-n3c4ccccc4c(=O)c4ccccc43)cc2)c2ccccc12,0,1
Cc1cc(C)c2ccccc2c1,0,1
CC(C)(C)C1=C2C=CC=C2C=C1,0,1
C1=CC2=C3C1=CC=C3C=C2,0,1
C1=CC2=C(c3cc(-c4cccc5ccccc45)c(-c4cccc5ccccc45)c(-c4cccc5ccccc45)c3)C=CC2=C1,0,1
CCCCCC1(C)c2cc(C=C(C#N)C(=O)O)ccc2-c2ccc(N(c3ccccc3)c3ccccc3)cc21,0,1
O=C(c1cccc(C2CCCC2)c1)C(F)(F)F,0,1
Cc1c2c(=O)[nH]c(-c3ccc(-c4ccccc4)cc3)c-2c1=O,0,1
O=S(=O)(c1ccc(N2c3ccccc3Sc3ccccc32)cc1)c1cccc(N2c3ccccc3Sc3ccccc32)c1,0,1
CC1(C)c2ccccc2N(c2ccc3c(c2)c2ccccc2n3-c2ccc(C3CCCC3)cc2)c2ccccc21,0,1
CCCC1(C)c2cc(C#Cc3ccc4ccc5cccc6ccc3c4c56)ccc2-c2ccc(C#Cc3ccc4ccc5cccc6ccc3c4c56)cc21,0,1
CCCCCCCC(=O)c1cc(Br)c(O)c(/N=N/c2ccc([N+](=O)[O-])cc2)c1,0,1
CC1(C)c2ccccc2N(c2cc(C=O)cc(N3c4ccccc4C(C)(C)c4ccccc43)c2)c2ccccc21,0,1
CC1(C)CCc2cc3ccc(N4c5ccccc5Oc5ccccc54)cc3cc2N1,0,1
c1ccc2c(c1)Oc1cc(-n3c4ccccc4c4ccccc43)ccc1N2c1ccc(C2CCCC2)cc1,0,1
c1ccc(N(c2ccccc2)c2ccc(C3CCCC3)cc2)cc1,0,1
O=C1CCN1Cc1c2ccccc2cc2ccccc12,0,1
CCC1(C)c2cc(N3c4ccccc4C(C)(C)c4ccccc43)ccc2-c2ccc(N3c4ccccc4C(C)(C)c4ccccc43)cc21,0,1
CCCC1(C)c2cc(-c3ccc(/C=C(\C)c4ccccc4)cc3)ccc2-c2ccc(-c3ccc(/C=C(\C)c4ccccc4)cc3)cc21,0,1
CCN1c2ccc(C=O)cc2CCC1(C)C,0,1
CC1(C)c2cc(C#N)ccc2-c2ccc(C#N)cc21,0,1
CCC(=O)c1ccc(C(=O)c2ccc(-n3c4ccccc4c4ccccc43)cc2)cc1,0,1
C1=CC2=CN(c3cccc4ccccc34)C2=C1,0,1
O=S(=O)(c1ccccc1)c1ccc(-c2ccc3c(c2)c2cc(-c4ccc(S(=O)(=O)c5ccccc5)cc4)ccc2n3-c2ccccc2)cc1,0,1
CC(=O)c1ccc2c(c1)c1cc(C(C)(C)C)ccc1n2-c1cccc(-n2c3ccc(C(C)(C)C)cc3c3cc(C(C)(C)C)ccc32)n1,0,2
c1ccc2c(c1)ncn2C1CCC(c2cnc3sc4ncc(C5CCCC5)cc4c3c2)CC1,0,2
c1ccc(-n2cnc3cc(C4CCCC4)ccc32)cc1,0,2
CC(=O)c1ccc(-c2ccc(-n3c4ccccc4c4ccccc43)cc2)cc1,0,2
O=c1cc2ccc3cccc4ccc1c2c34,0,2
N#Cc1cc2cccc3c(N)ccc4ccc1c-2c43,0,2
c1cnc2c(C3CCCC3)ccnc2c1,0,2
C1=CC2=C(C3(c4c(-c5ccc6ccncc6n5)c5ccccc5c5ccccc45)c4ccccc4-c4ccccc43)C=CC2=C1,0,2
c1ccc(-c2ncc(C3CCCC(c4cccc(-n5cnc6cc7c(cc65)ncn7-c5cccc(C6CCCC6)c5)c4)C3)cn2)cc1,0,2
Cc1ccc2c(c1)-c1sn(-c3ccccc3)c(=S)c1C(C)(C)N2C,0,2
CC(=O)c1cc(N2CCCCC2)cc2c1C(C)(C)c1ccc(N3CCCCC3)cc1-2,0,2
CCCCCCCCCN1c2ccc(C)cc2Sc2cc(C=O)ccc21,0,2
CCCCCCCN(c1ccccc1)c1ccccc1,0,2
CCCCCCCCN1c2ccc(Br)cc2C(C)(C)c2cc(Br)ccc21,0,2
Cc1cc2ccccc2c2ccc3ccccc3c12,0,2
O=c1ccn(-c2ccc(C3CCCC3)cc2)c2ccccc12,0,2
c1ccc2c(c1)c1cccnc1n2C1CCCC1,0,2
CC(=O)c1c2ccccc2cc2ccccc12,0,2
c1ccc2c(c1)Sc1ccccc1N2c1ccc(C2CCCC2)cc1,0,2
N#Cc1ccc2c(C#N)cc3ccccc3c2c1,0,2
CCCCCCCCN1c2ccccc2Sc2cc(/C=N/NC(=O)c3ccccc3O)ccc21,0,2
OC1[CH]O[C@@H](C2CCCC2)C1,0,2
CC(=O)c1cc2ccc3cccc4ccc(c1)c2c34,0,2
Nc1cc2ccc3cccc4ccc(c1)c2c34,0,2
c1cc(C2CCCC2)cc(-n2c3ccccc3c3c4c5ccccc5n(-c5cccc(C6CCC(c7ncns7)CC6)c5)c4ccc32)c1,0,2
O=c1c2ccccc2n(-c2cc(C3CCCC3)cc(C3CCC(C(F)(F)F)CC3)c2)c2ccccc12,0,2
CCCCCCCN1c2ccccc2Sc2cc(C=O)ccc21,0,2
CCCCCCCCCCC(=O)c1ccc(C2CC(CCNCC)O2)cc1,0,2
CC(=O)N/N=C/c1ccc([N+](=O)[O-])cc1,0,2
CC1(O)N=NC(c2ccc3ccc4cccc5ccc2c3c45)=N1,0,2
c1ccc2ccc3ccc(c1)c23,0,2
C1=CC2=C(c3cccc(-c4ccc5ccc6cccc7ccc4c5c67)n3)C=CC2=C1,0,2
CCCCCc1cc(C#Cc2ccccc2)c(C(=O)c2ccccc2)cc1C#Cc1ccccc1,0,2
c1cc(C2CCCC2)cc(-n2c3ccccc3c3cccnc32)c1,0,2
CC(=O)[O-],0,2
O=C(Cn1c2ccccc2c(=O)c2ccccc21)N/N=C/c1ccc([N+](=O)[O-])cc1,0,2
C1=CC2=C(c3cncnc3)C=CC2=C1,0,2
c1cc(-c2cccc(C3CCC(n4c5ccccc5c5ccccc54)CC3)n2)nc(C2CCCC2)c1,0,2
c1ccc(-c2cc(-c3cccc(C4CCCC(c5ccnc(-c6cccc(C7CCCC7)c6)c5)C4)c3)nc(-c3ccccc3)n2)cc1,0,2
CCCCCCCCC(=O)c1ccc(C(=O)Nc2ccc3ccc4cccc5ccc2c3c45)cc1,0,2
CCCCn1c2ccc(C=O)cc2c2cc(C=O)ccc21,0,2
C1=CC2=C(C3=CC4c5ccccc5C3c3cc5ccccc5cc34)C=CC2=C1,0,2
CC1(C)c2ccccc2-c2ccc(C#N)cc21,0,2
CCC1(C)c2cc(N3c4ccccc4Oc4ccccc43)ccc2-c2ccc(N3c4ccccc4Oc4ccccc43)cc21,0,2
CCCCCC1(CC)c2cc(C=C(C#N)C(=O)O)ccc2-c2ccc(N(c3ccccc3)c3ccccc3)cc21,0,2
CC(=O)c1ccc2c(c1)c1cc(C(C)(C)C)ccc1n2-c1ccc(N(c2ccccc2)c2ccccc2)cc1,0,2
CC1(C)c2ccccc2N(c2ccc3c4c(oc3c2)=CC(=O)C2=CC=CC=42)c2ccccc21,0,2
c1ccc(-n2c(C3CCCC3)cc3cc4ccoc4cc32)cc1,0,2
CCCCCCN1c2ccccc2Sc2cc(C=O)ccc21,0,2
CC(=O)c1ccc2ccc3cccc4ccc1c2c34,0,2
c1ccc2c(c1)c1c3ccccc3n(-c3ccc(C4CCC(c5ncco5)CC4)cc3)c1c1ncn(-c3ccc(C4CCCC4)cc3)c21,0,2
CCCCCCCCC(=O)c1cc(F)c(N2CCCCC2)cc1F,0,2
O=C1c2ccccc2C(=O)c2occc21,0,2
CC(C)(C)[Si](C)(C)C1=C2C=CC=C2C=C1,0,2
CCC1(C)c2cc(-c3ccc(C=O)cc3)ccc2-c2ccc(-c3ccc(C=O)cc3)cc21,0,2
CC1=CC2=C3C(=CC=C13)C=C2,0,2
O=C(c1ccc(Br)cc1)[C@H]1[CH]C2c3ccccc3C1c1ccccc12,0,2
CCC1(C)c2ccccc2-c2ccc(N3c4ccccc4C(C)(C)c4ccccc43)cc21,0,2
CCCCCCCCCCCCN(CCCCCCC)c1ccc(C=O)c(O)c1,0,2
CCCCCCCCc1cc2ccc3cccc4c5cccc5c1ccc2c34,0,2
c1ccc(-n2c3ccc(C4CCCC4)cc3c3cc(C4CCC(c5cccc(-c6nc7ccccc7c7ccccc67)c5)CC4)ccc32)cc1,0,2
CCCC(=O)c1cc2ccc3cc(C(C)C)cc4ccc(c1)c2c34,0,2
C1=CC2=CC=CC2=C1,0,2
ClC1=Cc2ccc3c4c(ccc1c24)C=C3,0,2
CC(=O)c1cn(C2CCC(c3cccc(-c4nccs4)c3)CC2)c2ccccc12,0,2
CC(=O)c1ccc2c(c1)c1ccccc1n2-c1ccc(-c2ccc(-n3c4ccccc4c4ccccc43)cc2)cc1,0,2
O=c1ccn(-c2cccc(C3CCCC3)c2)c2ccccc12,0,2
CCCCCCCCN1c2ccccc2Sc2cc(C=O)ccc21,0,2
CCCCCCC,0,2
CCCCCC1CCC(c2ccc(-c3ccc(C4CCCC4)cn3)nc2)CC1,0,2
C1=CC2=CN(c3ccc(-c4nnc(-c5ccccc5)o4)cc3)C2=C1,0,2
CC(=O)c1ccc2c(c1)CCCN2C,0,2
CC(F)(F)F,0,2
c1ccc2c(C3CCCC(c4ccc(-c5nnc(-c6ccc(C7CCCC7)cc6)o5)cc4)C3)cncc2c1,0,2
CSc1ccc(Cl)c(/C=N/NC(=O)Cn2c3ccccc3c(=O)c3ccccc32)c1,0,2
O=[N+]([O-])c1ccc(-c2nc3ccccc3s2)c(O)c1,0,2
NC1=CC2=CC=CC2=C1,0,2
CC(=O)c1ccc2cc(N(C)C)ccc2c1,0,2
C1=CC2=Nc3ccccc3C2=C1,0,2
O=c1ccc2cccc(-c3cc(C4=C5C=CC=C5C=C4)cc(-c4cc(-c5ccccc5)cc(-c5ccccc5)n4)c3)c2o1,0,2
CC(=O)c1cn(-c2ccccc2)c2ccccc12,0,2
CCCCCCCCCN1C(=O)c2cccc3c(NCCN(CC)CC)ccc(c23)C1=O,0,2
CCC1(C)c2cc(N3c4ccccc4Sc4ccccc43)ccc2-c2ccc(N3c4ccccc4Sc4ccccc43)cc21,0,2
c1ccc2c(c1)c1ccccc1n2-c1ccc(C2CCCC2)cc1,0,2
O=c1c2c(=O)c3ccccc3c=2c2ccccc2c1=O,0,2
C1=CC2=C(c3cc(-c4c5ccccc5cc5ccccc45)cc(-c4cc5ccccc5c5ccccc45)n3)C=CC2=C1,0,2
CCCNc1c2ccccc2c(C(C)=O)c2ccccc12,0,3
CC1C[CH][C@@H](N2c3ccccc3Sc3ccccc32)C1,0,3
CCN(C)c1ccc(C=O)cc1,0,3
CCCCCCCCCCCCCOc1cc2ccc3cc(C#N)c(=O)oc3c2cc1OCCCCNC(C)=O,0,3
[NH3+]C1CCC([O-])C1,0,3
O=[N+]([O-])c1ccc2ccccc2c1,0,3
CCCCCCCCCCc1ccc(C(=O)/C=C/c2ccc(N3CCOCC3)cc2)cc1,0,3
CCCCCCOc1ccc2ccc(C=O)cc2c1,0,3
CCCCCCCCC(=O)c1ccc(C(=O)[O-])c(C2=c3cc4c5c(c3Oc3c2cc2c6c3CCCN6CCC2)CCC[N+]=5CCC4)c1,0,3
CC(C)Nc1ccc([N+](=O)[O-])cc1,0,3
CC1=c2c(ccc3ccccc23)=c2c(c3c(c4ccccc24)=CC=C3)C1=O,0,3
CC(=O)c1ccc2c(F)c(F)c(F)c(F)c2n1,0,3
CCCCCCOc1ccc(C=O)cc1OC,0,3
CCCCCCCCCCCCCCC(=O)c1ccc(C(=O)CCCCCCCCCCC)c(F)c1F,0,3
CCCCCCCCCCCCOc1cc(C#Cc2ccc([N+](=O)[O-])cc2)c(OCCCCCCCCC)cc1C#Cc1ccc([N+](=O)[O-])cc1,0,3
CCCCCCCCC(=O)c1ccc2ccc3cccc4ccc1c2c34,0,3
c1ccc(-c2nc(C3CCCC(c4ccc(-c5nnc(C6CCCC6)o5)cc4)C3)ns2)cc1,0,3
CC1(C)C(/C=C/c2ccc(N(c3ccccc3)c3ccccc3)cc2)=[N+](CCCCC(=O)O)c2ccc(S(=O)(=O)O)cc21,0,3
CCCCCCCCCCCCNc1ccc(C#N)cc1,0,3
CC(=O)c1cc2cc(N(C)C)ccc2oc1=O,0,3
c1ccc2oc(C3CCCC3)nc2c1,0,3
CCCCCCCCCCCCCOc1ccc2cc(C#Cc3ccc([N+](=O)[O-])cc3)ccc2c1,0,3
c1ccc(N(c2ccccc2)c2cc3cc(C4CCCC4)ccc3s2)cc1,0,3
c1ccc2c(C3CCCC3)cccc2c1,0,3
CC(=O)c1cc2sc(C(=O)c3ccc(F)cc3)cc2s1,0,3
CC(=O)Nc1ccc(N2CCC[N+](C)(C)CC2)cc1,0,3
[CH]CCCCCC[n+]1ccccc1,0,3
CCCCCCCCCCC[N+]1=C(/C=C/Nc2ccccc2)C(C)(C)c2ccccc21,0,3
CCCCN1CCCc2cc(C=O)ccc21,0,3
CCCCCCCCCCc1ccc(O)c(/N=N/c2ccc([N+](=O)[O-])cc2)c1,0,3
CCCCCCCCCCCCCOC(=O)c1cc(=O)[nH]c2ccccc12,0,3
CCCCCC(=O)c1cc2ccc1CCCC2,0,3
CCCCCCCCCc1cc(CCCCCC)c2ccc3cccc4ccc1c2c34,0,3
c1ccc2nc(C3CCCC3)cnc2c1,0,3
CCCCCCCCCCCOc1cc2ccc3cccc4c(S(=O)(=O)O)cc(c1)c2c34,0,3
CCCCCCCCCCCCC(=O)c1ccc2ccc3cccc4ccc1c2c34,0,3
CC1(C)c2cc(C3CCCC3)ccc2N(c2ccccc2)c2ccc(C3CCC(c4ccc(-c5cccnc5)cc4)CC3)cc21,0,3
c1ccc(-c2ccc(C3CCCC3)cc2)cc1,0,3
Cc1cccc2cc3ccccc3cc12,0,3
CC(=O)c1cc(F)c(N2CCCC2)cc1F,0,3
c1ccc(-n2ccc3ccc(C4CCCC4)cc32)cc1,0,3
O=c1ncn(C2=C3C=CC=C3C=C2)c2ccccc12,0,3
CCCCCCCc1cc(C(=O)c2ccccc2)cc(Cc2ccc(N(C)c3cc(C)cc(C)c3)cc2)c1O,0,3
CCCCCCCCCC(=O)c1cc(F)c(N2CCOCC2)cc1F,0,3
CCCCCCCCCCCNc1cc(Cl)c(Cl)c(Cl)c1,0,3
CC(C)c1c(C(C)C)c2ccc3ccc4ccc5ccc1c2c3c45,0,3
CCCCCCCCCCCCC(=O)c1ccc2ccccc2c1,0,3
CC(=O)c1ccc2nc3c4ccccc4c4ccccc4c3nc2c1,0,3
O=[N+]([O-])c1ccc(Sc2nnc(C3CCCC3)n2-c2ccccc2)cc1,0,3
COc1cc(/C=N/NC(=O)Cn2c3ccccc3c(=O)c3ccccc32)ccc1N(C)C,0,3
c1ccc(-c2ncc(C3CCCC3)cn2)cc1,0,3
CCCCCCCCCCCCOc1cc2ccc3cccc4ccc(c1)c2c34,0,3
CCCCCCCCCCCCCCCC(=O)Nc1ccc2[n+](c1)[B-](F)(F)NC(c1ccc(NC(=O)c3ccc(C(=O)CCCCCCCCCCC)cc3)cc1)=N2,0,3
O=C(CCCCCCCCCCCCC[CH2][Cd])Sc1nc2ccccc2[nH]1,0,3
Cc1cc(C(C)C)cc2c3cc4cccc5c(C(C)C)cc(ccc-3c45)c12,0,3
Cc1cc(=O)oc2ccc(-c3ccc(N4c5ccccc5C(C)(C)c5ccccc54)cc3)cc12,0,3
CCCCCCCCCCCCCCCOc1cc2ccc3cc(C#Cc4ccc(C(F)(F)F)cc4)cc4ccc(c1)c2c34,0,3
CC(C)C1=N[PH](c2ccc3ccc4cccc5ccc2c3c45)=N1,0,3
CC(=O)c1ccc(C2CCC(c3ccc(-c4cc(-c5ccccc5)nc(-c5ccccc5)n4)cc3)CC2)cc1,0,3
CCC(=O)c1ccc2c(c1)C(C)(C)c1cc(C(C)(C)C)ccc1N2c1ccc(C2c3ccccc3Oc3ccccc32)cc1,0,3
CCc1cccc(NC(=O)Cn2c3ccccc3c(=O)c3ccccc32)c1,0,3
C/C=C/C(C)=O,0,3
CC1(C)c2cc([N+](=O)[O-])ccc2-c2ccc([N+](=O)[O-])cc21,0,3
CCCCCCCCC(=O)c1ccc2cc(N(C)C)ccc2c1F,0,3
CCCCCCCOc1c(Br)cc(Br)cc1/C=N/NC(=O)Cn1c2ccccc2c(=O)c2ccccc21,0,3
CCCCCCCC(=O)c1ccc2c(N3CCN(c4ccccc4)CC3)cc3cccc4ccc1c2c43,0,3
c1ccc(C2CCC(c3cccc(-c4cc5cccnc5c5ncccc45)c3)C2)nc1,0,3
CCCC1(C)c2cc(-c3cccc4c3sc3ccccc34)ccc2-c2ccc(-c3cccc4c3sc3ccccc34)cc21,0,3
C1=CC2=NC=CC2=C1,0,3
CC(=O)Cc1cc2ccc3cccc4ccc(c1)c2c34,0,3
c1ccc(-c2cc(-c3ccccc3)nc(C3CCCC3)n2)cc1,0,3
CCCCCCN(C)c1ccc(C=O)cc1Br,0,3
CCC1CCC(N2CCN(c3ccccc3OC)CC2)C1,0,3
CCCCCCCCCCCCCC(=O)c1ccc2oc3nc4oc5ccc(C)cc5c4cc3c2c1,0,3
CCCCCCCCCCC(=O)c1ccc(C(C)C)cc1/N=C/c1ccc(N(C)C)cc1,0,3
CCCCCCCCCCCOc1ccc2cc(-c3cn(-c4ccccc4)nn3)ccc2c1,0,3
CC(=O)Nc1ccc2ccc3cccc4ccc1c2c34,0,3
c1ccc2sc(C3CCCC3)cc2c1,0,3
c1ccc2c(c1)c1ccncc1n2C1CCC(c2ccnc(-c3cc(C4CCCC4)ccn3)c2)CC1,0,3
CCCCCCCSc1cc(=O)c2ccccc2[nH]1,0,3
c1ncc2cc(C3CCC(c4ccc(-n5cnc6cc7c(cc65)ncn7-c5ccc(C6CCCC6)cc5)cc4)CC3)ccc2n1,0,3
CCCCCCCCCCCCCOc1ccc(/N=N/c2ccc([N+](=O)[O-])cc2)cc1,0,3
CCCCCCCCCC(=O)c1ccc(C(F)(F)F)cc1,0,3
CC1=CC2=CC=CC2=C1,0,3
CC(=O)c1cc2ccccc2s1,0,3
O=C1NC(=O)c2ccccc21,0,3
CC1=C2C=C(N3CCCC3)C=C2C=C1C=O,0,3
CCCCC(=O)c1ccc2cc(N(C)C)ccc2c1,0,3
O=C(Cn1c2ccccc2c(=O)c2ccccc21)N/N=C/c1ccc(OCC2=C3C=CC=C3C=C2)cc1,0,3
CC1(C)c2cc(C3CCCCC3)ccc2-c2ccc(C3CCCC(c4ccc5ccc6cccnc6c5n4)C3)cc21,0,3
CCCCCCCCCCCCOc1cc(/C=N/c2ccc([N+](=O)[O-])cc2)ccc1OCCCCCCCCC,0,3
C1=CC2=CN(c3ccc(C4CCC(c5cncnc5)CC4)cc3)C2=C1,0,3
CCCCCCCCCCCOc1ccc(C2=NCCO2)cc1,0,3
CCCCCCCCCCCCCC(=O)c1ccc(C[n+]2ccccc2)cc1,0,3
Cc1ccc2cccc3c2c1C=C3,0,3
CCCCCCCCCCCOc1ccc(/C=N/c2ccc([N+](=O)[O-])cc2)c(O)c1,0,3
c1ccc(N2CC[NH+](C3CCCC3)CC2)cc1,0,3
CC(=O)c1ccc2c(c1)CCC2(C)C,0,3
CCCCCCCCCCCCCOc1ccc(OCCCCCCCCCCC)c(/C=N/NC(=O)Cn2c3ccccc3c(=O)c3ccccc32)c1,0,3
C1=CC2=C(c3cc(-c4cccc5ccccc45)cc(-c4cccc5ccccc45)n3)C=CC2=C1,0,3
Cc1cn(C2=C3C=CC=C3C=C2)c2ccccc12,0,3
CC(=O)c1cc2ccc3cccc4ccc(c1C)c2c34,0,3
CCCCCC(=O)c1ccc2cc(N(C)C)ccc2c1,0,3
CCCCCCCCCCCCCC(=O)c1ccc(C(=O)CCCCCCCCCC)cc1F,0,3
CC(=O)c1ccc2c(c1)CCC2=O,0,3
CCCCCCCCCOc1cc2ccc3cccc4ccc(c1)c2c34,0,3
CCCCCCCC(=O)c1ccc2c(c1)C(C)(C)c1cc(C(C)=O)ccc1-2,0,3
CC(=O)c1ccc2c(c1)C(C)(C)c1cc(N3CCCCC3)ccc1-2,0,3
CCCCCCCCCOc1cc(C2c3ccc(N(C)C)cc3Oc3cc(N(C)C)ccc32)c(OCCCC)cc1N(C)C,0,3
CCCCC,0,4
c1ccc2c(c1)-c1ccccc1C2c1nccs1,0,4
CCCCCCCOc1ccc(OCCCCC)cc1C=O,0,4
CCCC(=O)c1cc2ccccc2o1,0,4
CCC,0,4
Cc1ccc2ccoc2c1,0,4
CN(C)c1ccc(C=O)cc1,0,4
CSC(C)C,0,4
Cc1coc2cc(O)ccc12,0,4
c1cc2ccc3ccc4cc(c1)c2c3-4,0,4
CCCCCC,0,4
O=c1ccoc2cc(N3c4ccccc4C(c4ccccc4)(c4ccccc4)c4ccccc43)ccc12,0,4
CCCCN1CCC1,0,4
O=C(O)CCCCn1c2ccccc2c(=O)c2ccc(S(=O)(=O)O)cc21,0,4
CC1=CCC(C)C1,0,4
CC1(C)CCc2cc(C(F)(F)F)ccc21,0,4
O=[N+]([O-])c1ccc([N+](=O)[O-])cc1,0,4
CC1CC(=O)C2=C(C1)Oc1ccc3ccccc3c1C2c1ccncc1,0,4
N#Cc1cn([C@@H]2O[C@H](CO)[C@H](O)[C@H]2O)c(=O)[nH]c1=O,0,4
O=C(O)CCCCn1nccc1[N+](=O)[O-],0,4
COP(=O)(OCCCCCO)c1ccc(CNC(=O)C(N)CCCCN)c(P(=O)(OCCCCNC(=O)C(F)(F)F)OCCCCC(=O)C(F)(F)F)c1,0,4
Cc1oc2ccc(-c3cc(-c4ccccc4)nn3-c3ccc(Cl)cc3)cc2c1C,0,4
CCCCCCCCCCCCCCCC(=O)Nc1ccc(N(C)C)cc1C(C)=O,0,4
CCCCCCCNC(=O)c1cc2ccc(N(C)C)cc2oc1=O,0,4
O=c1c2ccccc2[nH]c2ccc([N+](=O)[O-])cc12,0,4
O=[N+]([O-])c1ccoc1,0,4
C1=Cc2ccc3c(c2=C1)=CC=C3,0,4
CCCCCCCCCCCCCC,0,4
CC(=O)c1ccoc1,0,4
CCC(=O)c1cc(F)c(F)cc1F,0,4
CCCCCCCCCCCCCCCC#N,0,4
CCc1coc2cc(O)c(O)cc2c1=O,0,4
C#Cc1nnn(-c2ccc(N(c3ccccc3)c3ccccc3)cc2)n1,0,4
CCC1(C)CCc2c(cc(OC)cc2-c2c(C)no[n+]2[O-])C1,0,4
c1ccc2occc2c1,0,4
CCCCCCCCCC,0,4
COCCOCCOCC(COCCOCCNC(C)=O)OC,0,4
CCCCCCCCC1(CCCCCCC)c2ccccc2-c2ccc(C#Cc3ccc4c(c3)C(CCC)(CCCCCCC)c3cc(C=O)ccc3-4)cc21,0,4
CCCCn1c2ccccc2c2cc(C#Cc3cc(C#Cc4ccc5c(c4)c4ccccc4n5CC(C)C)nc(C#N)n3)ccc21,0,4
CC(=O)c1ccc(N(C)C)cc1,0,4
C#Cc1cc(C#Cc2ccc(Cl)cc2)nc(C#Cc2ccc(Cl)cc2)n1,0,4
O=C1C2=CC=CC2=Nc2cc(-n3c4ccccc4c4ccccc43)ccc21,0,4
O=c1cc2ccccn2c2ccccc12,0,4
Cc1cccc([N+](=O)[O-])c1,0,4
CCC(=O)c1ccc2c(c1)c(=O)c1ccccc1n2C,0,4
CO,0,4
CC(=O)c1ccc(F)cc1,0,4
O=c1ccoc2cc(O)ccc12,0,4
CCc1nc2c(ccc3c4cc5ccccc5cc4c4ccccc4c32)o1,0,4
CCCCCCCCCCC,0,4
CSC[n+]1ccc(C)cc1,0,4
CC(=O)c1ccc(Br)cc1,0,4
COc1ccc(C=O)cc1OC,0,4
CCCCC[NH+]1CCC1,0,4
CC1=C(C)C[C@H](CCC(=O)[O-])[CH]C1,0,4
Cc1coc2cc(O)ccc2c1=O,0,4
CCCCCCCCCSC,0,4
CCCCCCCCCCCCCCC(=O)Nc1ccc(N)cc1,0,4
CCCCCCCCC(=O)c1ccc(S(=O)(=O)O)cc1,0,4
CC(=O)O,0,4
Nc1nc(Nc2cccc3ccccc23)nc(Nc2cccc3ccccc23)n1,0,4
CCc1coc2cc(O)ccc2c1=O,0,4
CC(C)(C)[Si](C)(C)OC[C@@]12O[C@@H](C[C@@H]1O[Si](C)(C)C(C)(C)C)[C@H]2O,0,4
CCCCN(C)c1ccc(C=O)cc1,0,4
CCC1(C)CCn2c(nc3ccccc3c2=O)-c2cc(O)ccc21,0,4
CCCCCCCCCCCCc1ccc(O)c(O)c1,0,4
CCCCCC/C=C/CCCCCC(=O)O,0,4
CCCc1cc2ccccc2c2ccccc12,0,4
COc1cc(OC)c(-c2ccc(I)cc2)cc1C=O,0,4
O=[N+]([O-])c1ccc(O)c(O)c1,0,4
Cc1coc2cc(O)c(C=O)cc2c1=O,0,4
CN(C)c1ccc(-c2ccc3occc3c2)cc1,0,4
O=C1C(O)Nc2ccc(C(F)(F)F)n21,0,4
Nc1ccn([C@H]2C[C@H](O)[C@@H](CO)O2)c(=O)n1,0,4
CC1CCCC1=O,0,4
CCCCCCCCCCCO,0,4
O=C(Cn1c2ccccc2c(=O)c2ccccc21)NC[C@H]1C[CH]N(Cc2ccccc2)C1,0,4
O=Cc1ccc(I)cc1,0,4
CCCCCCCCCn1c2ccccc2c(=O)c2cc(Cl)ccc21,0,4
CCCCCCCCCCCCOc1cc(C=O)cc(OCCCCCCCCCCC)c1,0,4
CCCCCCCCCCCCSCCCCCCCCCCCC,0,4
CCCCn1c2ccc(-c3cc(F)cc(F)c3)cc2c2cc(-c3cc(F)cc(F)c3)ccc21,0,4
CCc1coc2cc(O)ccc12,0,4
CCCCCn1c2ccc([N+](=O)[O-])cc2c(=O)c2cc([N+](=O)[O-])ccc21,0,4
CCCCCCCCCOc1ccc2cc(N(C)C)ccc2c1,0,4
CN1CCN(Cc2cccc3ccccc23)CC1,0,4
CC(N)=O,0,4
O=[N+]([O-])c1ccc(O)cc1,0,4
CC(=O)Nc1ccc(Cl)cc1Cl,0,4
O=c1cc(C2CC[NH+]2)c2ccc(N3CC4CCC3CC4)cc2o1,0,4
Cc1coc2cc(N(C)C)ccc2c1=O,0,4
Nc1ccc2cc(S(=O)(=O)O)ccc2c1,0,4
CCCN(C)C,0,4
COc1ccc(C=O)cc1F,0,4
Cc1cc2occc(=O)c2cc1O,0,4
OC1=CC2=CC=CC2=C1,0,4
CCCCCCCCCSCCCCC,0,4
CC1CC(=O)c2ccc(F)cc2N1,0,4
CC1CCc2c1cc(C(F)(F)F)cc2C(F)(F)F,0,4
CCCCCCCCCCC(=O)OC,0,4
CC1c2ccc(C(F)(F)F)cc2-c2cc(C(F)(F)F)ccc21,0,4
CCCCCCCCCCCCCSCCCCCCCCC,0,4
CCCCCCCCCCSCCCCCCC,0,4
CCCCO,0,4
CCCCCCCC(=O)NCc1ccc(CN2C(=O)c3ccccc3C2=O)cc1,0,4
CCc1coc2cc(O)c(O)cc12,0,4
CCCCCCCCCCSCCCCCC(=O)OC,0,4
CC1(C)CCc2cc(NC(=O)Cn3c4ccccc4c(=O)c4ccccc43)ccc21,0,4
CCCCCC1(CCC)c2ccccc2-c2ccc(-n3c4ccccc4c4ccccc43)cc21,0,4
C#N,0,4
CN1Cc2oc3cc(O)c(F)cc3c(=O)c2C1,0,4
CCCCCCCCCCCCCOC1=CC=c2c1ccc1c3c(ccc21)C=CC=3,0,4
CCCCCOc1cc(OCCCC)c(C=O)cc1C=O,0,4
CCCCCCCCCCCCCC(=O)c1ccc(F)cc1,0,4
CCCCCCCOc1cc(OCCCCC)c(C=O)cc1C=O,0,4
CCOC(=O)CCCCN1c2ccc(F)cc2CCC1C,0,4
COC(=O)c1ccc(O)cc1,0,4
CCCCCCCCCCOc1cc(OCCCCCCC)c(C=O)cc1C=O,0,4
CCCCCC(=O)c1nc2ccccc2[nH]1,0,4
CCCCCCCCCCCCCSCCCCCCCCCCC,0,4
Cc1cc(N2c3ccccc3Sc3cc(N(c4ccccc4)c4ccccc4)ccc32)ccc1C#N,1,0
Clc1ccc2cc3ccccc3cc2c1,1,0
Cc1cc(C)cc(-n2c3ccccc3c3ccc4c5ccccc5n(-c5cc(C)cc(C)c5)c4c32)c1,1,0
Cc1cc(-n2c3ccccc3c3cc4ccccc4cc32)c2ccccc2c1,1,0
CCCc1c(C)c2n(c1C)[B-](F)(F)[N+]1=C(C)C(C)=C(C)C1=C2c1ccc2c3ccccc3n(-c3ccccc3)c2c1,1,0
BC1CC(O)C(COP(=O)([O-])OP(=O)([O-])OC)O1,1,0
CC1=N/C(=C\c2c3ccccc3cc3ccccc23)C(=O)O1,1,0
COCCC1=CC2=NC1=CC=c1[nH]c(cc1CCOC)=C1C=C(C)C(=N1)c1[nH]c2cc1CCOC,1,0
Cc1cc2ccccc2c2cc3ccccc3cc12,1,0
N#Cc1cccc(N(c2ccccc2)c2ccccc2)c1,1,0
BC1OC(COP(=O)([O-])OP(=O)([O-])[O-])C(O)C1O,1,0
CC1=N/C(=C\c2ccc(N3CCOCC3)cc2)C(=O)N1,1,0
CC1(C)CC=C(/C=C/C(N)=C/C=C2C=Nc3ccccc3C2(C)C)C1,1,0
CN(C)c1ccc(C#Cc2cc(C#N)c3ccc4c(C#Cc5ccc(N(C)C)cc5)cc(C#Cc5ccc(N(C)C)cc5)c5ccc2c3c45)cc1,1,0
Cc1cc(N2c3ccccc3Oc3cc(N(c4ccccc4)c4ccccc4)ccc32)ccc1C#N,1,0
CC1=P(c2ccccc2)(c2ccccc2)C(c2ccccc2)=CC(=Cc2ccccc2)C1,1,0
CC1=Cc2ccc3ccccc3[n+]2[B-](F)(F)N1c1cccc2ccccc12,1,0
BC1CC(O)C(COP(=O)([O-])OP(=O)([O-])O)O1,1,0
C[Si](C)C#Cc1c2ccccc2c(C#C[Si](C)(C)C)c2cc3ccccc3cc12,1,0
Cc1ccc2cc3ccccc3cc2c1,1,0
Cc1cnc2oc3cc(-n4c5ccc(N(c6ccccc6)c6ccccc6)cc5c5cccnc54)cnc3c2c1,1,0
CCOc1cc(/C=C2/C(=N)N3N=CSC3=NC2=O)cc(OC)c1OC,1,0
S=[PH]1c2cc(N3c4ccccc4Oc4ccccc43)ccc2-c2ccc(N3c4ccccc4Oc4ccccc43)cc21,1,0
O=[N+]([O-])c1ccc(OP(=O)([O-])[O-])cc1,1,0
Cc1cc(C)cc(-c2ccc3c(c2)c2cc(C)ccc2n3-c2cc(C)cc3ccccc23)c1,1,0
O=S(=O)(c1ccccc1)c1ccc(-c2cccc(-n3c4ccccc4c4cc(N(c5ccccc5)c5ccccc5)ccc43)c2)cc1,1,0
CC1=Cc2cc3ccccc3n2[B-](F)(F)[N+]1=C1C=NC=N1,1,0
CSc1cc2ccc3cccc4ccc(c1)c2c34,1,0
CSc1ccc2[nH]c3ccccc3c2c1,1,0
CC1=N/C(=C/c2c3ccccc3cc3ccccc23)C(=O)N1,1,0
CCc1ccc2cc3cc(C)ccc3cc2c1,1,0
CCCC1=Cc2nc1ccc1[nH]c(cc1CCC)c1nc(ccc3[nH]c2cc3CCC)C(C)=C1,1,0
Nc1ccc([N+](=O)[O-])cc1[N+](=O)[O-],1,0
CCC1=C/C(=C2\C=CC(C)=N2)C1=O,1,0
COc1ccc(-n2c(-c3ccc4n3[B-](F)(F)[N+]3=C(C)C(C)=C(C)C3=C4C)nc3c4ccccc4c4ccccc4c32)cc1,1,0
CCCC1=Cc2nc1cc(NC(C)=O)c1nc(ccc3[nH]c2cc3CCC)C(C)=C1,1,0
COc1cccc(C2C([Te])=N[O+]=C2C#N)c1,1,0
COCCC1=Cc2nc1ccc1[nH]c(cc1CCOC)c1nc(ccc3[nH]c2cc3CCOC)C(C)=C1,1,0
CCCCCC1(C)c2cc(C=Cc3ccc(C#N)cc3)ccc2-c2ccc(C=Cc3ccc(C#N)cc3)cc21,1,0
CN(C)c1ccc(C2=CC(=O)C=CC2=O)cc1,1,0
CSc1cc(C(F)(F)F)c(N2c3ccccc3Oc3cc(-n4c5ccccc5c5ccccc54)ccc32)c(C(F)(F)F)c1,1,0
CC1=Cc2cc3cc4ccccc4cc3cc2NB1c1ccccc1,1,0
Cc1cc2c([nH]1)[nH]c1ccccc12,1,0
CCCc1cc2[nH]c1ccc1nc(c3cc(CCC)c(ccc4nc2C=C4)[nH]3)C=C1C,1,0
CSc1ccc(N(C)c2ccccc2)cc1,1,0
CC1=CC(=[N+]2C(C)=Cc3c(C)cc(C)n3[B-]2(F)F)c2ccccc21,1,0
Cc1cc(-c2c(C#N)c(-c3c(C#N)cccc3C#N)c(C#N)c(-c3c(C#N)cccc3C#N)c2C#N)c2oc(=O)ccc2c1,1,0
CN1N=CC(=N)C1=O,1,0
Cc1ccc2oc3ncc(N4c5ccccc5N(c5ccccc5)c5ccccc54)cc3c2c1,1,0
c1ccc(N(c2ccccc2)c2ccc3c(c2)Sc2ccccc2N3C2CCCC2)cc1,1,0
Cc1cc2ccc1[nH]2,1,0
CCCC1=Cc2nc1ccc1[nH]c(cc1CCC)c1nc(ccc3[nH]c2c(-c2cccc(OC)c2)c3-c2cccc(OC)c2)C(C)=C1,1,0
CCCc1c2n(c3cc4ccccc4cc13)C(=O)C(C)=C2,1,0
O=S(=O)(c1ccccc1)c1ccc(N2c3ccccc3N(c3ccccc3)c3ccccc32)cc1,1,0
O=S(=O)([O-])c1ccc2c(O)cccc2c1,1,0
Cc1cc(C)cc(C(=O)c2cc(C)cc(N3c4ccccc4Sc4ccccc43)c2)c1,1,0
CC1=CC(=C(c2ccc(O)c(C(=O)[O-])c2)c2ccccc2S(=O)(=O)[O-])C=C(C)C1=O,1,0
CCc1c(C)c2n(c1C)[B-](F)(F)[N+]1=C(C)C(C)=C(C)C1=C2c1ccccc1,1,0
CC1=c2c(cc3cccc4ccc(N5CCCC5)c2c43)C=C1,1,0
Cc1cc(C)c2c(c1)c1cc(C)cc(C)c1n2-c1ccc(N2c3ccccc3Oc3ccccc32)cc1,1,0
CC1=C2C=CC=[N+]2[B-](F)(F)n2c(C)ccc21,1,0
Cc1cc(C)c(C)c(N2c3ccccc3Nc3ccccc32)c1C,1,0
N#Cc1cc(C#Cc2ccccc2)c2ccc3c(C#Cc4ccccc4)cc(C#Cc4ccccc4)c4ccc1c2c43,1,0
CC1(C)CC(=O)C2=C(C1)NC1=C(C(=O)CC(C)(C)C1)C2c1ccc(C#N)cc1,1,1
CC(C)(C)C1=Cc2ccc3c4c(ccc1c24)C=C3,1,1
CCCCCC1(CCC)c2cc(N3c4ccccc4Sc4ccccc43)ccc2-c2ccc(N3c4ccccc4Sc4ccccc43)cc21,1,1
Cc1cc(N(C)c2ccccc2)ccc1-c1nc2ccccc2c2ccccc12,1,1
CCCCCCCCCCN1c2ccccc2Sc2cc(/C=C(\C#N)C(=O)O)ccc21,1,1
Cc1c(Cl)cccc1N1C(=O)C(=O)NC1=S,1,1
COc1ccc(C2=NN(CN3C(=O)C(=O)c4ccccc43)C(=O)C2)cc1,1,1
CCc1ccc2c(c1)C(C)(C)C(=O)N2C1CCCCC1,1,1
O=c1cc(O)c(=O)c1=O,1,1
COc1cccc(N2C(=O)C(=O)NC2=S)c1,1,1
CC1=Cc2cc(C(=O)c3ccccc3)c3c4c(ccc1c24)C=C3,1,1
CC1=CC(C)=C2C=CC=C12,1,1
O=C1NC(=O)N(c2ccccc2)C1=O,1,1
CCCCCCCCCN1c2ccc(/C=C(\C#N)C(=O)O)cc2C2CCCC21,1,1
CCc1c(C)c2n(c1C)[B-](F)(F)[N+]1=C(C)C(C)=C(C)C1=C2c1c2ccccc2cc2ccccc12,1,1
Cc1cc(Cc2ccc3c(c2)c2cc(C)ccc2n3C)cc(C(=O)c2ccccc2)c1,1,1
O=c1c([O-])c(-c2ccc(N3CCCCC3)cc2)c1=O,1,1
CC1(C)CCc2cc3c(cc21)c1ccccc1n3-c1ccccc1,1,1
Cc1cc2ccccc2c2[n+]1[B-](c1ccccc1)(c1ccccc1)Oc1ccc3ccccc3c1-2,1,1
N#Cc1ccc2c(c1)C(C1=C3C=CC=C3C=C1)(c1cc3ccccc3c3ccccc13)c1cc(C#N)ccc1-2,1,1
O=C1Cc2cc(N3CCOCC3)ccc2N1,1,1
O[C@H]1[CH]CN(C2=[N+]3C(=C(c4ccc(OCc5ccccc5)cc4)c4ccc(N5CCCCC5)n4[B-]3(F)F)C=C2)C1,1,1
Cc1cc(-n2c3ccccc3c3cc(C)ccc32)c2ccccc2c1,1,1
O=C1C=[O+][B-](F)(F)O1,1,1
O=S(=O)(c1ccc(N2c3ccccc3Oc3ccccc32)cc1)c1ccc(N2c3ccccc3Oc3ccccc32)cc1,1,1
N#Cc1cc(C#N)c2ccc3c(-c4ccccc4)cc(C#N)c4ccc1c2c43,1,1
CCC1=Cc2ccc3c4c(ccc1c24)C(C)=C3,1,1
CCCCCCCn1cccc1/C=N\c1cc(Cl)cc(Cl)c1,1,1
N#Cc1cn(-c2ccccc2)nc1-c1ccc([N+](=O)[O-])cc1,1,1
O=S=O,1,1
C1=Cc2cc(N3c4ccccc4Oc4ccccc43)c3c4c(ccc1c24)C=C3,1,1
C[CH]CC[C@@H](C)CCCc1ccoc1,1,1
Cc1cc2c3c(cccc3c1)C=C2,1,1
O=S(=O)(c1ccccc1)c1ccc2c(c1)c1cc(S(=O)(=O)c3ccccc3)ccc1n2-c1cc2cccnc2c2ncccc12,1,1
O=c1c([O-])c1-c1ccc(N2CCOCC2)cc1,1,1
CCCCCCCCC(=O)c1cc(F)c(O)c(F)c1,1,1
CC1=Cc2cc(C#N)c3c4c(ccc1c24)C=C3,1,1
Cc1cc(C)c2c(C)cc(C)c3c2c1C=C3,1,1
CCCCCCCCN1C(=O)c2ccccc2C1=O,1,1
[C+]CCCCCCCCCCCCCCC[n+]1ccc(/C=C/c2ccc(C(=O)C(F)(F)F)cc2)cc1,1,1
COc1ccc2nc3ccc(S)cc3c(NC(=O)C=Cc3ccccc3)c2c1,1,1
O=S(=O)(c1ccccc1)c1ccc(-c2cc(-n3c4ccccc4c4ccccc43)cc(-n3c4ccccc4c4ccccc43)c2)cc1,1,1
CC(=O)N1C(=O)C(=O)c2ccccc21,1,1
CCCCCOc1cc2ccc3c(-c4ccncc4)cc(-c4ccncc4)c4ccc(c1)c2c34,1,1
COc1cc(OCCOc2ccc(-n3c(-c4ccccc4)nnc3-[c-]3cccc3)cc2)cc(-c2cccc(C(=O)[O-])c2)c1,1,1
N#Cc1ccc2ccc3cccc4ccc1c2c34,1,1
Cc1cc2c3cc(C#N)c(C#N)cc3n(-c3ccccc3)c2cc1C#N,1,1
CSc1cc(C)cc2ccccc12,1,1
CCCCCCCCN1c2ccccc2C(C)(C)c2cc(N3c4ccccc4C(C)(C)c4ccccc43)ccc21,1,1
CCCCCCCCCN1c2ccccc2C12C=Nc1c(cc3ccc4cccc5ccc1c3c45)O2,1,2
CCC1=Cc2ccc3c4c(ccc1c24)C=C3,1,2
CCCCOc1ccc2ccc3cccc4ccc1c2c34,1,2
CC1=CC(Cc2ccc3c(c2)c2cc(C)ccc2n3C)=CC1(c1ccccc1)c1cc(C)cc(C)c1,1,2
CC1=Cc2ccc3c4c(cc(N(C)C)c1c24)C=C3,1,2
CCCCCCCCCN1C(=O)c2cccc3cc(N=Cc4ccc(N5CCOCC5)cc4)cc(c23)C1=O,1,2
CC(=O)N/N=C/c1c2ccccc2cc2ccccc12,1,2
CCCCCCCCCN1c2ccc(C#N)cc2Sc2cc(C=O)ccc21,1,2
N#Cc1nc2ccccc2nc1-c1cn(-c2ccccc2)c2ccccc12,1,2
CCCCCOc1cc(OCCC)ccc1-n1cc(-c2ccc(C=C(C#N)C(=O)O)cc2)nn1,1,2
CCCCCCCCCN1c2ccccc2Sc2cc(/C=C(\C#N)C(=O)O)ccc21,1,2
CCCCCCCCCCCCCCCOc1ccccc1N1c2ccccc2Sc2cc(/C=C(\C#N)C(=O)O)ccc21,1,2
BrC1=Cc2ccc3c4c(ccc1c24)C=C3,1,2
CCc1cc2c3c(ccc4c3c1C(C)=C4)C=C2,1,2
CCCCCCCN1C(=O)c2cccc3c(-c4ccc(OC)cc4)ccc(c23)C1=O,1,2
CCCc1cc2ccc3cc(C)cc4cc1-c2c34,1,2
CCCCCCCCCN1c2ccc(Br)cc2C(C)(C)c2cc(Br)ccc21,1,2
Cc1ccc2c(c1)c1cc(-c3ccccc3)ccc1n2-c1cccc(S(=O)(=O)c2ccccc2)c1,1,2
BrC1=Cc2ccc3c4c(ccc1c24)C(Br)=C3,1,2
C1=Cc2ccc3c4c(ccc1c24)C=C3c1ncccn1,1,2
CCCCCCCCN1c2ccccc2Sc2cc(/C=C(\C#N)C(=O)O)ccc21,1,2
CCCCCCCN1c2cc(N(C)C)ccc2C(C)(C)C12C=Nc1c(ccc3cc4ccccc4cc13)O2,1,2
Cc1ccc2ccc3c(C)cc(C)c4ccc1c2c34,1,2
CCCc1cc(CCC)c2ccc3c(C(=O)c4ccccc4)cc(C)c4ccc1c2c43,1,2
N#Cc1ccc(-c2ccc(N3CCCC3)cc2)c2c1-c1ccccc1C2=O,1,2
CCCCCCCN1c2ccccc2Sc2cc(/C=C(\C#N)C(=O)O)ccc21,1,2
CCCCCCCCCN1c2ccccc2C(C)(C)c2cc(C#N)ccc21,1,2
CCCCCCCCCCCN1c2ccccc2Sc2cc(Br)ccc21,1,2
N#Cc1ccc2ccc3ccc(c1)c23,1,2
CCCC1(C)c2cc(-n3c4ccccc4c4ccccc43)ccc2-c2ccc(-n3c4ccccc4c4ccccc43)cc21,1,2
C1=NC(c2cn(-c3ccccc3)nc2-c2ccccc2)=C1,1,2
CCCCCCCCCCBr,1,2
O=S(=O)(c1ccccc1)c1ccc(-n2c3ccccc3c3cc(-n4c5ccccc5c5ccccc54)cnc32)cc1,1,2
OC[C@H]1O[CH][C@@H](NC(=S)Nc2ccc3cc4ccccc4cc3c2)[C@H](O)[C@H]1O,1,2
O=c1ccn([C@H]2O[CH][C@H](O)[C@H]2O)c(=O)[nH]1,1,2
CCCCCCCCCCCCCOc1cc2cc(/C=C(\C#N)c3ccc([N+](=O)[O-])cc3)c(=O)oc2cc1OCCCCCCCCCCCC,1,2
O=C(F)c1ccc(N(c2ccccc2)c2ccccc2)cc1,1,2
CC1(C)c2ccccc2N(c2ccc(-n3nc(C#N)c(-c4ccccc4)n3)cc2)c2ccccc21,1,2
CCCC1=Cc2ccc3c4c(ccc1c24)C(C)=C3,1,2
COc1ccnc(OC)n1,1,2
CCc1cc(C)c2ccc3c(CC)cc(CC)c4ccc1c2c34,1,2
CCC1=C2C=CC=C2C(C)=C1,1,2
CCCCCCCN1c2ccc(-c3ccc(C=C(C#N)C(=O)O)cc3)cc2C2CCCC21,1,2
CCCCCCCCCN1C(=O)c2cccc3c(-c4cc(OC)c(OC)c(OC)c4)ccc(c23)C1=O,1,2
CN(C)c1ccc(/C=N/NC(=O)Cn2c3ccccc3c(=O)c3ccccc32)cc1[N+](=O)[O-],1,2
Cc1cc(C)c2ccc3c(C)cc(C)c4ccc1c2c43,1,2
CCCCCCCCCN1C(=O)c2cccc3c(-c4ccc(N(c5ccccc5)c5ccccc5)cc4)ccc(c23)C1=O,1,2
CCc1cc(C)c2cccc3c2c1C=C3,1,2
CC1=Cc2ccc3c4c(cc(N(c5ccccc5)c5ccccc5)c1c24)C=C3,1,2
Cc1cc2cccc3ccc4cccc1c4c32,1,2
CC(C)(C)C1=CC2=CC=CC2=C1,1,2
Cc1cc(-c2cc(-c3ccccc3)nc(-c3ccccc3)n2)cc(C2c3ccccc3Oc3ccccc32)c1,1,2
c1ccc2c(c1)Sc1ccccc1N2C1CCCC1,1,2
Cn1c2ccccc2c2ccc(-c3c(C(F)(F)F)cc(C(F)(F)F)cc3C(F)(F)F)cc21,1,2
CCC1(C)c2cc(C#Cc3cccc(C=C(C#N)C#N)c3)ccc2-c2ccc(C#Cc3cccc(C=C(C#N)C#N)c3)cc21,1,2
CCCCCCCCC(=O)c1cc2cc3c(cc2oc1=O)N(CC)CCN3CC,1,2
N#Cc1cc2ccc3cc(C#N)cc4ccc(c1)c2c34,1,2
CCCCCCCCCN1c2ccccc2Sc2cc(F)ccc21,1,2
N#CC1=Cc2ccc3c4c(ccc1c24)C(C#N)=C3,1,2
N#Cc1ccc2cccc3c2c1C=C3,1,2
CCCCCCCCCCCOc1ccc2ccc3cccc4ccc1c2c34,1,3
CC(=O)Nc1ccc2ccccc2c1,1,3
Cc1cc2ccc3cccc4c(C(C)(C)C)cc(c1)c2c34,1,3
CCCCCCCCCCCCc1cc2c3sc(CCCCCCCCC)cc3c3sc(CCCCCCCCCC)cc3c2s1,1,3
CCCCCc1cc2ccc3ccc4cc(C)sc4c3c2s1,1,3
Nc1cnc2ccccc2c1,1,3
CCCCCCCCCCCCN1c2ccccc2Sc2ccc(C#Cc3ccc(F)c(F)c3)cc21,1,3
CCc1ccc2ccc3cccc4ccc1c2c34,1,3
COc1c(-c2ccc(C=O)cc2)cc2ccc3c(OC)cc(OC)c4ccc1c2c34,1,3
c1ccc2c(c1)sc1nccc(C3CCCC3)c12,1,3
CCCCOC(=O)c1ccc2ccc3cccc4ccc1c2c34,1,3
COc1cc(-c2cc(-c3ccccc3)c3ccccc3c2)c2ccccc2c1,1,3
CCCC1(C)CCc2cc3ccc(N(C)C)cc3cc21,1,3
CCCCCCCn1ncc2c3nc4ccc(N5CCCC5)cc4nc3ccc21,1,3
CCCCCCCCCCC[n+]1ccccc1,1,3
CCCCCCCCCCCOc1cc2cc(-c3ccc([N+](=O)[O-])cc3)oc2cc1OCCCCCCC,1,3
Cc1cc(-n2ccc(=O)c3ccccc32)cc(C)c1S(=O)(=O)c1ccccc1,1,3
CCCCCCCCCCCCCCCOc1cc2c(OCCCCCCCCCCCCCC)ccc3ccc4c-3c2c(c1)c1cc(OCCCCCCCCCCCCCC)ccc41,1,3
Cc1cc2ccc3ccc4cc(c1)c2c3-4,1,3
CCOc1ccc2c(c1)c1cc(OC)ccc1n2-c1ccccc1,1,3
O=C1C=C2C=CC=C2O1,1,3
O=S1(=O)c2cc(N3c4ccccc4Sc4ccccc43)ccc2-c2ccc(N3c4ccccc4Sc4ccccc43)cc21,1,3
Nc1ccc2ccccc2c1,1,3
CC1=CC=c2c1ccc1ccc3c(c21)C=CC=3,1,3
CCCCCCC(=O)c1ccc2ccc3cccc4ccc1c2c34,1,3
CCCCCCCC(=O)c1cc(F)c(N2CCCC2)cc1F,1,3
Cc1cc(-c2cc(C#N)c(C#N)cc2-c2cc(C)c(-n3cccn3)c(C)c2)cc(C)c1-n1cccn1,1,3
CCCCCCCCCSc1cc(Cl)c(Cl)cc1/C=N/NC(=O)Cn1c2ccccc2c(=O)c2ccccc21,1,3
Cn1c(=O)sc2ccccc21,1,3
N#Cc1cn([C@H]2O[C@H](CO)[C@H](O)[C@@H]2O)c(N/N=C2\C(=O)c3cc(Br)ccc3N2Cc2ccccc2)n1,1,3
COc1ccc2cc(C#Cc3ccc([N+](=O)[O-])cc3)c(OC)cc2c1,1,3
O=S(=O)(c1ccccc1)c1ccc(-n2c3ccccc3c3ccccc32)cc1,1,3
CC(=O)Nc1ccc(-c2nc3ccccc3s2)cc1,1,3
CCCCCCCCCn1c2ccc(-c3ccc(Cl)cc3)cc2c(=O)c2cc(-c3ccc(Cl)cc3)c3ccccc3c21,1,3
CCCCCCCCCCN1c2ccccc2Sc2cc(Cl)c3ccccc3c21,1,3
CCCCCCCN1c2cccc3cc(/C=C(\C#N)C(=O)O)cc(c23)C1(C)C,1,3
c1ccc(-c2nc3ccc(C4CCCC4)cc3s2)cc1,1,3
C1=CC2=C(c3ccc(-c4nnc(-c5ccc(-c6c7ccccc7cc7ccccc67)cc5)o4)cc3)C=CC2=C1,1,3
CCCCCCCCCCCCCN1/C(=C/C2C(=O)C(=O)C2[O-])C(C)(C)c2cc(Br)ccc21,1,3
Cc1ccc2ccc3cccc4ccc1c2c34,1,3
CCCCCCCCCCCCCCCCCOS(=O)(=O)OC,1,3
Fc1cc2c3cccc-3csc2c(F)c1N1c2ccccc2Sc2ccccc21,1,3
COc1cc2oc3c4ccccc4c4ccccc4c3c2cc1F,1,3
CCCCCCCCCCN1c2ccccc2Sc2cc(/C=N/Nc3ccccn3)ccc21,1,3
CCCCOc1cc2cc(OC)c(C#Cc3ccc([N+](=O)[O-])cc3)cc2cc1C#Cc1ccc([N+](=O)[O-])cc1,1,3
CCCC1=Cc2ccc3c4c(c(CCC)cc1c24)C(C)=C3,1,3
N#CC1=CC(=O)CC1,1,3
CCCOc1cc2ccc3cc(-c4ccc(F)cc4)cc4ccc(c1)c2c34,1,3
C1=CC2=C(c3cccs3)C=CC2=C1,1,3
NCc1cn(-c2ccccc2)nc1-c1ccccc1,1,3
C1=CC2=C(c3cccc4ccccc34)C=CC2=C1,1,3
CC1c2cc(C(F)(F)F)ccc2-c2ccc(C(F)(F)F)cc21,1,3
Cc1cc2ccccc2c2c1C(C)(C)c1c-2ccc2ccccc12,1,3
CCCCCCCCC(=O)Cn1c2ccccc2c(=O)c2ccccc21,1,3
CC(=O)NCc1ccc2ccc3cccc4ccc1c2c34,1,3
CN1C(=O)c2ccc3c4c(ccc1c24)C=C3,1,3
C[Si](C)(C)c1c2ccccc2cc2ccccc12,1,3
O=S(=O)(c1ccc(N2c3ccccc3Sc3ccccc32)cc1)c1ccc(N2c3ccccc3Sc3ccccc32)cc1,1,3
O=[N+]([O-])c1ccc(Cl)c([N+](=O)[O-])c1,1,3
CCc1cc2ccc3cc(C)cc4ccc(c1)c2c34,1,3
CC(=O)NCCN1Cc2cccc3cccc(c23)C1=O,1,3
[CH]CCCCCCCCCCCCCCc1cc2oc(=O)cc(COS(=O)(=O)O)c2cc1O,1,3
CCCC(=O)c1ccc2ccc3cccc4ccc1c2c34,1,3
C1=CC2=C(c3cc(-c4ccccc4)nc(-c4ccccc4)c3)C=CC2=C1,1,3
CCc1c2ccccc2c(N2c3ccccc3Sc3ccccc32)c2ccccc12,1,3
Cc1cc2ccc3cc(C(C)(C)C)cc4ccc(c1)c2c34,1,3
Cc1cc2ccccc2cc1C1(c2cnc3ccccc3c2)C=Cc2ccccc21,1,3
C1=CC2=C(n3cnc4cc5c(cc43)ncn5-c3cc4ccccc4c4ccccc34)C=CC2=C1,1,3
CC1=NN(c2ccccc2)C1c1ccccc1,1,3
CC1=NN(c2ccc3ccc4cccc5ccc2c3c45)C(=O)C1,1,3
FC(F)(F)c1ccc2nc3ccc4cc(N5c6ccccc6Oc6ccccc65)ccc4c3nc2c1,1,3
CCCCCCC(=O)c1ccccc1,1,3
Cc1ccc(NC(=O)CSCCCCC(=O)ON2C(=O)CCC2=O)cc1S(=O)(=O)O,1,3
C1=CC2=Cc3c(ccc4ccccc34)C2=C1,1,3
CCCCCCCCCCCS,1,4
Cn1c(N)nc2ccccc21,1,4
CN(C)c1ccc([N+](=O)[O-])cc1,1,4
CCCCCCCCCC(C)Cc1ccc(Cl)cc1,1,4
Cc1ccnc(NS(=O)(=O)c2ccc(NC=O)cc2)n1,1,4
O=C(O)[C@H](O)c1ccc2ccc3cccc4ccc1c2c34,1,4
COCCCCCO[PH](=O)OCCNC(=O)C(C)C,1,4
Cc1cc(C)cc(-c2cc(C)cc(C)c2)c1,1,4
CCCNCc1ccc2c(c1)OCO2,1,4
CCCCCCCCCCCCN1C(=CC2C(=O)C(=CC3=[N+](CCCCCCCCC)c4ccccc4C3(C)C)C2[O-])C(C)(C)c2ccc(C(=O)O)cc21,1,4
O=C1CCC(=O)N1,1,4
C=CO,1,4
O=C1CCc2cc(O)ccc21,1,4
CC(C)c1cc2c3cc(C(C)(C)C)ccc3c3nc4ccccc4nc3n2c1,1,4
C=C(C)C(=O)OC,1,4
CCCCCCCCCCCc1cc(S(=O)(=O)[O-])c2ccccc2c1O,1,4
COC(=O)c1ccccc1,1,4
COC(=O)C1=NNC1c1ccccc1,1,4
COCOC(=O)c1ccc(OCOC(C)=O)cc1,1,4
CCCCCSc1ccc(C(F)(F)F)cn1,1,4
CCCCC/C=C/CCCCCCC(=O)OC,1,4
CNC(=O)C(N)CCC(=O)O,1,4
COCCOCCOc1ccc(OCCOC)cc1C=O,1,4
CCCCCCCCCCCCC[CH2][Sn],1,4
O=CO,1,4
CC1CCc2cc(C(F)(F)F)ccc21,1,4
CCCCCCCCc1sc(-c2ncc(CCCCCC)s2)cc1CCCC,1,4
COC(=O)CN1CCCN(C(C)=O)CC1,1,4
NC(=O)c1ccc2ccccc2n1,1,4
O=[N+]([O-])c1ccc(OP(=O)(O)O)c([N+](=O)[O-])c1,1,4
COCCOCCOCCOCCNS(=O)(=O)c1ccc(C(=O)[O-])c(S(=O)(=O)O)c1,1,4
Cc1ccc2c(ccc3ccccc32)c1,1,4
NCCc1coc2cc(O)ccc12,1,4
CNC(=O)C(C)OC(=O)Cn1c2ccccc2c(=O)c2ccccc21,1,4
NC(N)=O,1,4
CCCCCCCCCNC(=O)c1ccc(Cl)cc1,1,4
O=S(=O)(O)c1ccc(N2c3ccccc3Sc3ccccc32)cc1,1,4
NC(=O)c1ccc(Br)cc1,1,4
COCCOCCOCCOCCOCCOCCOCCOc1ccc2c(c1)C1(OCCO1)c1cc(P(=O)(OC)OCCOCCOCCOCCOCCOCCCCCCl)ccc1-2,1,4
[11CH3]F,1,4
CSc1nc(SC)nc(N(C)C)n1,1,4
COC(=O)c1ccc(N(C)C)cc1,1,4
CCCCCCCCCCc1ccc(C(=O)c2ccccc2)cc1,1,4
CCN(C)C,1,4
COC(=O)CC(=O)Nc1ccc(C(=O)/C=C/c2ccc(N(C)C)cc2)cc1,1,4
NC(=O)c1c[nH]c2ccccc12,1,4
O=C(O)CCCCCn1c2ccc(S(=O)(=O)[O-])cc2c2cc(S(=O)(=O)[O-])ccc21,1,4
O=C1CCN1,1,4
CCCCCCCCCCCN(C)C,1,4
COCN(Cc1ccccc1)C(C)=O,1,4
CC(C)(C)c1ccc([N+](=O)[O-])cc1[N+](=O)[O-],1,4
CC(C)OC(=O)CC(O)(F)C(F)(F)F,1,4
CC(N)C(=O)NCc1ccc(P(=O)(O)O)s1,1,4
C1=NN2CCCCC12,1,4
CCSc1nc(C)cc(C)n1,1,4
O=C(/C=C/c1ccc(NC(=O)c2ccccn2)cc1)c1ccc(NS(=O)(=O)c2ccc(NC(=O)c3ccccn3)cc2)cc1,1,4
COCCOCCN(CC(=O)[O-])c1ccc(C)cc1,1,4
CCNC=O,1,4
CC(=O)c1ccc2c(c1)CN(C)CC2,1,4
CCCCCCCC(C)c1ccc(O)cc1,1,4
C[C](C)(C)[Zn][CH]1C(c2ccccc2)=Nc2ccccc21,1,4
CN=C(c1ccccc1)c1ccccc1,1,4
CCn1c(N)nc2ccccc21,1,4
C1=Cc2c3c(ccc2=C1)=CC=C3,1,4
CSc1nc2c(=O)n(-c3ccccc3)c(=O)n(C)c2n1-c1ccccc1,1,4
COCCOCCOc1ccc(CC(=O)OC)cc1,1,4
CC(C)(C)OC(=O)CCC(N)C(=O)NCCOP(=O)(O)OP(=O)(O)OP(=O)(O)OC[C@H]1O[C@@H](C2CCCCC2)CC1O,1,4
COC(COCCOCCOCCOCCCCCCl)C(=O)O,1,4
C[C@H]1CC[C@]2(C)C[C@@H](O)[C@]3(C)CC[C@H]4[C@@H](C[C@H](C)[C@]4(C)C1)[C@@H]23,1,4
CCCCCCCC1(CCCCC)c2cc(C#Cc3cccc(C#N)c3)ccc2-c2ccc(C#Cc3cccc(C#N)c3)cc21,1,4
CCOC(=O)c1ccc2ncc(C(=O)OC)n2n1,1,4
COCN1C(=O)c2ccccc2C1=O,1,4
COC(COCCOCCNS(=O)(=O)c1ccc2c(c1)OCCO2)OCCOCCNC(=O)c1ccc2c(S(=O)(=O)O)cccc2n1,1,4
O=S(=O)([O-])c1ccc(S(=O)(=O)[O-])cc1,1,4
Cn1c(N)nc2nccnc21,1,4
CCCCCCCCCCCCCCCC(=O)SSC(=O)CCCCCCCCCCCCC,1,4
CC1=Nc2cc(S(=O)(=O)O)ccc2C1(C)C,1,4
COC(=O)C1=C(C)NC(=O)N[C@H]1c1ccccc1I,1,4
NC=O,1,4
COC(=O)c1ccc2c(c1)Oc1ccccc1S2(=O)=O,1,4
[11CH3]OS(=O)(=O)c1ccccc1,1,4
CCCCCCCCCCNC(=O)c1ccc(C(=O)NCCCCCCC)c2c3ccccc3c3ccccc3c12,1,4
CCCCCCCCCC(=O)OC,1,4
CCN(C)c1ccc2c(=O)c3ccc(N(CC)CC)cc3oc2c1,1,4
c1c2c(cc3c1CCC3)CCC2,1,4
CN(C(=O)Cn1c2ccccc2c(=O)c2ccccc21)c1ccccc1,1,4
CCCCCCCCCCCCn1c2ccccc2c2cc3c4ccccc4n(CCCCCCCCCCCC)c3cc21,1,4
C#Cc1nc2ccccc2n1-c1ccccc1,1,4
COc1ccc(S(=O)(=O)c2ccc(OC)cc2)cc1,1,4
C1CCCCCC1,1,4
CNC(=O)c1ccncc1,1,4
O=c1c(O)coc2ccc(O)cc12,1,4
c1ccc2c(c1)ccc1ccccc12,1,4
COC1=CC=C2C=CC=C21,1,4
CCCCCCCCCNc1cc(Cl)c2ccccc2n1,1,4
Nc1nc2cc(F)c(F)cc2[nH]1,1,4
NC(=O)c1ccc2ccccc2c1,1,4
CC(C)C(=O)N[C@H](COc1ccc2ccccc2c1)CN(CCO)S(C)(=O)=O,1,4
CSc1ccc2c(c1)c1ccccc1n2-c1cc(C)cc(C)c1,2,0
Cc1ccc2sc3cc4c(cc3c2c1)c1cc(-c2c(C#N)cccc2C#N)ccc1n4-c1ccccc1,2,0
Cc1ccc2c(c1)c1cc(C)ccc1n2-c1cccc(C2=CC(=O)C=CC2=O)c1,2,0
N#Cc1ccc2c(C#N)c3ccc4ccc5cccc(c2c1)c5c4-3,2,0
N#Cc1c2ccc3ccccc3c2c(C#N)c2c3ccccc3c3ccccc3c12,2,0
CC1=CC(=O)C(c2ccc(N(C)C)cc2)=CC1=O,2,0
Cc1cc(C)cc(-n2c3ccccc3c3cc4ccccc4cc32)c1,2,0
CSc1ccc2c(c1)c1ccccc1n2-c1ccccc1,2,0
Cn1c2ccccc2c2cccc(C3=CC=C4C3=Nc3ccccc34)c21,2,0
CC1=[N+]2C(=C(c3ccc(N(C)C)cc3)c3c(C)cc(C)n3[B-]2(F)F)C=C1,2,0
CN1C2C=CC1CC2,2,0
CCC1=C(C)C2=C3C(C)=C(C)C(C)=C3C1=N2,2,0
C[Si](C)C(C#N)=Cc1cc(C=C(C#N)C#N)cc(N2c3ccccc3Oc3ccccc32)c1,2,0
CC1=Cc2nc1c1ccc([nH]1)c(-c1ccc(N)cc1)c1nc(c(-c3ccc(N)cc3)c3ccc([nH]3)c3ccccc23)C=C1,2,0
N#Cc1cc(N2c3ccccc3Oc3ccccc32)nc(C#N)n1,2,0
CC1=C(O)CC/C1=C\C=C1/N(CCCC(=O)O)c2ccc3ccccc3c2C1(C)C,2,0
CC1=C2c3cccn3[B-](F)(F)n3c2[n+](c2ccccc23)[B-](F)(F)[N+]2=C(C)C=C12,2,0
Cc1cc(C(=O)O)nc(C)c1C,2,0
CCC1=C(CC)/C2=C/C3=C(CC)C([N]3)/C(C)=C3/N=C(/C=C4\[N]/C(=C\C1=N2)C(CC)=C4CC)C(CC)=C3CC,2,0
C1=C2CCC(C1)C2,2,0
CC1N=C2CCC(C#Cc3ccc(/C=C(\C#N)C(=O)O)cc3)=C21,2,0
CCCc1cc2[nH]c1ccc1nc(c3cc(CCC)c(ccc4nc2C=C4C)[nH]3)C=C1C,2,0
Cc1cc(Cc2cnc3ccccc3c2)cc(N2c3ccccc3Oc3ccccc32)c1,2,0
CCCC1=Cc2nc1c(NC(=O)O)cc1[nH]c(cc1CCC)c1nc(ccc3[nH]c2cc3CCC)C(C)=C1,2,0
CC1=CC2=CC=C3C=CC=C(N3)C3=NC(=C(c4ccc(C)cc4)C1=N2)C=C3,2,0
CCCC1=Cc2nc1ccc1[nH]c(cc1CCC)c1nc(ccc3ccc2[nH]3)C(C)=C1,2,0
Cc1ccc2cc3cc4cc5cc6ccccc6cc5cc4cc3cc2c1,2,0
CC1=Cc2cc3cc4cc5ccccc5cc4cc3cc2[Si]1(C)C,2,0
Cc1cc2cc3cccc4c3c(cc3ccc5c6ccccc6c6ccccc6c5c34)c3cccc1c3-2,2,0
CC1=C(C)C2C=CC1CC2,2,0
Cc1c([O-])c(=O)/c1=N/Nc1ccc(/N=N/c2ccccc2)cc1,2,0
O=C1C=CC(=O)C(c2cccc(N(c3ccccc3)c3ccccc3)c2)=C1,2,0
Cc1ccc2c(c1)c1cc(-c3ccccc3)ccc1n2-c1cc(C(=O)c2ccccc2)cc(-c2ccccc2)c1,2,0
CC1=CC(C)=N/C1=C\C(C)C,2,0
Cc1cc(N2c3ccccc3Oc3ccccc32)cc(N2c3ccccc3Oc3ccccc32)c1,2,0
CC1=C2C=C3C(=[N+]2[B-](F)(F)n2c1c(C)c1ccccc12)C(C)c1cc2ccccc2cc13,2,0
CCc1c(C)c2n(c1C)[B-](F)(F)[N+]1=C(C)C=C(C(F)(F)F)C1=C2c1ccc2ccc3cccc4ccc1c2c34,2,0
CC1=C(C)C(C)=[N+]2C1=Cc1cc(Br)cn1[B-]2(F)F,2,0
Cc1cc(C(=O)c2ccccc2)cc(-n2c3ccccc3c3cc4ccccc4cc32)c1,2,0
CSc1cc(C(=O)c2ccccc2)cc(-n2c3ccccc3c3cc(C)ccc32)c1,2,0
CSC1=CC2C3C(=O)NN=C3C3C(=O)N1C32,2,0
Cc1cc(C)cc(-c2ccc(N(C)C)cc2)c1,2,0
O=[N+]([O-])[O-],2,0
CN(C)/C(C=N[N+](=O)[O-])=C(\C=C[N+](=O)[O-])[N+](=O)[O-],2,0
CC1=C(C)C(C)=[N+]2C1=C(c1c(C)c3c4c(c1C)CCCN4CCC3)c1c3ccccc3c(C)n1[B-]2(F)F,2,0
Cc1cc(-c2ccc(N3c4ccccc4Oc4ccccc43)cc2)c2nsnc2c1,2,0
CCc1c(C)c2n(c1C)[B-](F)(F)[N+]1=C(C)C(C)=C(C)C1=C2c1ccc(C(=O)O)cc1,2,0
FC(F)(F)F,2,0
Cc1cc(C)cc(N2c3ccccc3N(c3cc(C)cc(C(=O)c4ccccc4)c3)c3ccccc32)c1,2,0
Cc1ccc(Sc2cc3sc4cc5[nH]c6c7ccccc7c(=O)c7ccccc7c6sc5c(C)c4[nH]c3c3c(=O)c4ccccc4c(=O)c23)cc1,2,0
CC1=C([O-])C(=O)C1=C(C#N)C#N,2,0
Cc1ccc2cc3cc4ccccc4cc3cc2c1,2,0
BC1CC(O)C(COP(=O)([O-])OP(=O)([O-])[O-])O1,2,0
CCCC1=CC2=Cc3[nH]c(cc3CCC)C3=NC(=c4cc(CCC)c([nH]4)=CC1=N2)C=C3C,2,0
COc1cc(O)cc(-n2c3ccccc3c3cc4c5cc(-n6cccn6)ccc5n(-c5ccccc5)c4cc32)c1,2,0
CCCc1cc2ccc1[nH]c1ccc3nc(c4cc(CCC)c(ccc5nc(c2[nH]1)C=C5CCO)[nH]4)C=C3C,2,0
Cc1ccc2c(c1)c(C)cc1cc3ccccc3cc12,2,0
O=S(=O)(c1ccccc1)c1ccc(-n2c3ccccc3c3cc4c5ccccc5n(-c5ccccc5)c4cc32)cc1,2,0
Cc1cc2cc3ccccc3cc2c2cc3cc4cc5ccccc5cc4cc3cc12,2,0
CSc1ccc2c(c1)c1cc(-c3c(C)cccc3C)ccc1n2-c1cccc2cc3cccc(-n4c5ccc(C)cc5c5cc(C)ccc54)c3cc12,2,0
CCCC[N+]1=C(/C=C2\C(=O)C(C)=C2[O-])C(C)(C)c2cc(C(=O)O)ccc21,2,0
CC1(C)C(/C=C2/C(=O)C=C2[O-])=[N+](CCC(=O)[O-])c2ccccc21,2,0
CCCC1=Cc2nc1cc1[nH]c(cc1C)cc1[nH]c(cc1CCC)c1nc(cc2NC(=O)CCCC(=O)OC)C(CCC)=C1,2,0
CN(c1ccccc1)c1ccc(/C=C(\C#N)c2ccccc2)cc1,2,0
Cc1cc(C)cc(-n2c3ccccc3c3ccccc32)c1,2,0
CC1=N/C(=C(/c2cc(S(=O)(=O)[O-])c(O)cc2C)c2ccc3c(S(=O)(=O)[O-])cc(S(=O)(=O)[O-])c(N)c3c2Br)C=C1Br,2,0
CCCC1=C2NC3=C2C(=C1)CCCC(C)=C3,2,0
CC1=Cc2cc3cc4ccccc4cc3cc2N(C)C1,2,0
Cc1cc(C)cc(N2c3ccccc3N(c3cc(C)cc(C)c3)c3ccccc32)c1,2,0
CC1=C(C)C2CCCCC2=C1C,2,0
CCCC1=CC=c2cc(C)c([nH]2)=CC=c2[nH]c(cc2CCC)=C2C=C(CCO)C1=N2,2,0
Cc1c([O-])c(=O)c1=O,2,0
CC1=C2C(=C1)c1ccccc1C(=O)c1cc2c2cc3cc4ccccc4cc3cc2c1,2,0
Oc1cccc2c3c4c(cccc4cc12)C(Cl)=C3,2,1
Cc1cc(C)c(B(C2=C3C=CC=C3C=C2)c2c(C)cc(C)cc2C)c(C)c1,2,1
COC1OC2COB(c3ccc4ccc5cccc6c(C)cc3c4c56)OC2C1O,2,1
Cc1cc2ccccc2c2c(Br)cccc12,2,1
C1=CC2=Nc3ccc4c5ccccc5n(-c5nnc(-c6ccccc6)n5-c5ccccc5)c4c3C2=C1,2,1
Cc1ccc2c(c1)c1ccccc1n2C1=C2C=CC=C2C=C1,2,1
c1ccc2cc3cc4ccccc4cc3cc2c1,2,1
N#N,2,1
O=S(=O)(c1ccccc1)c1cccc(-n2c3ccccc3c3c2ccc2c4ccccc4n(-c4cccc(S(=O)(=O)c5ccccc5)c4)c23)c1,2,1
CC[CH]COc1cc2ccc3ccc(OCCCCC)c4ccc(c1)c2c34,2,1
[Sn][CH2]c1c[nH]c2ccccc12,2,1
N#Cc1cc(N2C=C3C=CC=C32)c(-n2c3ccccc3c3ccccc32)cc1C#N,2,1
Cc1cc(C)cc(N2c3ccccc3C(C)(C)c3cc4ccccc4cc32)c1,2,1
Cc1ccc2cc3ccc(C)cc3cc2c1,2,1
C1=CC2=C(N(c3ccccc3)c3ccccc3)C=CC2=C1,2,1
COc1cccc2c1c1c(c3cc(C)ccc3n1C)c1c2c2ccccc2n1C,2,1
C1=CC2=C(n3c4ccccc4c4cc5c(cc43)c3ccccc3n5-c3ccccc3)C=CC2=C1,2,1
COc1ccc(-c2ccc3c(c2)C(=O)C(=O)S3)cc1,2,1
Nc1ccc([N+](=O)[O-])c(N)c1,2,1
ClC1=Cc2ccc3c4c(ccc1c24)[N+](Cc1ccccc1)=C3,2,1
CCCc1ccc2cc3cc(C)ccc3cc2c1,2,1
Cc1ccc2c(c1)c1cc(C)ccc1n2-c1cccc2c(-c3ccccc3)cc(-c3ccccc3)cc12,2,1
Cc1ccc2cc3cc(C)ccc3cc2c1,2,1
Cc1ccc2c(c1)c1ccccc1n2-c1ccccc1,2,1
c1ccc(-c2cc(-c3ccccc3)nc(-c3cc(-c4cc(-c5ccccc5)cc(-c5ccccc5)n4)cc(-n4ccc5ccccc54)c3)c2)cc1,2,1
Cn1c2ccc(N)cc2c2cc3cc(N)ccc3cc21,2,1
Cc1ccc2c(c1)c1ccccc1n2-c1cccc2cc3ccccc3cc12,2,1
O=[N+]([O-])c1cc([N+](=O)[O-])c(N(CCO)CCO)cc1N(CCO)CCO,2,1
Cc1ccc(-c2cc3ccc4c5c(cccc25)cc-4c(C)c3)cc1,2,1
O=S(=O)(c1ccccc1)c1cc(N2c3ccccc3Oc3ccccc32)cc(N2c3ccccc3Oc3ccccc32)c1,2,1
O=C1OC2(O)C(=O)OC(c3ccccc3)=C2C1=O,2,1
O=C1c2ccccc2C(=O)c2ccccc21,2,1
N#Cc1cc(N2c3ccccc3Oc3ccccc32)cc(C#N)c1-n1c2ccccc2c2ccccc21,2,1
O=S(=O)(c1ccccc1)c1cc(-n2c3ccccc3c3ccccc32)cc(S(=O)(=O)c2ccccc2)c1,2,1
O=C(c1ccccc1)c1ccc(-n2c3ccccc3c3cc4cccc4c4ccc2c43)cc1,2,1
O=c1c2cccc3c4ccc5cccc(c54)c(c23)n1-c1ccccc1,2,1
CC(=O)NNc1c2ccccc2nc2ccccc12,2,1
CCCCCCCN1C(=O)c2c3ccccc3cc3cccc1c23,2,2
CCCCCCCCN1C(=O)c2ccc3cc(OC)c(-c4ccc(-c5ccccc5)cc4)cc3c2C1=O,2,2
CC1=N[n+]2c1c[nH]c2N,2,2
O=c1oc2c3ccc4cccc(c5cccc(c1=O)c52)c43,2,2
CCNc1ccc2cc3ccccc3cc2c1,2,2
N#Cc1cccc2c(-n3c4c(c5ccccc53)[C]([Er])=C3C=CC=C34)ccc(C#N)c12,2,2
Cn1c2ccc(-c3ccccc3)cc2c2cc(-c3cccc4ccccc34)ccc21,2,2
CN(Cc1ccc(N2c3ccccc3Sc3ccccc32)cc1)c1ccccc1,2,2
Cc1cc(C(=O)N/N=C\c2c3ccccc3cc3ccccc23)[nH]n1,2,2
Cc1cccc(C(=O)N/N=C/c2cc(/N=N/c3cccc(Cl)c3)ccc2O)c1,2,2
C[Si]1(C)O[Si](C)(C)c2cc3cc4cc5c(cc4cc3cc21)C(=O)c1ccccc1C5=O,2,2
Nc1nc(N/N=C/c2cc([N+](=O)[O-])ccc2O)nc(Nc2cccc3ccccc23)n1,2,2
Cc1cccc(C(=O)N/N=C/c2cc(/N=N/c3cccc(Br)c3)ccc2O)c1,2,2
CCCCCCCn1c(=O)c2cccc3cc(Oc4ccc5cccc6c5c4C=C6)c4cccc(c1=O)c4c32,2,2
C1=CC2=C(n3cnc4ccccc43)C=CC2=C1,2,2
C1=CC(n2c3ccccc3c3cc(-c4ccc(-n5c6ccccc6c6ccccc65)cc4)ccc32)=C1,2,2
Cc1ccc(-c2cc(C)c(C)nc2N2c3ccccc3Oc3ccccc32)cc1,2,2
C1=CC2=Nc3ccc(-c4ccc5c(c4)c4ccccc4n5-c4ccccc4)cc3C2=C1,2,2
c1ccc2c(c1)c1ccc(-c3ccc4[nH]c5ccncc5c4c3)cc1n2-c1ccc(-n2ccc3cnccc32)cc1,2,2
CCCCCCCCCN1c2ccccc2C(C)(C)c2c1ccc1cc(N3CCCCC3)c(C(F)(F)F)cc21,2,2
C1=CC2=C(Oc3ccc4ccc5ccccc5c4c3-c3cccc4ccccc34)C=CC2=C1,2,2
C1=CC2=CNC2=C1,2,2
COc1cc2c(c(OC)c1OC)-c1ccc3c4c(c-2c-4cc1)C(Br)=C3,2,2
C1=CC2=CN(c3cc(-c4cc(-c5nccs5)cc(-c5nccs5)c4)cc(-n4c5ccccc5c5ccccc54)c3)C2=C1,2,2
COc1ccc(C2CC(C3=C4C=CC=C4C=C3)=NN2C(C)=O)c(OC)c1,2,2
CC(=O)c1ccc2cc(N(c3ccccc3)c3cccc4ccccc34)ccc2c1,2,2
C1=Cc2cc(N(c3ccccc3)c3ccccc3)c3c4c(ccc1c24)C=C3,2,2
CC1=c2c(nc3c4ccccc4c4cccc4n23)C=C1,2,2
Cc1cccc(C2=Cc3cccc[n+]3[B-](F)(F)O2)c1,2,2
CC(=O)Nc1ccc(N2CCOCC2)cc1,2,2
[11CH3]CC1=CC2=CC=CC2=C1n1c2ccccc2c2cc(-c3ccccc3)ccc21,2,2
[NH+]C1=Cc2ccc3c4c(ccc1c24)C=C3,2,2
[Li+][C]1=CC2=C3C(=CC=C13)C=C2,2,2
C1=CC2=Nc3ccc(-c4cccc5cc6ccccc6cc45)cc3C2=C1,2,2
N#Cc1ccc(N2c3ccccc3Oc3ccccc32)cc1C#N,2,2
Cc1ccc2c3ccccc3n(-c3ccc(-c4cccc5ccc(-c6ccccc6)cc45)cc3)c2c1,2,2
C1=CC2=C(C3=NCCO3)C=CC2=C1,2,3
CC(=O)c1ccc2c(c1)c1ccccc1n2-c1ccccc1,2,3
CCCCc1cc(C)c2ccc3c(CCCC)cc(CCCC)c4ccc1c2c34,2,3
CCN1CCC2=C1CC(C)(C)CC2=O,2,3
O=[N+]([O-])c1ccc(Nc2ccccc2)cc1,2,3
CCCCCCCCCCn1c2ccc(C=O)cc2c2cc(C=O)ccc21,2,3
CCCCCCCCCOc1ccc2c3c(cccc13)C=C2,2,3
CCCCCCN1c2cccc3c(OC)ccc(c23)S1(=O)=O,2,3
Cc1cc2ccc3cccc4cc5cnccc5c1-c2c34,2,3
CCCCCCCc1ccc2ccc3cccc4ccc1c2c34,2,3
CCOc1ccc(C(F)(F)F)cc1N1CCCCC1,2,3
C1=NC=N1,2,3
C1=CN=C1,2,3
Clc1cc2c3c(cccc3c1)C=C2,2,3
CCCCCCCCC[n+]1ccc(C(C)(C)C)c2ccccc21,2,3
O=C(CCC1=C2C=CC=C2C=C1)Oc1ccc([N+](=O)[O-])cc1,2,3
CN(CCO)c1ccc(/C=C/C(=O)c2ccc(NC(=O)c3cccc(S)c3)cc2)cc1,2,3
CC(C)(C)NC(=O)C1=C2C=CC=C2C=[C]1[Ag+],2,3
CN([P-]=O)c1ccc2ccccc2c1,2,3
C1=CC2=C(n3ccc4ccccc43)C=CC2=C1,2,3
O=S(=O)(c1ccccc1)c1ccc(-c2cc(-c3ccc(-n4cccn4)cc3)cc(-c3ccc(S(=O)(=O)c4ccccc4)cc3)c2)cc1,2,3
CCCCCCCCCOc1cc(OCCCC)c(C#Cc2ccc(N(C)C)cc2)cc1C#Cc1ccc(C(=O)O)cc1,2,3
O=C(O)CCC1=C2C=CC=C2C=C1,2,3
Cc1cc2ccc3cccc4cc1-c2c34,2,3
Cc1nnc(C)n1C1=C2C=CC=C2C=C1Cl,2,3
OC[C@H]1O[CH][C@@H](O)[C@@H]1O,2,3
CCCCCCCC[n+]1ccc(C)cc1,2,3
CC(=O)c1ccc(NC(=O)CN2C(=O)C(=O)c3ccccc32)cc1,2,3
C1=NC(c2ccc(N(c3ccccc3)c3ccccc3)cc2)=C1,2,3
CCCCCCCCC[n+]1ccc(C)cc1,2,3
CC(=O)Nc1ccc(C(=O)/C=C/c2ccc(N(C)CCO)cc2)cc1,2,3
Fc1ccc2ccc(Nc3nc(Nc4ccccc4)nc4ccc(Br)cc34)cc2c1,2,3
O=C1CC(C2=C3C=CC=C3C=C2)C(=O)N1c1ccc(F)cc1,2,3
CCCCCCCCCCCOc1cc2cc(OCCCCCC)c(OCCCCCCCCCC)cc2cc1C#Cc1ccc([N+](=O)[O-])cc1,2,3
CCCCCCCCC[N+]1=C(/C=C2/C(=O)C(O)=C2[O-])C(C)(C)c2ccccc21,2,3
CCCCCCCCCCCn1c2ccccc2c2cc(C#N)ccc21,2,3
CCCCCCCCCCCCC(=O)c1ccc2cc(C(=O)CCCCCCCCC)ccc2c1,2,3
Cc1ccc2cccc(-n3c4ccccc4c4cc(CCCn5cc[n+](C)c5)ccc43)c2c1,2,3
Cc1cc2ccccc2c2c1ccc1c3ccccc3ccc12,2,3
CN1CCC1c1cccs1,2,3
Cc1ccc2ncn(-c3ccc(-n4c5ccccc5c5ccccc54)cc3)c2c1,2,3
CCc1cc2ccccc2nc1SCC(=O)Nc1ccc(C(C)=O)cc1,2,3
CCCCCCCCCCCCOc1cc2ccc3cc(C#Cc4ccc([N+](=O)[O-])cc4)c(OCCCCCCCCCCCC)c4ccc(c1OCCCCCCCCC)c2c34,2,3
CCCCCCCC[N+]1=C(C=CC2=C(C(=O)OCC)c3ccccc3S2(=O)=O)C(C)(C)c2ccccc21,2,3
CCCCc1ccc2ccc3c(CCC)ccc4ccc1c2c43,2,3
O=CC1=CC=C2C=CC=C12,2,3
Cc1cc(C)c([SH](=O)=O)c(C)c1,2,3
CN(C)CCNc1ccc2ccc3cccc4ccc1c2c34,2,3
CCCOc1cc(=O)oc2c(OCC)ccc(OC)c12,2,3
CC(=O)c1ccc2ccc3c(N(C)C)ccc4ccc1c2c43,2,3
Cc1cc2ccccc2c2c1CCC1=C3CCc4ccc(c1c43)CC2,2,3
Cc1cc2c3ccc(ccc13)c1ccccc12,2,3
COCCOc1ccc(C(N)=O)cc1,2,4
CN(C)c1ccc(/C=C\C[NH3+])cc1,2,4
CCCCCCCCCCNC(=O)c1ccc(C(=O)NCCCCCC)cc1,2,4
COC(=O)CCC1c2ccccc2-c2ccccc21,2,4
CCCCCCCCCN1C(=CC2=C([O-])C(=CC3=[N+](CCCCCC)c4ccccc4C3(C)C)C2=O)C(C)(C)c2cc(C(=O)O)ccc21,2,4
CC1(C)CC=C2C1=Nc1ccc(O)cc1C2(C)C,2,4
COC(=O)C1=C2SC(C)=C2C(=O)N1,2,4
CC1CCCC1,2,4
CCN(C)c1ccc(-n2c(C)nnc2C)cc1,2,4
Br,2,4
OCl,2,4
CCCCCCNc1ccnc2cc(Cl)ccc12,2,4
OC1=CC=C2C=CC=C12,2,4
OF,2,4
CCCCCC[n+]1ccc(C(=O)NCCSSCCNC(=O)C[n+]2ccc(C)cc2)cc1,2,4
CN(C)c1ccc(-n2c(-c3ccccc3)nnc2-c2ccccc2)cc1,2,4
COc1cc2cc(Br)c(F)cc2n2c1c(F)c1cc(F)ccc12,2,4
Cc1ccc2c(C)coc2c1,2,4
CC1=CCC1,2,4
CN(C)c1ccc(-n2c(-c3ccccc3)nc3ccccc32)cc1,2,4
CC1=CC=C2C=CC=C12,2,4
CCCCN1C(=O)c2cccc3c(N4CCOCC4)ccc(c23)C1=O,2,4
C[n+]1cscc1-c1ccccc1,2,4
Cc1nnc(C)n1-c1ccc(N(C)C)cc1,2,4
CCc1cc(-n2cc(-c3ccccc3)nn2)cc(-n2ncc(-c3ccccc3)n2)c1,2,4
CN(C)c1ccc(C(=O)[O-])cc1,2,4
CCCCCCCCCCCCCCC[N+]1=C(C=C2C(=O)C(/C=C3\Sc4ccccc4N3CCCCCCCC)=C2[O-])C(C)(C)c2ccccc21,2,4
NC1=CC=C2C=CC=C12,2,4
CCNc1nc(Cl)nc(NC)n1,2,4
CC(C)C,2,4
C[C@@H]1O[CH][C@@H]1O,2,4
C1=CCCC1,2,4
CC(=O)Nc1cnc2n(C)c3ccccc3n12,2,4
CCN,2,4
COc1ccc(N(C)C(=O)Cn2c3ccccc3c(=O)c3ccccc32)cc1,2,4
COC(O)[C@H]1C[C@H]2C[C@@]13[C@@H]1C[C@H]4O[C@@]24[C]1C[C@H]3OC(=O)c1ccccc1,2,4
CCCCCCC1CC(=NO)c2cc(Br)ccc2-c2ccc(Br)cc21,2,4
C[C@@H](C=O)[C@H]1O[CH][C@@H]1O,2,4
NP,2,4
CC1=C2C=CC=C2C=C1,2,4
C1=NN=C1,2,4
C1=Cc2cccc3cccc1c23,2,4
OC[C@@H]1O[CH][C@@H]1O,2,4
CCCCCCCCNc1ccc(Cl)cc1,2,4
CN(CCO)c1ccc(/C=C/C(=O)c2ccc(NC=O)cc2)cc1,2,4
O=C1CCCCCC1S(=O)(=O)O,2,4
[As]c1nc2ccccc2o1,2,4
Nc1nc(Nc2ccccc2)nc(Nc2ccccc2)n1,2,4
CN(C)c1ccc2cc3ccc(N(C)C)cc3[n+](C)c2c1,3,0
N#Cc1ccc2c(c1)cc(C#N)c1c3cc(C#N)ccc3c(C#N)cc21,3,0
Cc1ccc2cc3cc4cc5cc6cc7ccccc7cc6cc5cc4cc3cc2c1,3,0
CC1=CC=c2c1nc1c(c2C)C=CC=1C,3,0
N#CC1=C2C=CC(NCc3ccccc3)=[N+]2[B-](F)(F)n2c(NCc3ccccc3)ccc21,3,0
Cc1c2ccccc2c(-c2ccccc2)c2cc3ccccc3cc12,3,0
O=C1C=CC=C1c1ccccc1,3,0
COc1ccc2c(c1)c1cc3c4ccccc4n(-c4ccccc4)c3cc1n2-c1ccc(-c2ncccn2)cc1,3,0
CC1=Cc2cc3ccccc3cc2N2CCCC(C=Cc3ccc4cc5ccccc5cc4c3)=C12,3,0
C1=NC2=NC=NC2=N1,3,0
COCCC1=Cc2nc1ccc1[nH]c(c3nc(ccc4[nH]c2cc4CCOC)C(CCOC)=C3)c(CCOC)c1C=O,3,0
COC(=O)c1cc(C(=O)OC)c(N2CCOCC2)c(C#N)n1,3,0
CC[n+]1c2ccccc2nc2ccc(NC)cc21,3,0
Cc1cc2c3ccccc3cc3ccc4cccc1c2c43,3,0
N#Cc1c(Cl)nc2ccccn12,3,0
COc1cc(/C=C/C2=CC(C)=[O+][B-](F)(F)O2)ccc1O,3,0
CCOC(=O)CCCCn1c2ccccc2c(=O)c2cc3cc4c(cc3cc21)c(=O)c1cc(C)ccc1n4CCCCOC,3,0
CCc1c2cc3ccccc3cc2c(C#Cc2ccccc2)c2cc3ccccc3cc12,3,0
CCCCCCCCOc1ccc2c(c1)c1c3ccc(OCCCCC)cc3c3ccccc3c1c1cccc(OCCCCCCCC)c21,3,0
CCCc1c2ccccc2c(CC)c2cc3cc4ccccc4cc3cc12,3,0
CNc1ccc2cc3ccccc3cc2c1,3,0
N#Cc1cc(C#N)c(N2c3ccccc3Oc3ccccc32)c(C#N)c1,3,0
CN(C)c1ccccc1,3,0
N#Cc1ccc2c3ccccc3n(-c3cc4cc5ccoc5cc4o3)c2c1,3,0
CN(C)c1ccc2cc3c(C(=O)[O-])cc(C(=O)[O-])cc3cc2c1,3,0
CN(C)c1ccc2cc3ccccc3cc2c1,3,0
CC1=CC(C)=[N+]2C1=Cc1ccc(C)n1[B-]2(F)F,3,0
CNc1cc2oc3ccccc3[nH]c2c2c(=O)c3ccccc3c(=O)c12,3,0
C#Cc1cc(C#Cc2ccccc2)c2ccc3c(C#Cc4ccccc4)cc(C#Cc4ccccc4)c4ccc1c2c43,3,0
CCOCCC1=Cc2nc1ccc1[nH]c(cc1CCOCC)c1nc(ccc3[nH]c2cc3CCOCC)C=C1COC,3,0
Cc1c2cc3ccccc3cc2c(C#C[Si](C(C)C)(C(C)C)C(C)C)c2cc3ccccc3cc12,3,0
COC1=CC2=[N+]3C(=CC(c4ccccc4)=C(c4ccccc4)N1[B-]3(F)F)c1ccc(-c3ccccc3)cc12,3,0
CCCc1c2ccccc2c(CC)c2ccccc12,3,0
Cc1cc(C)c(C2=C3C=CC=[N+]3[B-](F)(F)n3c2c2cc4ccccc4cc2c3-c2ccc[nH]2)c(C)c1,3,0
CC1=Cc2ccc3ccccc3[n+]2[B-](F)(F)N1c1ccccc1,3,0
CN(C)c1ccc2c(-c3ccccc3)c3ccc(=[NH2+])cc-3[nH]c2c1,3,0
N#Cc1ccc2c(c1)c1ccccc1n2-c1ccc(-c2cc(-c3ccccc3)c(C#N)c(-c3ccccc3)c2)cc1,3,0
Nc1ccc2cc3ccccc3cc2c1,3,0
CCOCCC1=Cc2nc1ccc1[nH]c(cc1CCOCC)c1nc(ccc3[nH]c2cc3CCOCC)C(CCOC)=C1,3,0
CC1=CC2=Cc3c(C)cc(C)n3[B-](F)(F)[N+]2=C1C,3,0
COc1ccc(-c2c(Br)[n+]3c(-c4ccc(OC)cc4)c(-c4ccc(OC)cc4)c4ccccc4c3c3cc4ccccc4cc23)cc1,3,0
CNc1cc2ccccc2c2c1=NC(C)(C)N=2,3,0
CCOc1ccc(CN2C(=O)C(=O)c3cc(OC)ccc32)cc1,3,0
CN(C)c1ccc2cc3c(cc2c1)CCC3=O,3,0
O=S1(=O)C=Cc2sccc21,3,0
CC1=Cc2c(c3ccccc3c3ccccc23)C1=O,3,0
C=Cc1c(C)c2cc3nc(cc4nc(cc5c(C)c(c(C)cc1[n-]2)[N-]5)C(CC)=C4CC)C(CC)=C3CC,3,0
Cc1c2cc3ccccc3cc2cc2cccc[n+]12,3,0
CCc1cc2c3ccccc3[nH]c2c2ccccc12,3,0
COC1=CC2=Nc3c(OC)cc(OC)cc3C(C)(C)C2=CC1=O,3,0
CC1=N/C(=C(\c2ccc(N(C)C)cc2)c2ccc(O)cc2C)C=C1,3,0
CN1C(=O)NC(=O)C1=Cc1c2ccccc2cc2ccccc12,3,0
F[B-]1(F)n2c(-c3ccccc3)cc(-c3ccccc3)c2N=C2C(c3ccccc3)=CC(c3ccccc3)=[N+]21,3,0
CCCCCCCCCCOC,3,0
Cc1cc2c3ccccc3c3nc4ccccc4nc3c2o1,3,0
Brc1cc2cc3ccccc3cc2c2cc3ccccc3c(Br)c12,3,0
CN(c1ccccc1)c1ccc2cc3cccc(N(c4ccccc4)c4ccccc4)c3cc2c1,3,0
CCc1ccc2cc3cc4ccccc4cc3cc2c1,3,0
CN(C)c1cccc2cc3ccccc3cc12,3,0
COCCC1=CC2=c3ccc4nc(cc(NC(=O)CCCC(=O)O)c5[nH]c(cc5CCOC)c5nc(c([nH]3)=CC1=N2)C=C5CCOC)C(C)=C4,3,0
COc1ccc(-c2c3cc4ccccc4cc3c(C)c3cc4ccccc4cc23)cc1,3,0
COc1ccc(OC)c(/C=C2\N=C(C)NC2=O)c1,3,0
O=[N+]([O-])c1ccc([O-])c2c1nnn2-c1ccccc1,3,0
CCCC1=Cc2nc1ccc1[nH]c(cc3nc(c(C)c4ccc2[nH]4)C=C3CC)c(CN(C)C)c1CCC,3,0
Cc1cc2cc3ccccc3cc2c2cc3cc4ccccc4cc3cc12,3,0
CN(Cc1c2ccccc2c(CN(Cc2ccccc2)c2ccccc2)c2ccccc12)c1ccccc1,3,0
Nc1c(N)c2c3ccccc3c(=O)c2c2c(=O)c3ccccc3c(=O)c12,3,0
[Li+]1[CH]=CC=[C]1c1cc(-c2ccccc2-n2c3ccccc3c3ccccc32)cc(-c2ccccc2-n2c3ccccc3c3ccccc32)c1,3,0
CSc1ccc(C#Cc2cc(C#N)c3ccc4c(C#Cc5ccc(SC)cc5)cc(C#Cc5ccc(SC)cc5)c5ccc2c3c45)cc1,3,0
CC1=N/C(=C\c2c3ccccc3cc3ccccc23)C(=O)N1,3,0
COCCCC(=O)ON1C(=O)CCC1=O,3,0
CC1=Cc2ccc(N)c3cccc1c23,3,0
CCCC1=Cc2nc1ccc1[nH]c(cc1CCC)c1nc(ccc3[nH]c2cc3CCO)C(C)=C1,3,0
Nc1c2ccccc2c(O)c2cc(S(=O)(=O)[O-])ccc12,3,0
N#Cc1c2ccccc2c(C#N)c2ccccc12,3,0
CCOCCC1=C2C(=C(c3ccccc3)c3cccc[n+]3[B-]2(F)F)[N-]1,3,0
CN(C)c1ccc2c(-c3ccccc3)c3ccc(=[N+](C)C)cc-3oc2c1,3,0
CC1=Cc2c3ccccc3cc[n+]2[B-](F)(F)O1,3,0
N#CC1=NP(c2ccccc2)c2ccccc2N1c1ccccc1,3,0
CCCc1cc2c3c4c1=CC=C4C(C)N=c3cc1ccccc12,3,0
CCOCCc1cc2[nH]c1ccc1nc(c3cc(CCOC)c(ccc4nc2C=C4CCOC)[nH]3)C=C1CCOC,3,0
[O-]c1ccc2cc3ccccc3cc2c1,3,0
COCC#N,3,0
COCCOCCOCCOCCOc1cc(OCCOCCOCCOC)c(OCCOCCOCCOC)cc1C=O,3,0
Clc1c2cc3ccccc3cc2c(Oc2ccccc2)c2cc3sccc3cc12,3,0
N#Cc1nc2ccccc2nc1N1c2ccccc2Oc2ccccc21,3,0
CN(C)c1ccc([N+](=O)[O-])c2nonc12,3,0
O=CCc1cc2cc3ccccc3cc2c2nc3ccccc3n12,3,0
Clc1ccc2c(c1)c1cc3c(cc1n2-c1ccccc1)c1ccccc1n3-c1ccccc1,3,0
CCc1c2cc3ccccc3cc2c(-c2ccc(F)cc2)c2cc3ccccc3cc12,3,0
COc1ccc(N(C)CCO)c2nc3ccccc3nc12,3,0
Cc1cc2c3ccc4cccc(c5cccc1c52)c43,3,0
Cc1c2cc3ccccc3cc2c(-c2ccccc2)c2cc3ccccc3cc12,3,0
O=C1c2ccccc2-c2c1c1ccccc1c1nc[nH]c21,3,0
Oc1ccc2cc3ccc(O)cc3cc2c1,3,1
O=Cc1ccc2cc3ccccc3cc2c1,3,1
COc1ccc2c(=O)c3cc(OC)ccc3[nH]c2c1,3,1
CCCCCCC[N+]1=C(CC2=C([O-])C(=O)/C2=C(\C#N)C(=O)OCC)C(C)(C)c2ccccc21,3,1
CC(=O)NN=Cc1c2ccccc2cc2ccccc12,3,1
CCn1c(C)cc(/C=C(/C#N)c2ccc(C=C(C(=O)O)C(=O)O)s2)c1C,3,1
COCSc1c2ccccc2c(SCOCCCCN2CCOCC2)c2ccccc12,3,1
CCCCCCCn1c2ccccc2c2ccc3c4c5ccccc5n(CCCCCCC)c4n(CC)c3c21,3,1
N#CC1=C(c2ccccc2)[N-]C1=O,3,1
COC1=CC(=O)C(OC)=CC1=O,3,1
CCCC(=O)Oc1c(-c2ccc([N+](=O)[O-])cc2)c2nc3ccccc3nc2c2ccccc12,3,1
CCn1c2ccccc2c2cc(/C=C(\C#N)c3ccc(C4=C5C(C)=CC(C)=[N+]5[B-](F)(F)n5c(C)cc(C)c54)s3)ccc21,3,1
CCCC(=O)Oc1c2ccccc2nc2cccnc12,3,1
O=S(=O)(c1ccccc1)c1ccc(-n2c3ccc(-c4ccccc4)cc3c3cc(-c4ccccc4)ccc32)cc1,3,1
[Se]C1=[NH+]C2=NC=NC2C(NN=c2cccc[nH]2)=N1,3,1
CCCCn1c2ccc(C)cc2c(=O)c2cc3c(cc21)c(=O)c1ccc(C)cc1n3CCCCCC(=O)OCC,3,1
CCCCCCCOc1cc(OCCCC)c(N(CC)CC)cc1C1=C(c2cccnc2)C(=O)N(C)C1=O,3,1
COc1ccc(OC)c2nc3ccccc3nc12,3,1
CCn1c2ccccc2c2ccc(/C=C(/C#N)C(=O)O)cc21,3,1
Cc1c2ccccc2c(C)c2cc(N(C)C)ccc12,3,1
Fc1ccc(N(c2cc(F)cc(F)c2)c2ccc3ccc4ccc(N(c5cc(F)cc(F)c5)c5cc(F)cc(F)c5)cc4c3c2)cc1,3,1
CCOC(=O)CCCCCn1c2ccc(I)cc2c2cc3c(cc21)c(=O)c1ccccc1n3CCCCC(=O)OC,3,1
CCCn1c2ccc(Br)cc2c2cc3cc(Br)ccc3cc21,3,1
CCCCCCC[n+]1cc(-c2cccc3ccccc23)cc2ccc(OC)cc21,3,1
O[C@H]1[C@H](O)[C@H](Oc2cc3ccccc3c3ccc4ccccc4c23)[CH][C@H]1O,3,1
CCCCCCCn1c2ccc(OC)cc2c2ccc3c4cc(OC)ccc4n(CCC)c3c21,3,1
CO[B-]1(O)n2c(C)cc(C)c2C(c2ccc(I)cc2)=C2C(C)=CC(C)=[N+]21,3,1
O=C1C2C=CC1C1C=C2C1,3,1
CCCCn1c2ccc(/C=N\c3ccc(C(=O)O)cc3)cc2c2cc(/C=C(\C#N)c3ccc(/C=N/c4ccc(C(=O)O)cc4)s3)ccc21,3,1
O=S(=O)([O-])c1ccc2ccc3ccccc3c2c1,3,1
CCCn1c2ccc(/C=N\c3ccc(C(=O)O)cc3)cc2c2cc(/C=C(\C#N)c3ccc(/C=N/c4ccc(C(=O)O)cc4)s3)ccc21,3,1
CCCCCn1c(=O)c2c3c(=O)n(CCCCC)c(=O)c3c3c(c4sc5ccccc5c4n3CC)c2c1=O,3,1
Oc1ccc2cc3ccccc3cc2c1,3,1
CCCCCCCCCN1C2CCCC2C2C3SC(c4ccc(N(c5ccccc5)c5ccccc5)cc4)CC3C2C1C1SC(=S)N(CC(=O)O)C1=O,3,1
COc1cc2c3c(ccc4c3c1C=C4)OC2=O,3,1
N#CC1=Cc2cccc3cccc1c23,3,1
CCOC(=O)CCCCCn1c2ccc(OC)cc2c(=O)c2cc3c(cc21)c(=O)c1cc(OC)ccc1n3CCCCC(=O)OC,3,1
CCCCCCCCCCN1C(=CC2C(=O)C(=CC3=[N+](CCCCC)c4ccc5ccccc5c4C3(C)C)C2=O)C(C)(C)c2cc(C(=O)O)ccc21,3,1
CCn1c(=O)c2c(-c3ccccc3)c(-c3ccccc3)n(C)c2c2ccccc21,3,1
COc1c(OC)c(OC)c2nc3ccccc3nc2c1Cl,3,1
COC(=O)C1=C(C)NC2=C(C(=O)CC(C)(C)C2)C1c1c2ccccc2cc2ccccc12,3,1
CCCCCCCCCOc1c2c(cc3ccccc13)OC(CC(=O)O)O2,3,1
N#Cc1nc2ccc1ccc1c3c(c2)C=CC=3C=1,3,1
N#CC(=O)c1n[nH]c2ccccc12,3,1
CCCCCn1c2ccccc2c2cc(C(C#N)=Cc3ccc(-c4cc(=O)c5cc(Cl)ccc5o4)cc3)ccc21,3,1
COC(=O)/C=C/c1c2ccccc2cc2ccccc12,3,1
CCCCCCCn1c2ccc(C(C#N)=Cc3cc(C)cc(C)c3)cc2c2cc(C(C#N)=Cc3cc(I)cc(C)c3[O-])ccc21,3,1
O=Cc1nc2c(ccc3ccccc32)[nH]1,3,1
CCCCCCCCCCCOc1cc(C#Cc2ccc(C(=O)c3ccccc3)cc2)c(C#Cc2ccc(C(=O)c3ccccc3)cc2)cc1CCCCCCC,3,1
CCCCCCCn1c2ccc(/C=C(\C#N)C(=O)O)cc2c2cc(Cn3c4ccc(OC)cc4c4cc(OC)ccc43)ccc21,3,1
Oc1ccc2nc3ccccc3c(-c3ccccc3)c2c1,3,1
[Li+][C+]1C=c2cc3ccccc3cc2=C1,3,1
CCCCCCCn1c2ccccc2c2ccc3c(c4ccccc4n3CCC)c21,3,1
CCCCCCC[N+]1=C(/C=C2/C(=O)C(O)=C2[O-])C(C)(C)c2cc(C(=O)O)ccc21,3,1
CCn1c2cc3ccccc3cc2c2ccc3ccc4ccccc4c3c21,3,1
CCCCCCCCC[N+]1=C(/C=C2\C(=O)C(O)=C2[O-])C(C)(C)c2ccccc21,3,1
COc1cc2nc3cc(Cl)ccc3nc2cc1NC(=O)c1cccc(Br)c1,3,1
CCCCCCCCCN1C2=CC(S(=O)(=O)O)CC2=Nc2ccc3ccccc3c21,3,1
CCN(CC)c1ccc2c(c1)c1cc(N(CC)CC)ccc1n2CCCCN1C(=O)c2cccc3c(N(C)C)ccc(c23)C1=O,3,1
O=C1Nc2ccc3ccccc3c2C1=O,3,1
COCCOCCOCCN1c2ccc(Br)cc2Sc2cc(/C=C(\C#N)C(=O)O)ccc21,3,1
[CH2-]CN1CCN(Cc2c3ccccc3c(Cl)c3ccccc23)CC1,3,1
C[CH]Nc1c2ccccc2nc2ccccc12,3,1
Nc1cc2c3c(ccc4c3c1C=C4)C=C2,3,1
O=Cc1c2ccccc2cc2ccccc12,3,1
COc1c2ccccc2c(OC)c2cc3ccccc3cc12,3,1
CCCc1c2ccccc2c(CC)c2cc3ccccc3cc12,3,1
COC(=O)c1cc(O)c2cc3ccccc3cc2c1C,3,1
Oc1cccc2cc3ccccc3cc12,3,1
COc1cc2c(-c3ccccc3)c(-c3ccccc3)[o+]c3ccc4cccc1c4c32,3,1
OC[C@H]1O[C@@H](Oc2ccc3c(c2)-c2cccc4cccc-3c24)[CH][C@H]1O,3,1
Oc1ccc2cc3cc(O)ccc3cc2c1,3,1
c1ccc(N(c2ccccc2)c2ccc(C3=N[N]=[Fe+2][C]34OCCO4)cc2)cc1,3,1
CCCCOc1cc2c(Cl)c3cc(OC)ccc3nc2cc1C#N,3,1
CCCCN(c1ccccc1)c1c2cc(/C=C(/C#N)C(=O)O)ccc2c(-c2ccc(N(c3ccccc3)c3ccccc3)cc2)c2ccc(OC)cc12,3,1
CN1C(=O)C(c2ccccc2)=C1/C(=C/c1cn(-c2ccccc2)nc1-c1ccc(F)cc1)c1ccccc1,3,1
COC(=O)c1ccc2c(c1)C(=O)c1ccccc1-2,3,1
O=c1c2ccccc2[nH]c2cc3ccccc3cc12,3,1
N#Cc1c2ccccc2c(C#N)c2cc3ccccc3cc12,3,1
CCCCCCCCCCCCCN1c2ccccc2SC2C=C(c3ccc(C=C4C(=O)c5ccc(C(=O)O)cc5C4=O)s3)CC2N1CCCCCCCCC,3,1
CCc1c(C)c2n(c1C)[B-](F)(F)[N+]1=C(C)C(C)=C(C)C1=C2C,3,1
CCCCCCCCCn1c(=O)c2cc3cc4cc5c(=O)n(CCCCCCC)c(=O)c5cc4cc3cc2c1=O,3,1
CCCCCCCn1c2ccccc2c2c3c4cc(/C=C(\C#N)C(=O)O)ccc4n(CCCC)c3ccc21,3,1
c1ccc(-c2cc3cccc4ccc5c6cccc-6c2c5c43)cc1,3,1
C[N+]1=C2C=CC2=C(c2ccccc2)c2cccn2[B-]1(F)F,3,1
c1ccc(N(c2ccccc2)c2cc3nc4ccccc4nc3c3ccccc23)cc1,3,1
CCn1c2ccc(C#N)cc2c2nc3ccccc3nc21,3,1
CCCCCCCn1c2ccccc2c(=O)c2cc3c(cc21)c(=O)c1ccccc1n3CCCCCC,3,1
CCCCc1c2ccc(N)cc2nc2cc3c(cc12)[Se]c1cc2ccccc2cc1N3CCOCCOCCOC,3,1
CN(C)C1=C2C=CC=C2C=C1,3,1
Cc1cc(C)c(-c2cccc(C(=O)c3ccc(-n4c5ccc(S)cc5c5cc(-c6c(C)cccc6C)ccc54)cc3)c2)c(C)c1,3,1
COc1ccc2cc3cc4cc(OC)ccc4cc3cc2c1,3,2
CCCCCn1c(=O)n(CCC)c2ccc3c4c(ccc5cccc1c2[c+]54)n3CCCCC,3,2
Fc1cccc2cc3ccccc3cc12,3,2
CCn1c2ccc(OC)cc2c2nc3ccccc3nc21,3,2
CNc1cc2ccccc2c2c1C(=O)CC2,3,2
O=C(O)c1ccc(/N=C/c2cc([N+](=O)[O-])ccc2-n2cccc2)cc1,3,2
O=C1c2c(oc3ccccc3c2=O)-c2oc3ccccc3c21,3,2
CCCCCn1c(=O)c2c(=O)n(CCCCC)c(=O)c=2c1=O,3,2
N#Cc1cc2cccc3c(C#N)cc4ccc(c1)c2c4-3,3,2
N#Cc1nc(N2c3ccccc3Oc3ccccc32)nc(N2c3ccccc3Oc3ccccc32)n1,3,2
O=Cc1cccc(N(c2ccccc2)c2ccccc2)c1,3,2
O=P1(c2ccccc2)c2ccccc2Oc2cccc(C3=C4C=CC=C4C=C3)c21,3,2
C1=CC2=C(c3cccc(-c4cccc5ccccc45)n3)C=CC2=C1,3,2
[2H][13c]1[13c]c2c3cccc2c3c2cc3cccc3cc21,3,2
COc1ccc2c1c(C)c1cccc3cnc2n31,3,2
CCCCCCCn1c2ccccc2c2c3c4ccccc4n(CCC)c3ccc21,3,2
N#Cc1nc(N(Cc2ccccc2Cl)Cc2ccccc2Cl)c(C#N)nc1N(Cc1ccccc1Cl)Cc1ccccc1Cl,3,2
CCCCCCCCN1c2ccccc2-c2ccccc2C12C(C#N)=C(N)Oc1c2ccc2c3ccccc3n(CCN(C)C)c12,3,2
CCN1C(=O)c2cccc3cccc(c23)C1=O,3,2
CCNc1c([N+](=O)[O-])cc([N+](=O)[O-])cc1[N+](=O)[O-],3,2
c1ccc(-c2nn(-c3ccccc3)c3nc4ccc(N(c5ccccc5)c5ccccc5)cc4cc23)cc1,3,2
O=C1[C@H]2C3=C(C=C[C@H]2C(=O)N1c1cccc2cc4ccccc4cc12)C=C1C=CC=C13,3,2
OC[C@H]1O[CH][C@@H](O)[C@H]1O,3,2
N#Cc1nc2c3ccccc3c3ccccc3c2n1-c1ccc(-c2cc3c4ccccc4n(-c4ccccc4)c3cn2)cc1,3,2
COc1cccc(-n2sc3c(c2=S)-c2cc(OC)cc4c2N(C(=O)C4=O)C3(C)C)c1,3,2
CCCCCCCCCCCCn1c(=O)c2cc3cc4cc5c(=O)n(CCCCCCCCCCCC)c(=O)c5cc4cc3cc2c1=O,3,2
CCCCCCCCCn1c2cc3ccccc3cc2c2cc3c(cc21)oc1ccc2ccccc2c13,3,2
COC(=O)c1cccc2nc3ccccc3cc12,3,2
CCOC(=O)c1ccc(C(=O)OC)c2cc3ccccc3cc12,3,2
O=C1c2ccccc2-c2nc(C3=CC=C4C=CC=C43)nn21,3,2
N#Cc1nc(N2CCOCC2)c2c(c1-c1ccc(Cl)cc1)CCc1ccccc1-2,3,2
C[Si]1c2cc3cc4cc5ccccc5cc4cc3cc2[Si]1(C)C,3,2
COc1ccc2c(=O)c3cc4c(cc3[nH]c2c1)OCO4,3,2
O=Cc1coc2ccccc2c1=O,3,2
C1=CC2=Nc3cc(-c4ccc(-c5cc(-c6ccccc6)cc(-c6ccccc6)n5)cc4)ccc3C2=C1,3,2
CCCCCCCn1c2ccc(-c3ccc(F)cc3)cc2c2cc3c4cc(-c5ccc(F)cc5)ccc4n(CCCC)c3cc21,3,2
CCCCCCCCCCCN1CN2C(=Nc3ccccc31)C(C)(C)c1cc3ccccc3cc12,3,2
C[Si](C)(C)c1c2c(cc3c4ccccc4n(-c4ccccc4)c13)[Si](C)(C)c1ccccc1[Si]2(C)C,3,2
COc1ccc2nc3ccccc3cc2c1,3,2
[Sn][CH2]c1ccc2cc3ccccc3cc2c1,3,2
Cc1cc(C)c(B2C3=CC=CC3=Cc3ccc4c5c(ccc2c35)C=C4)c(C)c1,3,2
CCCCCCCCCCn1c2ccc(C#N)cc2c2c3c4cc(C#Cc5cccc(/C=C(\C#N)C(=O)O)c5)ccc4n(CCCCCCCCC)c3ccc21,3,2
COc1cc(-c2ccccc2)c2c(-c3ccccc3)cccc2c1-c1ccccc1,3,2
Cc1ccccc1C(=O)c1cc2c3ccccc3c3ccc4ccccc4c3c2cc1[Si]1c2ccccc2-c2ccccc21,3,2
COc1cc(-n2c(-c3ccc(C(C)(C)C)cc3)nc3c4ccc(I)cc4c4cc(I)ccc4c32)cc(OC)c1OC,3,2
Brc1cc2cc3ccccc3cc2c2ccccc12,3,2
CN(Cc1c2ccccc2cc2ccccc12)c1cc([N+](=O)[O-])ccc1[N+](=O)[O-],3,2
CCCCCCCCCCCN1c2ccccc2C(C)(C)C12C=Nc1c(ccc3cc4ccccc4cc13)O2,3,2
CCN1CCCC1,3,2
CCCCCCCn1c2ccc(/C=N/c3ccc4oc5ccccc5c4c3)cc2c2cc(/C=C(\C#N)C(=O)O)ccc21,3,2
NCc1c2ccccc2cc2ccccc12,3,2
CCCCCCCCCCCOc1cc(F)cc2ccc3c(c12)-c1c(F)ccc2cc(F)cc(c12)-c1cc(F)c(OCCCCCCCCCC)cc1-3,3,2
[Li+][C]1=c2c(c3ccccc3c3c(C(=O)NC(C)(C)C)cccc23)=C2C=CC=C21,3,2
CCCCCCCCCCCCN1c2ccccc2Sc2cc(C(F)(F)F)c(Cl)cc21,3,2
CCCCCCCCCn1c2cc(F)c(OC)cc2c2cc3ccccc3cc21,3,2
COc1cc(-c2cc(-c3ccccc3)cc(-c3ccccc3)c2)c(C#N)cc1C#N,3,2
C#Cc1cnc2c(N3CCCCC3)ccc(/C=C3\SC(=S)N(CC(=O)O)C3=O)c2n1,3,2
CCCCCn1c(=O)c2c(=O)c3c(=O)n(CCCCC)c(=O)c3c2c1=O,3,2
Cn1c2nc3ccccc3nc2c2sc3ccccc3c21,3,2
CCCCn1c(-c2sc3scc(-c4ccc(C#N)cc4)c3c2N2CCCCC2)nc2c(sc3ccccc32)c1=O,3,2
Cc1cc(-c2ccccc2)nc2sc(C(=O)[O-])c(N)c12,3,2
COc1cc2cc3cc(OC)c(-c4ccc([N+](=O)[O-])cc4)cc3cc2cc1OC,3,2
c1ccc2cc3ccccc3cc2c1,3,2
CCCCN1c2ccccc2C(C)(C)C12C=Cc1c2c2ccc(OC)cc2c2cc3ccccc3cc12,3,2
CC(C)n1c(=O)c2cc3cc4cc5c(=O)n(C(C)C)c(=O)c5cc4cc3cc2c1=O,3,2
CCCCCCCCCN1c2ccccc2C(C)(C)C12C=Cc1cc3ccccc3c(-c3nc(-c4ccccc4)c(-c4ccccc4)o3)c1O2,3,2
CNc1cc2ccccc2c2ccccc12,3,3
CCCC(=O)c1c2ccccc2cc2ccccc12,3,3
COC(=O)c1ccc(-n2cnnn2)cc1,3,3
COC(=O)c1c2ccccc2cc2ccccc12,3,3
CC1CC(=O)C2=C(C1)Oc1ccc3ccccc3c1N2,3,3
C[Si]1c2cc3c(cc2[Si]1(C)C)[se]c1cc2c(cc13)[Si](C)(C)O[Si]2(C)C,3,3
O=[C]([Cd])c1c2ccccc2cc2ccccc12,3,3
[C-]C1=CC2=CC=CC2=C1C(=O)OCC(=O)Nc1ccc2[nH]c(=O)[nH]c2c1,3,3
CC(=O)c1c2ccccc2nc2ccccc12,3,3
CCCCCCn1c2ccc(/C=C(\C#N)C(=O)O)cc2c2cc3c(cc21)c1ccccc1n3-c1ccccc1,3,3
Cc1cc(C#N)c2ccccc2c1,3,3
CCCCCCCCCCOc1cc(S(=O)(=O)[O-])c2ccc3c(S(=O)(=O)[O-])cc(S(=O)(=O)[O-])c4ccc1c2c43,3,3
COc1ccc2ccc3cccc4ccc1c2c34,3,3
CCCCCCCCNc1ccc(/N=N/c2ccccc2)cc1,3,3
CC(C)NC(=O)c1cc2ccccc2c2cc3ccccc3cc12,3,3
CN1CCCC1,3,3
COC(=O)c1ccc2c(-c3ccccc3)c3ccccc3nc2c1,3,3
CCn1c(C(=O)OC)c(C(=O)OC)c2cc(O)ccc21,3,3
OC[C@@H](O)[C@H]1[CH][C@H](O)[C@@H](Oc2ccc3cc4ccccc4cc3c2)O1,3,3
COc1ccc2nc3ccc(OC)cc3cc2c1,3,3
Cc1c2ccccc2cc2ccccc12,3,3
CN1CCN(/N=C\c2c3ccccc3cc3ccccc23)CC1,3,3
CCCCCCCCCCCCCCCN1/C(=C/C2C(=O)C(=CC3=[N+](CCCCCCCCCCCC)c4ccccc4C3(C)C)C2[O-])C(C)(C)c2ccccc21,3,3
COc1ccc2c(-c3ccccc3)c3cc(OC)c(-c4ccccc4)cc3c(-c3ccccc3)c2c1,3,3
CCCCCCCCOc1ccc(-c2cn3ccccc3n2)cc1,3,3
C[Si]1c2cc3c1c1ccccc1cc3cc2C(=O)c1ccc(Cl)cc1,3,3
CC[C@H](CO)Nc1c2ccccc2nc2ccccc12,3,3
Fc1ccc2c3ccccc3c3cc4c(cc3c2c1)oc1ccccc14,3,3
O=CNc1c2ccccc2nc2ccccc12,3,3
[CH]1CN(Cc2c3ccccc3cc3ccccc23)C[C@H]1CNc1ccc2cc3ccccc3cc2c1,3,3
COc1cc2ccccc2c2c1OC(C)(C)C2,3,3
Brc1ccc2cc3ccccc3cc2c1,3,3
N#Cc1cc(-n2c3ccccc3c3ccccc32)cc(-n2c3ccccc3c3ccccc32)c1,3,3
O=C1[Se][C@]23C1=C[C@H](c1ccccc12)c1ccccc13,3,3
Fc1c2ccccc2nc2ccccc12,3,3
CC(=O)c1ccc2cc3ccccc3cc2c1,3,3
CN1CCC1c1c[nH]c2ccccc12,3,3
CC(C)Cc1c2ccccc2c(CC(C)C)c2ccccc12,3,3
CC(=O)c1ccc(-n2c3ccccc3c3cc(-c4ccc(C(C)(C)C)cc4)ccc32)cc1,3,3
COC(=O)c1c2ccccc2c(C)c2cc3ccccc3cc12,3,3
Cc1cc2ccccc2c2c1OC1(N3CCCC3)C(=O)c3ccccc3-c3cc([N+](=O)[O-])cc1c3-2,3,3
CCCCCCCCCCC[n+]1cc2ccc3cc[n+](CCCCCCCCCCC)c4ccc(c1)c2c34,3,3
CC(=O)C[n+]1ccc(C)c2ccccc21,3,3
COc1cc(-c2ccc(-n3c(-c4ccccc4)nnc3-c3ccccc3)cc2)cc(-n2c(-c3ccccc3)nnc2-c2ccccc2)c1,3,3
c1ccc2nc3cc4c(cc3nc2c1)CCN4,3,3
CCc1ccc2ccc(N(C)C)cc2c1,3,3
CCOc1ccc(-c2cc(-c3ccccc3)nc(N3CCCCC3)c2C#N)cc1OC,3,3
CCc1cc2ccccc2c2c1-c1cccc3cccc-2c13,3,3
C[C]1Cc2cc3ccccc3cc2C1,3,3
Cc1cc2ccccc2c2c1CCc1ccc(c3nsnc13)CC2,3,3
CCCOc1ccc(OCC)cc1-c1cn2ccccc2n1,3,3
CC1(C)c2ccccc2-c2ccc(-c3nc(-c4ccccc4)c(-c4ccccc4)[nH]3)cc21,3,3
O=C[C@@H](O)[CH]O,3,3
CCCCCCCn1c(=O)c2cc3cc4ccc5cc6c(=O)n(CCCCCCC)c(=O)c6cc5c4cc3cc2c1=O,3,3
COc1ccc2c(ccc3cc4ccccc4cc32)c1,3,3
CC(C)NC(=O)c1ccc2cc3ccccc3cc2c1,3,3
COc1cc2c3c(c1)c(=O)n(C)c(=O)n3C(=O)C2=O,3,3
CCOC(=O)c1ccc2nc3cc([N+](=O)[O-])ccc3c(N)c2c1,3,3
CCc1ccc2ccccc2c1,3,3
O=C([O-])c1ccc2cc3ccccc3cc2c1,3,3
Cc1c2ccccc2nc2ccccc12,3,3
COc1ccc(-c2c(C#N)c(N)nc(N)c2C#N)cc1OC,3,3
Cc1cc2cc3ccccc3cc2cc1C,3,3
Cc1ccc2cc3cc(C)c([SiH])cc3cc2c1,3,3
COC(=O)c1ccc2cc3ccccc3cc2c1,3,3
Oc1ccc2c(c1)CCC1=CO[B-](F)(F)[O+]=C12,3,3
CCCCCCCCCCCCCCCCCCOc1ccc([B-]23OC(c4ccccc4)=N[N+]2=Cc2c(ccc4ccccc24)O3)cc1,3,3
COC(=O)[C@@H](Cc1ccc2cc3ccccc3cc2c1)NC(=O)OC(C)(C)C,3,3
COc1cc(-c2ccccc2)cc2c(C)cccc12,3,3
BrC1=CC2=CC=CC2=C1,3,3
Cc1cc(C)c(B(C2=CC(O)=C3C=CC=C23)c2c(C)cc(C)cc2C)c(C)c1,3,3
Cc1cc2ccccc2c2c1CCc1ccc(c3cnsc13)CC2,3,3
C[CH][NH+]1CCc2cc3c(cc2C1)[Si](C)(C)O[Si]3(C)C,3,3
OC[C@H]1O[CH][C@@H]1O,3,3
Cc1cc2cc3c(cc2n1-c1ccccc1)C(=O)N(c1ccccc1)C3=O,3,3
CCCCCOc1ccc(/C=C/C(=O)c2c3ccccc3cc3ccccc23)cc1OC,3,3
CCCCCCCCCCCCCN1C(=O)c2cc3ccccc3cc2C1=O,3,3
CCCCCCCCCCCCCOC(=O)c1c2ccccc2cc2ccccc12,3,3
F[Si-](F)(C1=C2C=CC=C2C=C1)(c1ccccc1)c1ccccc1,3,3
N#CC(=O)C#N,3,3
COc1cc(C(C)=O)c(OC(C)=O)cc1C(C)=O,3,3
CNc1nc2ccccc2n1CCN1CCOCC1,3,3
COC(=O)c1ccc(-c2cccc3nc4ccccc4nc23)cc1,3,3
Cc1ccc(-c2cc(C)c3c(n2)c(-c2cccc(C)c2)nn3-c2ccccc2)cc1,3,3
CC(C)(C)c1ccc2c(c1)c1cc(C(C)(C)C)ccc1n2-c1cc2nc3c4ccccc4c4ccccc4c3nc2cc1C=O,3,3
[W][c]1cccc2c1Nc1ccccc1S2,3,3
CN(C)Cc1nc(N2CCOCC2)c2ccccc2n1,3,3
O=c1c2ccc3ccc4cccc(c1c32)n1c2cccc3cccc(c5ccccc5c41)c32,3,3
COC(=O)c1cc(-n2cnc3ccccc32)nc2c1ccc1ccccc12,3,3
[O-]C1=C2C=CC=C2C=C1,3,4
Nc1nc2ccccc2c2cnccc12,3,4
O=S(=O)(O)c1ccc2oc3c(S(=O)(=O)O)cccc3c2c1,3,4
CCCCCCC1C(=O)N(C)C(C)=C1C(=O)OC,3,4
O=C1C=CC=C1,3,4
COC(=O)CN(C=O)Cc1c(C)[nH]c2ccccc12,3,4
CN(Cc1ccccc1)c1ccccc1,3,4
CCCCCOS(=O)(=O)c1ccc2ccc3c(S(=O)(=O)O)cc(S(=O)(=O)O)c4ccc1c2c34,3,4
Cc1nn(-c2ccc(N(C)C)cc2)c(C)c1C#N,3,4
O=C1CC(=O)c2c(F)c(F)c(F)c(F)c2N1,3,4
C1=N/C(=C/c2ccccc2)CN1c1ccccc1,3,4
CCc1nnc(NCc2ccccn2)s1,3,4
O=C(F)F,3,4
CCCOCOCCOCCCC(=O)OCCO,3,4
O=C1CCc2ccc(O)cc21,3,4
O=CNC(C(=O)O)c1ccc(Cl)cc1Cl,3,4
COC(COCCOCCCCCCl)OCCOCCCC(C)C,3,4
C[C@@H]1[C@H]2CC=C3[C@@H](C)[C@H](N(C)C)CC[C@@]3(C)[C@H]2C[C@]2(C)[CH]C[C@@H]12,3,4
Cn1c2ccccc2c2c3c(ccc4[nH]c5ccccc5c43)ccc21,3,4
Cc1coc2ccc(-c3ccc(-n4c5ccccc5c5ccccc54)cc3)cc12,3,4
CC(=O)c1cc(-c2ccc(-n3c4ccccc4c4ccccc43)cc2)n[nH]1,3,4
CCCCCCCCCCOC(=O)c1ccccc1F,3,4
COC(=O)c1ccc2[nH]c3ccccc3c(=O)c2c1O,3,4
COc1ccccc1-n1c(-c2ccccc2)nc2ccccc2c1=O,3,4
CC(=O)NC(=O)OCc1ccc2nc(N)sc2c1,3,4
CCCCCCC(=O)N1C(=O)c2ccccc2C1=O,3,4
COc1ccc2oc(=O)cc(C)c2c1,3,4
CCCCCCC[n+]1ccc(Br)cc1,3,4
CC1(C)C=CN(c2ccc3c(c2)C2(C(C#N)=Cc4ccccc42)c2ccccc2-3)c2ccccc21,3,4
CN(C)c1ccc(-c2ccncn2)cc1,3,4
FC1=CC=C2C=CC=C12,3,4
CC1=Cc2ccccc2OCC1,3,4
CC(C)(C)NC(=O)c1cccc2c(F)cc3c(=O)[nH]c4ccccc4c3c12,3,4
CCCCCCCCCc1ccc(O)c(/N=N/c2c(Cl)cc(OC)cc2C(=O)O)c1,3,4
[CH]CN1Cc2ccccc2C1,3,4
[Sn][CH2]Cc1ccc(-n2cnc3ccccc32)cc1,3,4
CC1=CC(C)=[N+]2C1=C(C)c1ccc(C)n1[B-]2(F)F,3,4
O=C1Nc2ccccc2C1=O,3,4
COCCOCCOCCOCCOSc1cc(Cl)c(CNC(=O)c2ccc(OC)c(Cl)c2)cc1CNC(=O)c1cc(Cl)c(OC)cc1OC,3,4
CN(C)c1ccc([N+](=O)[O-])cn1,3,4
CCCCCCCN1c2ccccc2C(C)(C)C12C=Nc1cc(O)ccc1O2,3,4
COC(=O)CCCCN1CCc2cc3ccc4cc(N)ccc4c3cc21,3,4
COc1cc(-c2cc(-c3ccccn3)nc(-c3ccccn3)c2)cc(-c2cc(-c3ccccn3)nc(-c3ccccn3)c2)c1,3,4
CCN(CC)c1cccc(C)c1,3,4
CCCCCCCCCCCOc1cc(OCCCCC)c(OCCCCCCC)cc1C#Cc1ccc([N+](=O)[O-])cc1[N+](=O)[O-],3,4
O=[N+]([O-])C1=C2C=CC=C2C=C1,3,4
CNC(=O)COc1ccc2c(=O)c3ccccc3[nH]c2c1,3,4
O=C1CCN1c1ccc(-c2nn(-c3ccccc3)c(=O)o2)cc1,3,4
C=C1CCC2=CC(=O)OC12,3,4
COC1=C2OC(=O)C=C2C=C1,3,4
c1cc[nH]c1,3,4
Oc1ccc2ccc(O)cc2c1,3,4
Cc1cc(-n2ccc3ccccc32)cc(-n2ccc3ccccc32)n1,3,4
CN1/C(=C/C(=O)/C=C/c2ccccc2)C(C)(C)c2cc(Br)ccc21,3,4
COC(=O)c1ccccc1OC,3,4
COc1cccc(-n2nc(C)cc2C)c1,3,4
CN(C)c1ccccc1C#N,3,4
O=C1Nc2c([nH]c(-c3ccccc3)c2-c2ccccc2)C1=O,3,4
[2H]C1=CC2=C(c3cccnc3)c3cc(I)cn3[B-](F)(F)[N+]2=C1C,3,4
C/C=C\CC,3,4
Nc1ccn([C@H]2O[C@@H](CO)[C@H](O)[C@H]2O)c(=O)n1,3,4
CCCCCCCCCN1CC(O)CC(NC(=O)CCCN2C(=O)C=CC2=O)C1=O,3,4
CCCCCCC#Cc1cc(OCCCCCCC)ccc1OCCC,3,4
CC1CCC(=C(C#N)C#N)C1,3,4
CCCn1c(NC)nc2cc(Cl)ccc21,3,4
CC(=O)NCc1cc(C2=NCCO2)ccc1O,3,4
N#Cc1cc(N2CCCC2)c(C#N)c2c1-c1ccccc1C2=O,3,4
CC1CCc2cc3ccccc3cc21,3,4
COC(=O)C1=C(c2ccccc2)NC(=O)NC1c1ccccc1Cl,3,4
C1=NCCN1,3,4
COCc1nc(-c2ccccc2)c(-c2ccccc2)o1,3,4
C=C1[C](C)C2CCC1C2,3,4
CCCCCCNCc1ccc(O)c(-c2nc3ccccc3s2)c1,3,4
CCCCCCN1C(=O)c2cc3ccccc3cc2C1=O,3,4
CC1(C)C(=O)NC(=O)NC1=O,3,4
Cc1cc2occ(C)c2o1,3,4
OC[C@H]1O[C@@H](O)[C@@H](O)[C@H]1O,3,4
CN(C)c1ccc(/C=C/c2cc[n+](C)c[n+]2CCSSCC[n+]2ccc(/C=C/c3ccc(N(CCO)CCO)cc3)cc2)cc1,4,0
CCN1C(=O)c2cccc3c(-c4ccc(S(=O)(=O)O)s4)ccc(c23)C1=O,4,0
F[B-]1(c2ccccc2)n2c(c3ccc(Cl)cc3c2-c2ccccc2)C=[N+]1c1ccc(Br)cc1,4,0
CN(C)c1ccc(/C=N/C(C#N)=C/N=C/c2ccc(C#N)cc2)cc1,4,0
CC1(C)OC(=O)c2ccc(N(c3ccccc3)c3ccc4ccccc4c3)c3cccc1c23,4,0
CCCCCCCCCCCCC1(CCC)C(C)=[N+](CCCCCCCCC)c2ccc(C(=O)O)cc21,4,0
CCN(C)c1ccc2c(-c3ccccc3C(=O)O)c3ccc(=[N+](CC)CC)cc-3oc2c1,4,0
CCCCCCCOc1ccc(/C=C/c2cc(C)c3n2[B-](F)(F)[N+]2=CC=CC2=C3)cc1,4,0
COc1cc(N(C)c2ccc3c4cccc5cccc(c-3c54)c3cccc23)ccc1C=C(C#N)C(=O)O,4,0
CCOc1ccc(/C=C/c2cc(C)c3n2[B-](F)(F)[N+]2=CC=CC2=C3)cc1OCC,4,0
CCCCCCCCCCCCCCNc1ccc(/N=N/c2ccc(C#N)cc2)cc1,4,0
CCCCCc1cc(/C=C(\C#N)C(=O)O)sc1/C=C/c1ccc(N(c2ccccc2)c2ccccc2)cc1,4,0
CNc1ncnc2oc(/C=C/c3ccc(OC)cc3)cc12,4,0
CN(C)c1ccc(C2=C3C=CC(=[N+](C)C)C=C3[Si](C)(C)c3cc(N(C)C)ccc32)cc1,4,0
CSc1nc2c(c(=O)[nH]1)C1(CCCC1)Cc1ccccc1-2,4,0
CCCCCCCCOc1cc(OC)c(/C=C/c2ccc(/C=C/c3ccncc3)cc2)cc1/C=C/c1ccncc1,4,0
CCN(C)c1ccc2c(O)c(N=Nc3ccc(S(=O)(=O)[O-])cc3)c(=O)oc2c1,4,0
COC(=O)/C=C/C1=CC2=C(c3c(C)cc(C)cc3C)c3cccn3[B-](F)(F)[N+]2=C1,4,0
CCCCCCOc1c(-c2ccc(N(c3ccccc3)c3ccccc3)cc2)c2ccccc2c2nc3cc4c(cc3nc12)C(=O)c1ccccc1C4=O,4,0
CC[N+]1=C(/C=C/C=C2/N(C)c3ccccc3C2(C)C)C(C)(C)c2ccccc21,4,0
COC(=O)/C=C/C1=CC2=C(c3ccccc3)c3cc(/C=C/C(=O)OC)cn3[B-](F)(F)[N+]2=C1,4,0
F[B-]1(F)n2c(c(-c3ccccc3)c(-c3ccccc3)c2-c2ccccc2)N=C2C=C(c3ccccc3)C(c3ccccc3)=[N+]21,4,0
CN(C)c1ccc(/C=C/c2cc[n+](CCSC3=NCCN3)cc2)cc1,4,0
CCCCCC[n+]1ccc(/C=C/c2ccc(N(C)C)cc2)cc1,4,0
CC1CCN(CC#N)C1,4,0
CN(C)c1ccc(/N=C2\N=[C]([W])c3cccc4cccc2c34)cc1,4,0
C[Si](C)(C)c1ccc(-c2ccc(-c3ccc(-c4ccc(/C=C(\C#N)C(=O)O)s4)s3)s2)s1,4,0
CCCCCC[N+]1=C(C=C2C(=O)C(C=C3N(CCCC)c4ccccc4C3(C)C)=C2[O-])Cc2ccccc21,4,0
CCN1/C(=C\C2=C([O-])C(C)/C2=C/C2=[N+](CC)c3ccccc3C2(C)C)C(C)(C)c2ccccc21,4,0
CCCc1cc(-c2ccc(N3c4ccc(-c5ccc(OC)cc5)cc4C4C5CCC(C5)C43)cc2)sc1/C=C(\C#N)C(=O)O,4,0
CN(C)c1ccc(/C=C/C=C(C#N)/C=C/c2ccc(N(C)C)cc2)cc1,4,0
CN(C)c1ccc2c(/C=C/C=C/C=C3\N(CS(=O)(=O)O)c4ccc(S(=O)(=O)O)cc4C3(C)C)cc(=O)oc2c1,4,0
CCCCCCCNc1cc(Cl)c(/N=N/c2ccc([N+](=O)[O-])cc2C#N)c(Cl)c1,4,0
CCCCC(CC)CN1C(=O)C(C#N)=C(c2sc(-c3ccc4c(c3)Sc3cc(C=C(C#N)C(=O)O)ccc3N4C)cc2C)C1=O,4,0
CCCC[N+]1=C(/C=C/C=C/C=C2/C(CC)=CC(=O)N2CC)C(C)(C)c2c1ccc1ccccc21,4,0
CCC[n+]1ccc(/C=C/c2ccc(N(c3ccccc3)c3cccc4ccccc34)cc2)cc1,4,0
CC1=N[N+]2C1=Nc1c3sc(-c4cccs4)cc3c(-c3cccs3)n1[B-]2(F)F,4,0
CN1C(=CC=C2C=C(c3ccccc3)OC(c3ccccc3)=C2)C(C)(C)c2ccccc21,4,0
O=S(=O)([O-])c1cc(O)c2ccc3c(S(=O)(=O)[O-])cc(S(=O)(=O)[O-])c4ccc1c2c34,4,0
CN(CC(=O)O)c1ccc(/C=C/C2=[N+](CC(=O)O)c3ccccc3C2(C)C)cc1,4,0
CN1CCC1=O,4,0
COCCN1c2ccccc2Sc2cc(/C=C(/C#N)C(=O)O)ccc21,4,0
CN(C)c1ccc(/C=C/c2cc[n+](CCCCSc3nccn3C)cc2)c[n+]1CCCSc1[nH+]ccn1C,4,0
CCN1C(=O)/C(=C/C=C/c2cc(-c3ccccc3)[s+]c3cc(N(CC)CC)ccc23)SC1=S,4,0
CN(C)c1ccc(C2=C3C=CC=[N+]3[B-](F)(F)n3c2ccc3C(F)(F)F)cc1,4,0
CCCNC(=O)/C(C#N)=C/c1c2ccccc2cc2ccccc12,4,0
COCC[n+]1ccc(/C=C/c2ccc(N(CCO)CCO)cc2C)cc1C,4,0
CCCCCCCOc1ccc(OCCC)cc1C1=C2C=CC(=[N+](C)C)C=C2[Si](C)(C)c2cc(N(C)C)ccc21,4,0
CCN(C)c1ccc2c(NCCN(C)C)c3ccc(=[N+](C)C)cc-3oc2c1,4,0
CCCOc1ccc(-c2ccc3c(c2)Sc2cc(C=C(C#N)C(=O)O)ccc2N3CC)cc1,4,0
[C-]#[N+]c1ccc(N(C)CC)c2nonc12,4,0
CCCN1C(=O)c2ccc3cc(-c4ccc(N(c5ccccc5)c5ccccc5)cc4)c(OC)cc3c2C1=O,4,0
CN1CCN(/N=C/c2c3ccccc3cc3ccccc23)CC1,4,0
CCN(C)c1ccc2c3c(ccc(-c4ccc(S(C)(=O)=O)cc4)c13)C(=O)N(CCCCCC(=O)O)C2=O,4,0
CCCCCCCCCCCOc1cc(C2=C3C(=O)NC(c4ccc(OCCCCCCCCCCC)c(OCCCCCCCCCCC)c4)=C3C(=O)N2)ccc1OCCCCCCC,4,0
CCN(C)c1ccc2c(c1)P(=O)(c1ccccc1)C1=CC(=[N+]3CCC3)C=CC1=C2c1ccccc1C,4,0
CCCOc1ccc(-c2c3ccc(=[NH2+])c(S(=O)(=O)O)c-3oc3c(S(=O)(=O)[O-])c(N)ccc23)cc1,4,0
CCCCCCCN(C)c1ccc(/C=C(\C#N)c2ccc(/C=C3\SC(=S)N(CC(=O)O)C3=O)s2)cc1,4,0
CCN(C)c1ccc(/C=C/c2cc[n+]3ccc(/C=C/c4ccc(N(CC)CC)cc4)cc3c2)cc1,4,0
CCCCCCN1C(=CC2=C([O-])C(=CC3=[N+](CCCCC)c4ccc(C(=O)O)cc4C3(C)C)C2=O)C(C)(C)c2ccccc21,4,0
CCCCOc1ccc2c(c1)C(=O)c1ccccc1C2=O,4,0
CCCCCCCCCCCCN(CCCCCCC)c1ccc(/C=C/c2cc[n+](CCCS(=O)(=O)[O-])cc2)cc1,4,0
CN(C)c1ccc(/C=C/c2cc[n+](CCCCSc3cccc[n+]3C)cc2)cc1,4,0
CC1=[N+]2C(=Nc3c(-c4ccccc4)cc(-c4cccs4)n3[B-]2(F)F)C=C1c1cccs1,4,0
CCN(C)c1ccc2c(/C=C/C=C/C=C3/C=C(Sc4ccccc4)c4ccccc4S3)cccc2c1,4,0
F[B-]1(F)n2c(ccc2-c2ccccc2)C(N2CCOCC2)=C2C=CC=[N+]21,4,0
BCC(=O)CC[n+]1ccc(-c2cc3ccc(N(C)CC)cc3oc2=O)cc1,4,0
CC1=C(C#Cc2ccsc2)SC2=C(S1)SC(=C(C#N)C#N)S2,4,0
COC(=O)CCN(C)c1ccc(/C=C/c2[nH+]c3ccccc3o2)cc1,4,0
COC(=O)c1ccccc1-c1c2ccc(=[N+](C)C)cc-2oc2c1ccc1cc(N)ccc12,4,0
Cc1ccccc1C1=C2C=C(S(C)(=O)=O)C(S(C)(=O)=O)=[N+]2[B-](F)(F)n2c1ccc2S(C)(=O)=O,4,0
CCc1c(C=O)c2ccccn2c1-c1cccs1,4,0
CCCCc1cc2c3cc(/C=C(\C#N)C(=O)O)sc3c3nc(N4CCOCC4)c(CC)nc3c2s1,4,0
COCCOCCC[n+]1ccc(/C=C/C=C2\C=CN(Cc3ccc([N+](=O)[O-])cc3)c3ccccc32)c2ccccc21,4,0
CCN(C)c1ccc2c(-c3cc(OC)c(OC)c(OC)c3)c3ccc(=[NH2+])cc-3oc2c1,4,0
CCN(CC)c1ccc(/N=N/c2ccc([N+](=O)[O-])cc2[N+](=O)[O-])cc1,4,0
CN(CCNc1cccc2c1C(=O)N(CCN1CCOCC1)C2=O)CCN(C)N=O,4,0
CCCCCCCCCCCn1c2ccccc2c2cc(-c3ccc(C=C(C#N)C#N)o3)ccc21,4,0
CCn1c2ccc(-c3nc4c5cccnc5c5ncccc5c4[nH]3)cc2c2cc(-c3ccc(/C=C(/C#N)C(=O)O)o3)ccc21,4,0
CCN(C)c1ccc2c(-c3ccccc3C(=O)N(C)CCCC(=O)[O-])c3ccc(=[N+](CC)CC)cc-3oc2c1,4,0
O=[N+]([O-])c1ccc(/C=C/c2ccc(/C=C/c3ccc(/C=C/c4ccc([N+](=O)[O-])cc4)cc3)cc2)cc1,4,0
CCC[n+]1cnccc1/C=C/c1ccc2c3c(cccc13)C(=O)N2CCOC,4,0
COc1ccccc1/C=C/c1cc(C)c2n1[B-](F)(F)[N+]1=CC=CC1=C2,4,0
CC1=CC2=C(c3ccc(C(=O)O)cc3)c3ccc(N(C)C)c[c]3[Ge]([CH3])([CH3])[C]2=[SH]1=O,4,0
COc1cc2sc3cc(Cl)ccc3[nH]c2c2c(=O)c3ccccc3c(=O)c12,4,0
CCN(C)c1ccc2cc(/C=C/C3=[N+](CC)c4ccc(S(=O)(=O)O)cc4C3(C)C)c(=O)oc2c1,4,0
CN(C)c1ccc(/C=C/c2cc[n+](CCC[N+](C)(C)C)cc2)c2nonc12,4,0
CCN(C)c1ccc(/C=C2\CC/C(=C\c3cc(-c4ccccc4)[s+]c(-c4ccccc4)c3)C2=O)cc1,4,0
CCCCN(/N=C/c1ccc(C#Cc2ccc3c4c(cccc24)C(=O)OC3=O)cc1)c1ccccc1,4,0
CCCCCOc1ccc(-c2cnc(-c3ccc(-c4ccc(C=C(C#N)C(=O)O)s4)s3)s2)cc1,4,0
COC(=O)/C=C/C1=[N+]2C(=C(c3ccccc3)c3cccn3[B-]2(F)F)C=C1,4,0
O=[N+]([O-])c1ccc(Nc2ccc(/N=N/c3ccccc3)cc2)cc1,4,0
CCCCCCCCCCc1csc(-c2ccc(-c3sc(-c4cccs4)cc3CCC)s2)c1,4,0
O=C(O)c1ccc(S(=O)(=O)O)cc1,4,0
N#CC(C#N)=C(C#N)c1ccc(N(c2ccccc2)c2ccccc2)cc1,4,0
C[Si](C)(F)c1ccc2c(C#Cc3ccccc3)c3ccccc3c(C#Cc3ccccc3)c2c1,4,0
[Li][O]S(=O)(=O)c1cc(N)c2c(/N=N/c3ccccc3)cc(S(=O)(=O)[O][Li])cc2c1,4,0
CCn1ccc2c3c4[nH]cc5cc(N(C)C)cc(ccc-3c3c(N(C)C)cc(c1=O)=c3c2=O)c54,4,0
CCCCCCCCCCOc1ccc(-c2ccc3c(c2)Sc2cc(-c4ccc(OCCCCC)c5nsnc45)ccc2N3c2ccc(C(=O)O)cc2)cc1,4,0
CN(c1ccccc1)c1ccc(/C(=C2\C=CC(=O)C(/C=C/c3ccc(N(c4ccccc4)c4ccccc4)cc3)=C2)c2ccccc2)cc1,4,0
F[B-]1(F)n2c(cc3c4ccccc4c4ccccc4c32)C(c2ccccc2)=C2C=CC(c3ccccc3)=[N+]21,4,0
CC(/C=N/c1ccc(C)cc1)=C\C=N\c1ccc(N(C)C)cc1,4,0
CN(C)c1ccc2nc3c4ccccc4c(=[N+](C)C)cc-3oc2c1,4,0
CCC[B-]1(OC(C)=O)OC(/C=C/c2ccc3cc(OC)ccc3c2)=CC(/C=C/c2ccc3cc(OC)ccc3c2)=[O+]1,4,0
CCCCc1c2cccc3c4c(N(C)CCC)ccc5[o+]c6ccc1c(c23)c6c54,4,0
CCCCC[n+]1ccc(/C=C/c2ccc(N(C)C)cc2)cc1,4,0
CCCCCCCCCN1C(=O)c2cccc3c2c(c(N)c2cc4ccccc4nc23)C1=O,4,0
Cc1ccc(C2=C3C=CC=[N+]3[B-](F)(F)n3c2ccc3N2CCCC2)cc1,4,0
CCN(C)c1ccc2c(-c3ccccc3C(=O)OC)c3ccc(=[N+](CC)CC)cc-3oc2c1,4,0
CCCCCCCn1c2ccc(-c3ccc(/C=C(/C#N)C(=O)O)o3)cc2c2cc3c(cc21)c1ccccc1n3CCC,4,0
Clc1ccc(/C=N/c2ccc(/N=N/c3ccccc3)cc2)s1,4,0
COCCOCCN1C(=O)c2cccc3c(-c4ccc(N(c5ccccc5)c5ccccc5)cc4)ccc(c23)C1=O,4,1
CN(C)c1ccc(/C=C/c2cc[n+](CCN)cc2)cc1,4,1
CCCCCOc1ccc2c(-c3ccc(N(c4ccccc4)c4ccccc4)cc3)cc3c(OC)ccc4ccc1c2c43,4,1
Cc1ccc2oc3cc(=[NH2+])ccc-3c(-c3ccc(C4OCCCO4)cc3)c2c1,4,1
CCCCCCCCCCCOc1cc(/C=C/c2ccc(C=O)cc2)c(OCCCCCCCCC)cc1/C=C/c1ccc(C=O)cc1,4,1
CCn1c(-c2ccc(-c3nnc(-c4ccc(-c5cc6ccccc6c6ccccc56)s4)o3)s2)cc2ccccc21,4,1
CCCn1cc(/C=C(\C#N)c2ccc(C=C(C#N)C(=O)O)s2)c2cc(OC)ccc21,4,1
COC(=O)CCCCC1(C)C(/C=C/C=C/Nc2ccccc2)=[N+](CCCS(=O)(=O)O)c2ccc(S(=O)(=O)O)cc21,4,1
CN(C)c1ccc(/C=C/c2cc[n+](CCCCCCCCCCC[n+]3ccc(/C=C/c4cccc(N(C)C)c4)cc3)cc2)cc1,4,1
CN(C)c1ccc2c(c1)O[B-](F)(F)[N+](c1ccccc1)=C2,4,1
COc1cc2nc(/C=C/c3ccccc3)c(/C=C/c3ccccc3)nc2cc1OC,4,1
CCCCCCCCCN(C)c1ccc(S(=O)(=O)O)cc1NC(=O)c1cc(/N=N/c2ccc(O)cc2Cl)c2ccccc2c1O,4,1
CCCCCCCN1C(=O)c2ccc(-c3ccc(-c4ccc(-c5ccc6c7c(cccc57)C(=O)N(CCCCC)C6=O)s4)s3)cc2C1=O,4,1
COCOCOc1cc(COCOC)c(C#Cc2ccc(C(=O)O)cc2)cc1C#Cc1ccc(C(=O)O)cc1,4,1
Oc1cc(Cl)cc(/N=N/c2cccc3ccccc23)c1O,4,1
CN(CCO)c1ccc(/C=C/c2cccc[n+]2CCSSCC[n+]2ccccc2/C=C/c2ccc(N(CCO)CCO)cc2)cc1,4,1
F[B-]1(F)n2c(cc(Cl)c2-c2ccccc2)C(c2ccccc2)=C2C=CC(Cl)=[N+]21,4,1
COc1ccc(/C=C/C2=CC(/C=C/c3ccc(OC)c(OC)c3)=[O+][B-](F)(F)O2)cc1OC,4,1
CCCCCCCCn1c(-c2cccs2)nc2c(-c3cccs3)sc(-c3cccs3)c21,4,1
CCC1=Cc2c(Cc3ccccc3)c(Cc3ccccc3)[o+]c3cc(Cc4ccccc4)c4ccc5cccc1c5c4c23,4,1
CCCCCCCN1c2ccccc2Sc2cc(/C=C(/C#N)C(=O)O)ccc21,4,1
CC(=O)c1c(C)c2cc(C)c(OCc3ccccc3)cc2oc1=O,4,1
CN1C(=O)/C(=C/c2c3ccccc3cc3ccccc23)SC1=S,4,1
CCCCCCCN1C(=O)c2cccc3c(-c4ccc(C#N)c5ccccc45)ccc(c23)C1=O,4,1
CCCNC(=CC1=CC2=C(c3ccccc3)c3cc(/C=C/C(=O)OC(C)(C)C)cn3[B-](F)(F)[N+]2=C1)OC(C)(C)C,4,1
CN(C)c1ccc2nc3ccccc3[n+](C)c2c1,4,1
O=c1cc(-c2ccc(O[C@@H]3O[CH][C@H](O)[C@@H](O)[C@@H]3O)cc2)c2ccc3ccccc3c2o1,4,1
CCCCCCCCCCCCCNc1ccc(/N=N/c2ccc(C#N)cc2)cc1,4,1
COC(=O)C1=C(c2ccccc2)NC2=C(C(=O)CCC2)C1c1cccs1,4,1
CN(C)c1ccc(C2=Nc3scc(-c4ccccc4)[n+]3[B-](F)(F)O2)cc1,4,1
CCCCCCCCCCCOc1cc2ccc(N(C)C)cc2cc1/C=C(\C#N)C(=O)O,4,1
CCCCCCCOc1ccc(OCCC)c2c(OCCCCCCC)cccc12,4,1
COC(=O)/C=C/C1=CC2=C(c3ccccc3)c3cccn3[B-](F)(F)[N+]2=C1,4,1
COC(=O)CCC1=C2C=C(C)C=[N+]2[B-](F)(F)n2c(SC#N)ccc21,4,1
CCCN1C(=O)/C(=C/c2c3ccccc3cc3ccccc23)SC1=S,4,1
CCCOc1ccc2oc(=O)ccc2c1,4,1
CCCCCn1c(-c2ccc(C(F)(F)F)cc2)nc2c3ccccc3c3ccccc3c21,4,1
COC1=[N+]2C(=C(c3ccccc3)c3ccc(OC)n3[B-]2(F)F)C=C1,4,1
COCCCCN1C(=O)C2=C(c3ccncc3)N(CCOCCOCCOC)C(=O)C2=C1c1ccncc1,4,1
CCCCCCCCCN1/C(=C\C=C\C2=[N+](C)c3ccccc3C2(C)C)C(C)(C)c2ccccc21,4,1
Cc1ccc2oc3cc(=[NH2+])ccc-3c(-c3ccc(Oc4ccccc4)cc3)c2c1,4,1
CN(C)c1ccc(/C=C/c2nc3c4ccccc4c4ccccc4c3[nH]2)cc1,4,1
N#CC1=C(c2ccccc2)c2ccccc2S[C@@H]1c1ccccc1,4,1
COCCOCCOCC(COC)OCOC,4,1
CSc1ccc(-c2cc3ccc(OCC[NH2+])cc3oc2=O)cc1,4,1
CN(C)c1ccc(/C=C/c2nc3ccccc3s2)cc1,4,1
CN(C)CCCCCCCCCCN1C(=O)c2cccc3c(N(C)C)ccc(c23)C1=O,4,1
CN(C)c1ccc(C2=C3C=CC=[N+]3[B-](F)(F)n3cccc32)cc1,4,1
CC1(C)c2ccccc2-c2ccc(N3c4ccccc4Sc4cc(/C=C(\C#N)C(=O)O)ccc43)cc21,4,1
CCCCCCCCCNc1ccc(/N=N/c2ccc(C#N)cc2)cc1,4,1
CC1(C)CC(=O)C2=C(C1)OC(N)=C(C#N)[C@H]2c1ccccc1Cl,4,1
CCCCCCCCCCCC1=C2C(C)=CC(C)=[N+]2[B-](F)(F)n2c(/C=C/c3cc[nH+]cc3)cc(C)c21,4,1
O=C1C=C(c2cccc3c2ccc2c3cnn2-c2ccccc2)c2ccccc21,4,1
CN(C)c1ccc(/C=C/c2cccc[n+]2CCSSCC[n+]2ccccc2/C=C/c2ccc(N(CCO)CCO)cc2)cc1,4,1
CC1=C(C)C(C)=[N+]2C1=C(c1[nH]ccc1C)c1ccc(C)n1[B-]2(F)F,4,1
CCOc1ccc2c3c(c(OC)ccc13)C=CC=c1c3cccc(c3-2)c2ccccc12,4,1
CN(C)c1ccc(/C=C/c2cc[n+](CCS)cc2)cc1,4,1
CCNC(=O)CSc1nc2ccc(/N=C/c3c4ccccc4cc4ccccc34)cc2s1,4,1
COc1ccc(-c2c3ccccc3c(-c3cc(OC)cc(OC)c3)c3ccccc23)cc1,4,1
CCCCCCCCCCCOc1ccc2c(c1)c1cc(OCCCCCCC)ccc1c1c3cc(OCCCCCCCCC)ccc3c3cc(OCCCCCCCCCCC)ccc3c21,4,1
O=C(O)c1ccc(C2=C3C=CC=[N+]3[B-](F)(F)n3cccc32)cc1F,4,1
CN(C)c1ccc2cc(C#N)c(C#N)cc2c1,4,1
COc1cc(-c2nc(-c3ccc(N(c4ccccc4)c4ccccc4)cc3)n3ccccc23)cc(O)c1OC,4,1
O=C1Nc2ccc(-c3ccc(/N=N\c4ccccc4)cc3)c3cccc1c23,4,1
N#C/C(=C\c1cc2cc(O)ccc2oc1=O)c1nc2ccccc2s1,4,1
CCCCCn1c2ccccc2c2cc(-c3ccc(/C=C(\C#N)C(=O)O)s3)ccc21,4,1
COc1ccc(-c2ccc([N+](=O)[O-])o2)cc1,4,1
CCCCCCCC[n+]1ccc(/C=C/c2ccc(N(C)C)c3ccccc23)c2ccccc21,4,1
CCc1ccc2sccc2[n+]1C,4,1
CN(C)c1ccc(/C=C2\CC/C(=C\c3ccc(N(C)C)cc3)C2=O)cc1,4,1
CCCN1C(=O)c2cccc3cc(/N=N\c4ccc(N(CC)CC)cc4)cc(c23)C1=O,4,1
CN/C=C1\Nc2c(Br)ccc(O)c2C1=O,4,1
CCN(C)c1ccc(/C=C2/SC(=S)N(CC(=O)O)C2=O)cc1,4,1
CCN(CC)c1ccc(/C=C/c2ccc3nc(/C=C/c4ccc(N(C)C)cc4)oc3c2)cc1,4,1
CCCCCCCCCCN(C)c1ccc(S(=O)(=O)O)cc1NC(=O)c1cc(/N=N/c2c(Cl)cccc2Cl)c2ccccc2c1O,4,1
CN(C)c1ccc([N+](=O)[O-])c2cccnc12,4,1
F[B-]1(F)n2c(c3ccccc3c2-c2ccccc2)C(c2ccccc2)=C2c3ccccc3C(c3ccccc3)=[N+]21,4,1
[O-]c1cc2ccccc2cc1/N=N/c1ccc(Cl)cc1O,4,1
CC1=CC(C)=[N+]2C1=C(c1ccc(I)cc1)c1c(C)cc(C)n1[B-]2(F)Oc1ccc([N+](=O)[O-])cc1,4,1
CCCCCCCCCCN(C)c1ccc(S(=O)(=O)O)cc1NC(=O)c1cc(/N=N/c2ccccc2Cl)c2ccccc2c1O,4,1
COC(=O)/C=C/C1=CC2=C(c3ccc(OC)cc3)c3cc(/C=C/C(=O)OC(C)(C)C)cn3[B-](F)(F)[N+]2=C1,4,1
CCCCCCCCCCCCCCCCCN1/C(=C/C=C/C2=[N+](CCCCCCCCCCC)c3ccccc3C2(C)C)C(C)(C)c2ccccc21,4,1
CC1=CC(C)(C)Nc2c1c(N)cc1ccccc21,4,1
NC1=NC(=O)c2ccccc21,4,1
CCN(CCCCC(=O)O)c1ccc2cc(-c3ccc(C#N)cc3)c(=N)oc2c1,4,1
Fc1nc(N/N=C/c2c3ccccc3cc3ccccc23)ncc1-c1ccccc1,4,1
CN1CCc2cc(/N=N/c3ccc(Br)cc3)ccc21,4,1
CCN(c1ccccc1)c1ccc2c3c(cccc13)C(=O)OC2=O,4,1
CCCCCCCCCN(C)c1ccc(/C=C/c2cc[n+](CCCSSCC[n+]3ccc(/C=C/c4ccc(N(C)CCCCCCC)cc4)cc3)cc2)cc1,4,1
CN(C)c1ccc(/C=C2\CC/C(=C\c3ccc(C#N)cc3)C2=O)cc1,4,1
C[Si]1C=C(c2ccc(C3=C4C=CC=[N+]4[B-](F)(F)n4cccc43)cc2)c2cc(Br)ccc21,4,1
COc1ccc(C2=C3C=C(/C=C/C(=O)O)C=[N+]3[B-](F)(F)n3cccc32)cc1,4,1
Cc1cc2cc3ccccc3cc2cc1Br,4,1
F[B-]1(F)Oc2ccc3ccccc3c2-c2sc3ccccc3[n+]21,4,1
CCCCCCCN(CCCCC)c1ccc(-c2ccc(-c3ccc(/C=C(\C#N)C(=O)O)s3)c3nsnc23)cc1,4,1
CCN1CCC2(OCCO2)C1=O,4,1
CCCCCCCCCOC(=O)/C=C/C1=CC2=C(c3c(C)cc(C)cc3C)c3cccn3[B-](F)(F)[N+]2=C1,4,1
CCCCCCCCCCN1C(=O)c2cccc3c(N(C)C)ccc(c23)C1=O,4,1
F[B-]1(F)Oc2ccc3ccccc3c2-c2c3ccccc3cc[n+]21,4,1
O=CN/N=C/c1c2ccccc2cc2ccccc12,4,1
COc1cccc(OCCCCCN2c3ccccc3Sc3cc(-c4ccc(C=C(C#N)C(=O)O)s4)ccc32)c1,4,1
CCN(C)c1ccc2cc(-c3nc(-c4ccccc4)c(-c4ccccc4)o3)c(=O)oc2c1,4,1
CCN(C)c1ccc(/C=N/c2ccc(/N=N/c3ccccc3)cc2)cc1,4,1
CCCCCOc1ccc(C2=C3C(C)=CC(C)=[N+]3[B-](F)(F)n3c(C)cc(C)c32)cc1,4,1
Cc1ccc2c3c(cccc13)C(c1cccc3ccccc13)=C2,4,1
CCCCCCCOc1ccc(N2c3ccccc3Sc3cc(/C=C(/C#N)C(=O)O)ccc32)cc1,4,1
CCc1c(C)c2cc3occ(-c4ccccc4)c3cc2oc1=O,4,1
CCCCCCCOc1ccc2cc(/C=C/c3cc[n+](Cc4ccccc4)cc3)c(=O)oc2c1,4,1
CCCN(c1ccccc1)c1ccc(C=C(C#N)C(=O)O)cc1,4,1
CCN(CC)c1ccc2cc(-c3ccc(S(=O)(=O)O)cc3)c(=O)oc2c1,4,1
COc1cccc(C2=C3C=CC=[N+]3[B-](F)(F)n3cccc32)c1,4,1
CN(C)c1ccc(/C=C/C(=O)c2c3ccccc3cc3ccccc23)cc1,4,1
COC1=C/C(=C(/c2cc(C(C)C)c(O)c(C(C)C)c2)c2ccccc2S(=O)(=O)[O-])C=C(C)C1=O,4,1
CN(C)C1=CC=c2c(-c3ccccc3C(=O)[O-])c3c(oc2=O)=C1C=C3,4,1
CCCCCCCCCN1C(=O)C2=C(c3ccccc3)N(CC(=O)OCC)C(=O)C2=C1c1ccc(-c2ccccc2)cc1,4,1
CCCN1C(=O)c2cccc3c(N(Cc4ccccn4)Cc4ccccn4)ccc(c23)C1=O,4,1
CCCCCCCCCN(CC[CH2][Na])c1ccc(/C=C/c2cc[n+](CCCS(=O)(=O)[O-])cc2)cc1,4,1
CCCCCCCCCN(C)/N=C/c1cc(/N=N/c2cccc(Br)c2)ccc1O,4,1
Cn1c(-c2ccc([N+](=O)[O-])o2)cn2c(Br)c(-c3ccco3)nc12,4,1
Nc1cc2nc3ccccc3nc2cc1[N+](=O)[O-],4,1
CCN(c1ccc2c3c(cccc13)C(=O)OC2=O)c1ccc2ccc3cccc4ccc1c2c34,4,1
CCCCCCCCCCCOc1ccc(-c2c3ccccc3c(-c3ccc(/C=C(\C#N)C(=O)O)cc3)c3ccc(OCCCCCCCCC)cc23)cc1,4,1
CCCN(C)c1ccc2c(-c3ccc(N)cc3C(=O)O)c3ccc(=[N+](C)C)cc-3oc2c1,4,1
CC1=Cn2c(C)c(C#N)c(C)c2C(c2ccc(C(=O)O)cc2)=C2C1=Cc1ccccc1N2C,4,1
CN1C(=O)c2cccc3c(-c4ccc(N5CCOCC5)cc4)ccc(c23)C1=O,4,2
CN(C)c1ccc(/C=C/c2cc(/C=C/c3ccc(N(C)C)cc3)nc(/C=C/c3ccc(N(C)C)cc3)n2)cc1,4,2
O=Cc1ccc(-c2ccc(-c3nc4cc5sc(-c6cccs6)nc5cc4s3)s2)s1,4,2
O=C1C=N/C1=C\c1ccc([N+](=O)[O-])cc1O,4,2
C1=CC2=Nc3ccc(-c4ccc5c6ccccc6n(-c6ccc(-c7cncc(-c8ccccc8)c7)cc6)c5c4)cc3C2=C1,4,2
CCCCCCC1(CCCC)c2cc(C#Cc3ccc(N(c4ccccc4)c4ccccc4)cc3)ccc2-c2ccc(C=O)cc21,4,2
COC(=O)[C@H](Cc1ccc2nc(-c3ccc(OC)cc3)sc2c1)NC(=O)OC(C)(C)C,4,2
F[P-]=C1C=C(c2ccc3ccccc3c2)O1,4,2
CCCCCCCCCCOc1ccc(N2c3ccccc3Sc3ccccc32)c2cc(OCCCCCCC)ccc12,4,2
CCCCCCCCCCCNc1ccc(/N=N/c2ccc(C#N)cc2)cc1,4,2
Cn1c2ccccc2c2cc(/C=N/NC=O)ccc21,4,2
CN1Cc2cc3ccc(N)cc3c(-c3ccc(-c4cccs4)s3)c2C1,4,2
c1ccc(-c2ccc(-c3ccccc3)o2)cc1,4,2
CCCCCCc1ccc2nc3ccccc3c(Nc3cccc4ccccc34)c2c1,4,2
CN(C)c1ccc2c(-c3ccc(C(F)(F)F)cc3)c3ccc(=[NH2+])cc-3[nH]c2c1,4,2
CN(C)c1ccc(/C=C/c2c3ccccc3nc3ccccc23)cc1,4,2
F[B-]1(F)OC(c2ccccc2)=Cc2ccc3ccccc3[n+]21,4,2
C=C(C)C(=O)NCCN(CC(=O)C(COC(C)=O)N(C)C)CC(=O)N(C)CC(=O)OC,4,2
CCCN1C(=O)c2cccc3c(NCCO)ccc(c23)C1=O,4,2
CCCCCCCC[n+]1ccc(/C=C/c2ccccc2O)c(O)c1,4,2
CC/N=C/c1ccc2ccc3cccc4ccc1c2c34,4,2
CCCCOc1ccc(/C=C/C2=[O+][B-](F)(F)OC(/C=C/c3ccc(OC)cc3)=C2c2ccccc2)cc1,4,2
Cc1ccc(C2=C3C=C(C=O)C=[N+]3[B-](F)(F)n3cc(C#N)cc32)cc1,4,2
CCCCCCCCC(=O)N/N=C/c1c2ccccc2cc2ccccc12,4,2
COc1ccc(/N=N/c2cc(C(N)=O)c(O)c3ccccc23)cc1,4,2
F[B-]1(F)Oc2ccc3ccccc3c2-c2c3ccccc3nc[n+]21,4,2
CC(=O)n1c(=O)c2cc3ccc4cccc5ccc2c1c3c45,4,2
CCN(CCCCCN)c1cccc2ccccc12,4,2
Cc1cccc(-c2nnc(-c3ccccc3)o2)c1,4,2
COc1cc(S(=O)(=O)[O-])c2cccc3c2c1C=C3,4,2
CN(C)c1ccc2cc(-c3nc(-c4ccccc4)c(-c4ccccc4)[nH]3)ccc2c1,4,2
CCCCCOc1ccc2cc(-c3cc4ccc(OC)cc4oc3=O)oc2c1,4,2
CCCCCCCCCCCNc1ccc([N+](=O)[O-])c2c1ccc[n+]2[O-],4,2
CCCCCc1cc(C=O)sc1-c1ccc(-c2ccc3c(c2)c2ccccc2n3CC)s1,4,2
CN(C)c1ccc(C2=Nc3sc4ccccc4[n+]3[B-](F)(F)O2)cc1,4,2
CCCC(=O)/C=C/C1=CC2=C(c3ccccc3)c3cccn3[B-](F)(F)[N+]2=C1,4,2
Brc1cc(-c2c3ccccc3c(C3=C4C=CC=C4C=C3)c3ccccc23)c2ccccc2c1,4,2
CCCCCCCCCCOc1cc(OCCCCCCC)c(C#Cc2ccc(N(C)C)cc2)cc1-c1ccc(/C=C(\C#N)C(=O)O)s1,4,2
Cc1ccc(-c2cc3ccc(N(C)C)cc3c(=O)o2)s1,4,2
CCCCCCCCN1C(=O)c2ccc3c(-c4ccc(F)cc4)ccc(-c4ccc(F)cc4)c3c2C1=O,4,2
CCCCCCCCOc1ccc(O)c(/C=N/c2ccc(/N=C/c3c(O)ccc4ccccc34)cc2)c1,4,2
O=S(=O)(O)c1ccc(/N=N/c2ccc(O)c3ncccc23)cc1,4,2
CCCN(C)c1cccc2nonc12,4,2
CN(C)c1ccc(/C=C/c2nc(N)c3c([n+]2[O-])CCCC3)cc1,4,2
CN(C)c1ccc(/C=C/c2nc3ccccc3o2)cc1,4,2
F[B-]1(F)Oc2ccc3ccccc3c2-c2cccc(CCCC[CH2][Sn])[n+]21,4,2
CCCCCCCCCCCOc1ccc(/C=C/c2ccc(C=O)cc2)cc1OCCCCCCCCCCC,4,2
Cc1cccc(C2=C3C=CC=[N+]3[B-](F)(F)n3cccc32)c1,4,2
CCCCCCCOc1cc(-c2ccc(N(c3ccccc3)c3ccccc3)cc2)c(OC)cc1C=O,4,2
CCCCCCCCCCCCCOc1cc(/C=N/c2ccc(/N=N/c3ccccc3)cc2)c(OCCCCCCCCCCC)cc1Br,4,2
Nc1nc(N)n2nc3ccccc3cc12,4,2
CCCn1c2ccc(C=C(c3ccccc3)c3ccccc3)cc2c2cc(-c3ccc(C=C(c4ccccc4)c4ccccc4)cc3)ccc21,4,2
CCCCN(CCC)c1ccc(-c2c3c(n4ccc(-c5ccc(C#N)cc5)cc24)C(=O)N(CCC)C3)s1,4,2
O=C1/C(=C/c2ccc(-c3cccc(C(F)(F)F)c3)s2)CC/C1=C\c1ccc(-c2cccc(C(F)(F)F)c2)s1,4,2
Fc1cnc2nc3ccccc3cc2c1,4,2
CCN(C)c1ccc(/C=C/c2ccncn2)cc1,4,2
C1=NC(c2ccc(-c3ccc(-c4nc(-c5ccccc5)c(-c5ccccc5)[nH]4)s3)s2)=N1,4,2
CCCCCCCCC[n+]1ccc(/C=C/c2ccc(-n3ccnc3)cc2)cc1,4,2
CN1CCc2cc(/N=N/c3ccc(C(F)(F)F)cc3)ccc21,4,2
CCCCCCCn1c2ccc(-c3ccc(/C=C(/C#N)C(=O)O)cc3)cc2c2c1c1ccccc1n2CC(CCC)CCCCC,4,2
CCCCCCCCCNc1ccc(/N=N/c2ccccc2)cc1,4,2
N#CC([O-])=C1C(C#N)=C1C#N,4,2
CCCN1C(=O)c2cccc3c(N(Cc4ccccc4)c4ccccc4)ccc(c23)C1=O,4,2
CCCCCCCCOc1cc(C=O)c(OCCCCCCC)cc1/C=C/c1cc(OCCCCC)ccc1OCCCCCCC,4,2
CCCCCCNc1ccc(/N=N/c2ccc(C#N)cc2)cc1,4,2
CN(C)c1ccc2c(-c3ccccc3)cc(=O)oc2c1,4,2
CCCOc1ccc(-c2nn(-c3ccccc3)c3cc(-c4ccc(C=C(C#N)C(=O)O)s4)ccc23)cc1,4,2
CCCCCCCCCCCOc1ccc(C#Cc2cc(C#Cc3ccc(OCCCCCCCCCC)cc3)ccc2OCCCCCCCCC)cc1,4,2
CCCCNC(=O)c1ccc2ccc3cccc4ccc1c2c34,4,2
CCCC(=O)/C=C/c1ccc2cc(N(C)C)ccc2c1,4,2
COC(=O)C1=C(C)c2cc3c(C)c(C(=O)OC)[nH]c3c(=O)n2C1=O,4,2
CCCCCCCC[n+]1ccc(/C=C/c2ccc(C)cc2)cc1,4,2
CCCCCCCCCCCCNc1ccc(/N=N/c2ccc(C#N)cc2)cc1,4,2
CCCCCCCCCCCCCOc1cc(OCCCCCCCCCCCC)c(OCCCCCCCCCCCCC)cc1C#Cc1ccc(C=C(C#N)C#N)cc1,4,2
N#Cc1nc(-c2ccccc2)sc1N1CCCC1,4,2
CN(C)c1ccc(C2=Cc3cccc[n+]3[B-](F)(F)O2)cc1,4,2
CN(C)c1ccc(/C=C/C=O)cc1,4,2
CCCCCCCCCOc1cc2cc(-c3ccc(C(=O)OCC)cc3)sc2cc1C#Cc1ccc(C(=O)OCC)cc1,4,2
CCCCCCCCNc1ccc(/N=N/c2ccc(C#N)cc2)cc1,4,2
Cc1ccc(Nc2ccc3c4c(cccc24)C(=O)N(C)C3=O)cc1,4,2
CN(C)c1ccc2c(c1)nnc1c2c(-c2ccccc2)nn1-c1ccccc1,4,2
CCCCCN1C(=O)c2cccc3cc(/C=N\c4cc5c6c(cccc6c4)C(=O)N(CCC)C5=O)cc(c23)C1=O,4,2
CCN(C)c1ccc(/C=C/c2cccc[n+]2CCSSCC[n+]2ccccc2/C=C/c2ccc(N(C)CCC[N+](C)(C)C)cc2)cc1,4,2
COc1ccc(C2N=C(N)c3cccc4cccc2c34)cc1OC,4,2
COc1cccc(Nc2c3ccccc3nc3ccccc23)c1,4,2
C1=CC2=C(/C=N/c3ccc(-c4nc5sc(-c6cccs6)nn5c4-c4ccccc4)cc3)C=CC2=C1,4,2
CCCC(OC(=O)c1ccccc1N=Nc1ccc(O)cc1)C(=O)NC(C)(C)C,4,2
C1=NC(c2ccc(-c3ccc(N(c4ccccc4)c4ccccc4)cc3)cc2)=N1,4,2
CCCCCCCc1ccc(-c2ccc(-c3ccc(CCCC)s3)s2)s1,4,2
CCCCN(C)c1ccc(C=C2SC(=S)N(CC(=O)O)C2=O)cc1,4,2
COc1cc(-c2nc3c4cccnc4c4ncccc4c3n2-c2ccc(C(C)(C)C)cc2)cc(OC)c1OC,4,2
COC(=O)/C=C/c1cn(-c2ccc(N(C)C)cc2)nc1-c1ccccc1,4,2
O=C1C=N/C1=C\c1ccc(O)cc1,4,2
CCCCCCCCC[n+]1ccc(/C=C/c2ccc(C)cc2)cc1,4,2
CC(C)(C)NC(=O)C(=O)N/N=C/c1c2ccccc2cc2ccccc12,4,2
O=S(=O)(c1ccc(-n2c3ccccc3c3ccccc32)cc1)c1ccc(-n2c3ccccc3c3ccccc32)cc1,4,2
N#CC(=O)c1nc2ccccc2o1,4,2
CCCCCn1c2ccccc2c2cc(C#Cc3ccc4c5ccc(C#Cc6ccc7c(c6)c6ccccc6n7CCCCC)cc5n(CCC)c4c3)ccc21,4,2
Cn1c(=O)oc2ccccc2c1=O,4,2
CN(C)c1ccc(-c2c[nH]n3ccc(C=O)c23)cc1,4,2
CN(C)c1ccc2cc(/C=C/C(=O)O)c(=O)oc2c1,4,2
COC(=O)C1=C(c2ccccc2)NC(=O)C1=Cc1cccs1,4,2
CCCCCCCCCCCSSCC[n+]1ccc(/C=C/c2ccc(N(C)CCCCCC)cc2)cc1,4,2
CN(C)c1ccc(/C=C/c2ccnc(/C=C/c3ccc(N(C)C)cc3)c2)cc1,4,2
CCCCCCCNC(=O)c1cc(Br)c[n+](Cc2c(Cl)cccc2Cl)c1,4,2
CCCNc1ccc2ccccc2c1/N=N/c1ccc(C)cc1,4,2
COC(c1cc2cc(N(C)C)ccc2oc1=O)(C(F)(F)F)C(F)(F)F,4,2
F[B-]1(F)OC(c2ccc3ccccc3c2)=CC=[O+]1,4,2
Cc1ccc(-c2cc(-c3cc(-c4cc(C)c(-c5cccc(C)c5)s4)sc3C#N)sc2C#N)cc1,4,2
CCCCCCCCCCCCCCCOc1ccc2c(c1)C(OCCCCCCCCCCC)=CC=C1C=CC3=Nc4c5ccccc5nc5[n+]4[B-]1(Nc1ccccc1-5)N32,4,3
CCCC=Cc1ccc2c3c(cccc13)CC2,4,3
COc1cc(-c2ccc(-n3ccnc3)cc2)cc(-c2ccc(-n3ccnc3)cc2)c1,4,3
Fc1ccc2sc3c(-c4nc5ccccc5s4)cccc3c2c1,4,3
CCCCCCCCCCOC(=O)c1cccc(N2N=C(c3ccccc3)CC2c2ccc3cc(Br)ccc3c2)c1,4,3
CCCc1ccc2nc3nc(CCC)c(C)cc3cc2c1,4,3
CN(C)c1ccc(/C=C/c2cccc[n+]2CCCS(=O)(=O)[O-])cc1,4,3
CCN1[C@@H]2CC[C@H]1CC(Oc1ccc(/N=N/c3ccccc3)cc1)C2,4,3
CCCCCCCCCCCCCC[C@@]1(CCCCC)C(=O)N(C)c2ccccc21,4,3
COC(=O)c1ccc2c(=O)n(-c3ccc(N(C)C)cc3)c(=O)oc2c1,4,3
c1ccc2c(-c3cc4ccccc4c4ccccc34)cccc2c1,4,3
CCCCCCCCCCCCCOc1cc2ccccc2cc1NC(=O)c1cccc([N+](=O)[O-])c1,4,3
CC1=C(c2ccccc2)c2ccccc2B2C1=Cc1ccccc1N2Cc1ccccc1,4,3
Cc1cc2ccccc2c2c1cc(C(=O)c1ccccc1)c1ccccc12,4,3
CCCCCOc1ccc(C#Cc2cc3ccccc3cc2C#Cc2ccc(C(F)(F)F)cc2)cc1,4,3
CCCCCCCCCC[n+]1ccc(/C=C/c2ccccc2O)cc1,4,3
Cc1oc2cc3nc4ccccc4nc3cc2c1C(C)(C)C,4,3
C1=CC2=Nc3ccc(-c4ccc(-c5nc6ccccc6n5-c5ccccc5)s4)cc3C2=C1,4,3
CN(C)c1ccc(-c2cccc3nc4ccccc4nc23)cc1,4,3
CCCCCCCCCc1ccc(/N=N/c2ccc(OC)cc2)cc1,4,3
CCCCCOc1cc(-c2nn(-c3ccccc3)c3ccc(Cl)cc23)c(OCCC)cc1/C=C/c1ccncc1,4,3
CN(C)c1ccc2nc3ccccc3nc2c1,4,3
COC(=O)c1ccc(N2CCC2)cc1O,4,3
COC(=O)NCCN1Cc2c(-c3ccc(Oc4ccccc4)cc3)c3cc(C(C)=O)ccn3c2C1=O,4,3
COc1cc2ccccc2cc1-c1nc2sc(-c3ccncc3)nc2s1,4,3
CCCCCCCCCCNc1ccc(/N=N/c2ccccc2)cc1,4,3
CCCCn1c2ccccc2c2cc(C(F)(F)F)ccc21,4,3
CCc1cc2ccc(-c3cccs3)cc2[nH]c1=O,4,3
CCCCCCCCCN(c1ccc(S(=O)(=O)[O-])cc1)c1ccc(S(=O)(=O)[O-])cc1,4,3
CCC1(C)c2ccccc2-c2ccc(-c3ccc(-c4cc(-c5ccccc5)n(-c5ccccc5)n4)c4nsnc34)cc21,4,3
C1=NC(c2ccc3ccccc3c2)=N1,4,3
CCc1cc2ccccc2c2oc(=O)c3c(=O)oc4ccc5ccccc5c4c3c12,4,3
CCCCCCCCCCCOc1ccc(/[N+]([O-])=N/c2ccc(OCCCCCCCCC)cc2)cc1,4,3
O=[N+]([O-])c1ccc2c(S(=O)(=O)O)ccnc2c1,4,3
CCCCCCCCCCC[n+]1ccc(/C=C/c2ccccc2O)c(OCCCC)c1,4,3
C#Cc1cc2ccccc2oc1=O,4,3
CN(C)c1ccc(-c2nc3ccccc3[nH]2)cc1,4,3
COC(=O)C1=CC2=C(c3ccc(F)cc3)c3c(C(=O)OC)cc(-c4ccccc4O)n3[B-](O)(F)[N+]2=C1,4,3
O=c1[nH]c2cc(-c3nc4ccccc4[nH]3)ccc2o1,4,3
N/C=c1\[nH]c2cccc3cccc1c32,4,3
CN(C)c1ccc2cc(-c3ccncc3)ccc2c1,4,3
CC1=N/C(=C\c2ccc(C(F)(F)F)cc2)C(=O)N1,4,3
CCCCCCCCCCCOc1c(Cl)cc(C2=Nc3c(c(N)nn3-c3ccc([N+](=O)[O-])cc3)C2)cc1OC,4,3
c1ccc2c(c1)CCc1nc(C3=NN=N3)c3c(c1-2)CCc1ccccc1-3,4,3
C1=C2C=C(c3ccccc3)c3ccccc3B2Nc2ccccc21,4,3
CCCCCCCCCCCCCOc1ccc2cc(-c3ccc(OC)cc3)oc2c1,4,3
COc1cccc2c1sc1c3nsnc3c3cc[nH]c3c21,4,3
O=C1CCC(c2ccccc2)=C1/C=C/c1ccccc1,4,3
CC1=CC(C)=[N+]2C1=C(c1ccc(Br)cc1)c1c(C)cc(C)n1[B-]2(F)OC(=O)c1ccc(Br)cc1,4,3
Oc1cccc(C#Cc2cc(C#Cc3ccccc3)c3ccccc3c2)c1,4,3
O=C1N=C(N2[CH]CCC2)S/C1=C\c1ccccc1,4,3
Cc1ccc(-c2csc3[n+]2[B-](F)(F)OC(c2ccc(N(C)C)cc2)=N3)cc1,4,3
F[B-]1(F)Cc2c(c(-c3ccc(-c4cccs4)s3)c3nc(-c4ccccc4)c(-c4ccccc4)nc3c2-c2ccc(-c3cccs3)s2)O1,4,3
O=C1CC(=Cc2ccccc2)C=C1c1ccccc1,4,3
COc1ccc(-c2nc3c4cccnc4c4ncccc4c3nc2OC)cc1,4,3
C1=CC2=C([Si](c3ccccc3)(c3ccccc3)c3ccc4ccc5cccc6ccc3c4c56)C=CC2=C1,4,3
Cc1cnc(-c2cccc(C=O)c2)o1,4,3
CCCCc1nc(-c2ccc(Cl)cc2)c(-c2nc3ccc(OCC(CC)CCCC)cc3s2)s1,4,3
COC(=O)c1cc(-c2cccc(Cl)c2Cl)nc2ccc(Br)cc12,4,3
CC(=O)NC(COc1ccc2c(c1)oc(=O)c1ccccc12)C(=O)O,4,3
CC(=O)NCCNc1cc(Nc2ccccc2)c2ccccc2n1,4,3
CCOc1ccc(-c2cccs2)cc1,4,3
Cc1cc(-c2cccs2)cc(-c2cccs2)c1,4,3
CN(C)c1ccc(/C=C/c2cccc[n+]2CCCS(=O)(=O)O)cc1,4,3
CCC1=CS(=O)c2[nH]ccc21,4,3
COC(=O)c1cccc(C2=NC=C(C)C2)c1,4,3
CCCCCCCCCNc1ccc(C#N)cc1,4,3
CCCCC[n+]1ccc(C)cc1,4,3
CCCCCCCCCCCCCCNC(=O)c1cc2cc(OCCCCCCCCCCCCC)c(C=O)cc2cc1O,4,3
CCCCCCCCCCCCC[n+]1ccccc1/C=C/c1ccccc1O,4,3
CCCC1(CC)c2ccccc2-c2ccc(-n3c4ccc(C(F)(F)F)cc4c4cc(C(F)(F)F)ccc43)cc21,4,3
CCCCOCCOCCOc1ccc2cc(-c3cccs3)c(=O)oc2c1,4,3
N#CC(=O)c1ccc2c(c1)c1ccccc1n2-c1ccccc1,4,3
CC1=[O+][B-]2(OC1=O)OC(=O)c1cccc(O)c12,4,3
CC1=C(C2=Cc3ccccc3N(Cc3ccccc3)C2(C)C)C(=O)[N-]1,4,3
O=C1c2ccccc2C(=O)N1Nc1cnc2ccc(Br)cn12,4,3
O=C(O)C1=NC2C(OCCCOC=CC3=COC(=O)C32)C(=O)N1,4,3
CCCCCCCCCCCC(=O)Nc1ccc(C(=O)/C=C/c2ccc(N(C)CCO)cc2)cc1,4,3
CCCCOc1ccc2nn(-c3ccccc3)nc2c1,4,3
CC1=C(C)c2cccc[n+]2[B-](F)(F)n2c1cc1ccccc12,4,3
COC(=O)c1nc(-c2ccccc2)oc1-c1ccccc1,4,3
CCCCCCNc1ccc(/N=N/c2ccccc2)cc1,4,3
CCCCCCCCCCC[n+]1ccc(C)cc1,4,3
CCCCCCCCOc1cc(OCCCC)cc(-n2c3ccccc3c3cc(C#Cc4ccc(C(F)(F)F)cc4)ccc32)c1,4,3
CC(C)=C1CCC(C)C1C,4,4
Cc1ccccc1NC(=O)COC(=O)c1ccccc1N=Nc1ccc(N(C)C)cc1,4,4
COC(=O)CNS(=O)(=O)c1ccc(C)cc1,4,4
O=S(=O)(O)c1ccccc1,4,4
COc1ss/c(=N\c2ccccc2)c1Cl,4,4
CCCN(C)c1ccc(C#N)cc1,4,4
CCCCCCCC1(CCCCCCC)c2ccccc2-c2ccc(C#Cc3ccc4c(c3)C(CCC)(CCCCC)c3ccccc3-4)cc21,4,4
O=C1C=CC=N1,4,4
CCCCCc1sc(CCC)c2c1OCCO2,4,4
COCN(COC(N)=O)C(=N)N,4,4
CO[B-]1(F)n2cccc2-c2cccc(-c3ccccc3)[n+]21,4,4
CN(C)c1ccc(-c2ccccn2)nc1,4,4
CC1(C)CCc2c1ccc1ccc(O)cc21,4,4
COCOc1cc2c(cc1OC)CC1(Cc3ccc(OC)c(OC)c3C1)c1cc(OCOC)c(N3CCOCC3)cc1-2,4,4
CCOC(=O)CCCCN(C)c1ccc2cc(-c3ccncc3)ccc2c1,4,4
CCCCCCCCC[n+]1ccc(/C=C/c2ccccc2O)cc1,4,4
CCCCCCCCCCCCCCOc1cc2ccc3c4cccc5c(OCCCCCCCCCCCCCC)ccc6c(ccc(OCCCCCCCCCCCC)c(c1)c2c56)c43,4,4
CCCCCCCOc1ccc2cc(C#N)c(=O)oc2c1,4,4
Cn1nc(-c2ccc3c4ccccc4n(C)c3c2)c2ccccc21,4,4
O=c1cc(-c2cccs2)cc(O)o1,4,4
COC(=O)COc1ccc2c(=O)c(Oc3ccc(C(C)(C)C)cc3)coc2c1,4,4
[CH]1Nc2cc3ccccc3cc2[C@H]2C=C[C@H]12,4,4
COc1ccc(C2=Cc3cccc[n+]3[B-](F)(F)O2)cc1,4,4
OC(O)CNc1ccc(/C=C/c2ccccn2)cc1,4,4
CNC(=S)Nc1ccc2[nH]cnc2c1,4,4
CCc1cc(N2CCCC2)cc(C#N)c1C#N,4,4
F[B-]1(F)n2cccc2-c2cccc[n+]21,4,4
CC1=CCCc2cc3ccccc3cc21,4,4
CCCCCCCCCCC[n+]1ccc(/C=C(\C)c2cc[n+](C)cc2)cc1,4,4
CC1=N/C(=C\c2cc(/N=N/c3ccccc3)ccc2O)SC1,4,4
O=[N+]([O-])c1ccc(C#Cc2ccc3cc(OCCCCO)ccc3c2)cc1,4,4
COc1cc(-c2nc3ccccc3o2)cc(O)c1OC,4,4
CCCCCCCCCC[N+]1=C(C)C(C)(C)c2ccccc21,4,4
[CH]1Cc2ccc(C=Nc3ccc4ccccc4c3)cc2O1,4,4
CCCCCN1C(=O)c2c(n(CC)c3nc4ccccc4nc23)C1=O,4,4
CCCOC(=O)/C=C/c1ccc(N(C)C)cc1,4,4
COCOc1cc(-c2nc3cc(Cl)ccc3nc2-c2ccccc2)cc(OC)c1OC,4,4
CCCC(CNC(=O)OC(C)(C)C)C(=O)NCc1ccccc1,4,4
COC(=O)CCCCC[N+]1=C(/C=C/C=C/Nc2ccccc2)C(C)(CO)c2cc(S(=O)(=O)O)ccc21,4,4
CCCCC(C)COc1ccc2c(c1)oc(=O)c1c3oc4cc(F)ccc4c3c3ccccc3c21,4,4
COC(=O)Nc1ccccc1,4,4
CCCCCCCCCOc1cc2cc(C=O)c(=O)oc2cc1OC,4,4
O=[N+]([O-])c1ccc(F)cc1,4,4
CN(C)CCSSCC[n+]1ccccc1/C=C/c1ccc(N(C)C)cc1,4,4
[Ru][CH]1CCCC1,4,4
CN1Cc2c(-c3ccc(Br)cc3)c3cc(-c4ccccc4)ccn3c2C1=O,4,4
CN/C=C1\C=C2CC[C@@H]3[C@@H](CC[C@]4(C)[C@H]3CC[C@H]4[C@@H](C)CCC(C)C)[C@@]2(C)C1,4,4
CC1=CCCC1,4,4
COC(=O)/C=C/c1c(O)c2ccccc2n1C,4,4
COC(=O)CN1CCN(CC(N)=O)c2ccc(F)cc2OCCOc2cc(C)ccc21,4,4
CCN(C)CC,4,4
COc1ccc2c(-c3cn4cc(Cl)ccc4n3)c3c(cc2c1)CN(C)C3,4,4
CCCCCCCCC(=O)OC,4,4
CCCCOc1ccc(O)cc1,4,4
CCOC(=O)/C=C/c1ccc(N(C)C)cc1,4,4
CCCCCCCCCCCCCCOc1cc(NC(=O)c2ccc3[nH]c4ccccc4c(=O)c3c2)cc(OCCCCCCCCCC)c1,4,4
CCCCCC#CCCCCC#N,4,4
CNC(=O)N1Cc2c(-c3ccc(Br)cc3)c3cc(C(C)=O)ccn3c2C1=O,4,4
Cn1c(N)c(C#N)c2oc3ccccc3c(=O)c21,4,4
CCCC1(C)c2cc(P(c3ccccc3)c3ccccc3)ccc2-c2ccc(P(c3ccccc3)c3ccccc3)cc21,4,4
COC(=O)c1ccc(C)cc1,4,4
CN1C=N/C(=C\c2ccc(O)cc2)C1=O,4,4
CCCCCc1ccc(CCC)c2c1[C@@H](CCCCC)CC(=O)N2,4,4
COc1ccc2nc(-c3ccc(N)cc3)c3c(c2c1)-c1ccccc1C3,4,4
CN/C(=N\c1cccc(C#N)c1)c1ccccc1,4,4
BrC1=C(c2ccccc2)N=N1,4,4
c1ccc(-c2ccnn2[B-]2Oc3ccccc3-c3ccccc3O2)cc1,4,4
Nc1ccc(S(=O)(=O)O)cc1,4,4
COc1ccc2cc(/C=C/c3ccc([N+](=O)[O-])cc3)ccc2c1,4,4
C(#Cc1ccncc1)C1=C2C=CC=C2C=C1,4,4
Cc1cc(-c2ccc(-c3nc(-c4ccccc4)oc3-c3ccccc3)cc2)c(-c2ccccc2)o1,4,4
O=C1C=c2c(c3c(c4ccccc24)=CC=C3)O1,4,4
NF,4,4
c1ccccc1,4,4
CCCCCCCCCC[n+]1ccc(/C=C/c2ccc(N(C)C)cc2)cc1,4,4
CN(CC(=O)[O-])c1ccc(/C=C/C(=O)[O-])cc1,4,4
N#Cc1cc2ccc(N(CCCCC(=O)O)CCS(=O)(=O)[O-])cc2oc1=O,4,4
CCn1c2ccccc2c2cc(C#Cc3ccc4ccccc4c3)ccc21,4,4
CCCCN1c2ccccc2Sc2ccc(C(=O)C#Cc3nnn(Cc4ccccc4)n3)cc21,4,4
CN/C=C/C#N,4,4
CC1(C)C=Cc2c1ccc1ccccc21,4,4
CCCCCCCC1(CCCCC)c2cc(C[C@@H](C[n+]3ccccc3)C(=O)O)ccc2-c2ccc(C(F)(F)F)cc21,4,4
CCCCCCCCCCCCCOc1ccc([B-]23OC(c4ccccc4)=N[N+]2=Cc2ccccc2O3)cc1,4,4
CNC1=NC2C(=O)c3cc(Cl)c4nc(-c5ccc(Br)cc5)[nH]c4c3C(=O)C2C=C1,4,4
CC1(CCCO)c2ccccc2-c2ccc(-c3c[n+]4ccccc4o3)cc21,4,4
