,smiles,cluster
0,CCCCCCCCN1C(=O)c2ccc3c4cc(OC)c(-c5ccc(C=O)cc5)cc4c4cc(-c5ccc(C=O)cc5)c(OC)cc4c3c2C1=O,8
1,CCCCCCN1C(=O)c2c(c3ccc4cc(-c5ccccc5)c(OC)cc4c3c3cc(-c4ccccc4)c(OC)cc23)C1=O,8
2,CCCCCCCN1C(=O)c2ccc3c4cc(-c5ccc(C#N)cc5)c(OC)cc4c4cc(-c5ccc(C#N)cc5)c(OC)cc4c3c2C1=O,8
3,CCCCCCCCN1C(=O)c2ccc3c4cc(OC)c(-c5ccc(C#N)cc5)cc4c4cc(OC)c(-c5ccc(C#N)cc5)cc4c3c2C1=O,8
4,CCCCCCCCN1C(=O)c2ccc3c4cc(-c5ccc(C=O)cc5)c(OC)cc4c4cc(-c5ccc(C=O)cc5)c(OC)cc4c3c2C1=O,8
5,CCCCCCCCN1C(=O)c2ccc3c4cc(-c5ccc(C#N)cc5)c(OC)cc4c4cc(-c5ccc(C#N)cc5)c(OC)cc4c3c2C1=O,8
6,CCCCCCCCCCN1C(=O)c2ccc3c4cc(-c5ccccc5)c(OC)cc4c4cc(-c5ccc(-c6ccccc6)cc5)c(OC)cc4c3c2C1=O,8
7,CCCCCCCCCCN1C(=O)c2ccc3c4cc(OC)c(-c5ccccc5)cc4c4cc(-c5ccc(-c6ccccc6)cc5)c(OC)cc4c3c2C1=O,8
8,CCCCCCCCN1C(=O)c2c(c3ccc4cc(-c5ccccc5)c(OC)cc4c3c3cc(-c4ccccc4)c(OC)cc23)C1=O,8
9,CCCCCCCN1C(=O)c2ccc3c4cc(-c5ccc(F)cc5)c(OC)cc4c4cc(-c5ccc(F)cc5)c(OC)cc4c3c2C1=O,8
10,CCCCCCCCN1C(=O)c2c(c3ccc4cc(-c5ccccc5)c(OC)cc4c3c3cc(OC)c(-c4ccccc4)cc23)C1=O,8
11,CCCCCCCN1C(=O)c2ccc3c4cc(OC)c(-c5ccc(C#N)cc5)cc4c4cc(-c5ccc(C#N)cc5)c(OC)cc4c3c2C1=O,8
12,CCCCCCCN1C(=O)c2ccc3c4cc(OC)c(-c5ccc(F)cc5)cc4c4cc(-c5ccc(F)cc5)c(OC)cc4c3c2C1=O,8
13,CCCCCCN1C(=O)c2c(c3ccc4cc(-c5ccccc5)c(OC)cc4c3c3cc(OC)c(-c4ccccc4)cc23)C1=O,8
14,CCCCCCCCN1C(=O)c2c(c3ccc4cc(-c5ccccc5)c(OC)cc4c3c3cc(-c4ccccc4)c(-c4ccccc4)cc23)C1=O,8
15,CCCCCCCN1C(=O)c2c(c3ccc4cc(-c5ccccc5)c(OC)cc4c3c3cc(-c4ccccc4)c(-c4ccccc4)cc23)C1=O,8
16,CCCCCCCN1C(=O)c2c(c3ccc4cc(-c5ccccc5)c(OC)cc4c3c3c2ccc2cc(-c4ccccc4)c(OC)cc23)C1=O,8
17,CCCCCCCCN1C(=O)c2c(c3ccc4cc(-c5ccccc5)c(OC)cc4c3c3c2ccc2cc(-c4ccccc4)c(OC)cc23)C1=O,8
18,CCCCCCN1C(=O)c2c(c3ccc4cc(-c5ccccc5)c(OC)cc4c3c3cc(-c4ccccc4)c(-c4ccccc4)cc23)C1=O,8
19,CCCCCCCN1C(=O)c2ccc3c4cc(-c5ccc(Cl)cc5)c(OC)cc4c4cc(-c5ccc(Cl)cc5)c(OC)cc4c3c2C1=O,8
20,CCCCCCCCN1C(=O)c2ccc3c4cc(OC)c(-c5ccc(Cl)cc5)cc4c4cc(OC)c(-c5ccc(Cl)cc5)cc4c3c2C1=O,8
21,CCCCCCCN1C(=O)c2c(c3ccc4cc(-c5ccccc5)c(OC)cc4c3c3cc(OC)c(-c4ccccc4)cc23)C1=O,8
22,CCCCCCCCN1C(=O)c2ccc3c4cc(-c5ccc(Cl)cc5)c(OC)cc4c4c5cc(OC)c(-c6ccc(Cl)cc6)cc5ccc4c3c2C1=O,8
23,CCCCCCCCN1C(=O)c2ccc3c4cc(-c5ccc(Cl)cc5)c(OC)cc4c4c5cc(-c6ccc(Cl)cc6)c(OC)cc5ccc4c3c2C1=O,8
24,CCCCCCCCCCN1C(=O)c2ccc3c4cc(-c5ccc(C#N)cc5)c(OC)cc4c4cc(-c5ccc(C#N)cc5)c(OC)cc4c3c2C1=O,8
25,CCCCN1C(=O)c2cccc3c(-c4ccc(-c5cc(-c6ccccc6)n(-c6ccccc6)n5)s4)ccc(c23)C1=O,8
26,CCCCN1C(=O)c2cccc3c(-c4ccc(-c5cc(-c6ccccc6)nn5-c5ccccc5)s4)ccc(c23)C1=O,8
27,CCCCCCCCCCN1C(=O)c2ccc3c(-c4ccc(C#N)cc4)cc4cc(-c5ccc(C#N)cc5)c(OC)cc4c3c2C1=O,8
28,CCCCCCCN1C(=O)c2ccc3c(-c4ccc(C#N)cc4)cc4cc(-c5ccc(C#N)cc5)c(OC)cc4c3c2C1=O,8
29,CCCCN1C(=O)c2cccc3c(-c4ccc(N(c5ccccc5)c5ccccc5)cc4)ccc(c23)C1=O,8
30,CCCCCCN1C(=O)c2cccc3c(-c4ccc(N(c5ccccc5)c5ccccc5)cc4)ccc(c23)C1=O,8
31,CCCCCCCCn1c(-c2ccc(-n3c4ccccc4c4ccccc43)cc2)c(-c2ccc(-n3c4ccccc4c4ccccc43)cc2)c(=O)n(CC)c1=S,12
32,CCCCCCCCn1c(-c2ccc(-n3c4ccccc4c4ccccc43)cc2)c(-c2ccc(-n3c4ccccc4c4ccccc43)cc2)c(=O)n(CC)c1=O,12
33,CCCCCCCCn1c(-c2ccc(-n3c4ccccc4c4ccccc43)cc2)c(-c2ccc(-n3c4ccccc4c4ccccc43)cc2)c(=O)n(C)c1=O,12
34,O=S(=O)(c1ccc(N2c3ccccc3N(c3ccccc3)c3ccccc32)cc1)c1cccc(N2c3ccccc3N(c3ccccc3)c3ccccc32)c1,11
35,O=S(=O)(c1cccc(N2c3ccccc3N(c3ccccc3)c3ccccc32)c1)c1cccc(N2c3ccccc3N(c3ccccc3)c3ccccc32)c1,11
36,O=S(=O)(c1ccc(-n2c3ccccc3c3ccccc32)cc1)c1cccc(S(=O)(=O)c2ccc(-n3c4ccccc4c4ccccc43)cc2)c1,12
37,O=S(=O)(c1ccc(-n2c3ccccc3c3ccccc32)cc1)c1ccc(S(=O)(=O)c2ccc(-n3c4ccccc4c4ccccc43)cc2)cc1,12
38,CCCCCCCCn1c(-c2ccc(-n3c4ccccc4c4ccccc43)cc2)c(-c2ccc(-n3c4ccccc4c4ccccc43)cc2)c(=O)[n-]c1=O,12
39,O=P(c1ccccc1)(c1ccccc1)c1ccc(-c2ccc(-n3c4ccc(-c5ccccc5)cc4c4cc(-c5ccccc5)ccc43)cc2)cc1,12
40,O=P(c1ccccc1)(c1ccccc1)c1ccc(-n2c3ccc(-c4ccccc4)cc3c3cc(-c4ccccc4)ccc32)cc1,12
41,O=S(=O)(c1ccc(N2c3ccccc3Oc3ccccc32)cc1)c1cccc(N2c3ccccc3Oc3ccccc32)c1,11
42,O=S(=O)(c1ccc(N2c3ccccc3Oc3ccccc32)cc1)c1ccc(N2c3ccccc3Oc3ccccc32)cc1,11
43,O=P(c1ccccc1)(c1ccccc1)c1ccc(-c2ccc(-n3c4ccccc4c4ccccc43)c(-n3c4ccccc4c4ccccc43)c2)cc1,12
44,O=P(c1ccccc1)(c1ccccc1)c1ccc(-c2ccc(-n3c4ccccc4c4ccccc43)cc2-n2c3ccccc3c3ccccc32)cc1,12
45,O=P(c1ccccc1)(c1ccccc1)c1ccc2c(c1)c1cc(P(=O)(c3ccccc3)c3ccccc3)ccc1n2-c1ccccc1,12
46,O=P(c1ccccc1)(c1ccccc1)c1ccc(-n2c3ccccc3c3cc(P(=O)(c4ccccc4)c4ccccc4)ccc32)cc1,12
47,CCCCCCCCN1C(=O)c2ccc3c4cc(OC)c(-c5ccc(F)cc5)cc4c4cc(F)c(-c5ccc(F)cc5)cc4c3c2C1=O,8
48,O=S(=O)(c1ccc(-n2c3ccccc3c3ccccc32)cc1)c1ccc(-n2c3ccccc3c3ccccc32)cc1,12
49,O=S(=O)(c1ccc(-n2c3ccccc3c3ccccc32)cc1)c1cccc(-n2c3ccccc3c3ccccc32)c1,12
50,O=S(=O)(c1cccc(-n2c3ccccc3c3ccccc32)c1)c1cccc(-n2c3ccccc3c3ccccc32)c1,12
51,CC(C)(C)c1ccc2c(c1)c1cc(C(C)(C)C)ccc1n2-c1ccccc1-c1nnc(-c2ccccc2P(=O)(c2ccccc2)c2ccccc2)o1,12
52,CC(C)(C)c1ccc2c(c1)c1cc(C(C)(C)C)ccc1n2-c1ccccc1-c1nc(-c2ccccc2P(=O)(c2ccccc2)c2ccccc2)no1,12
53,CCCCCCCN1C(=O)c2ccc3c4ccc(-c5ccc(-c6ccccc6)cc5)cc4c4cc(-c5ccc(-c6ccccc6)cc5)ccc4c3c2C1=O,8
54,CCCCCCCN1C(=O)c2ccc3c4ccc(-c5ccc(-c6ccccc6)cc5)cc4c4cc(-c5ccc(-c6ccccc6)cc5)c(O)cc4c3c2C1=O,8
55,CCCCCCCN1C(=O)c2ccc3c4ccc(-c5ccc(N(c6ccccc6)c6ccccc6)cc5)cc4c4ccc(C(=O)OC)cc4c3c2C1=O,8
56,CCCCCCCN1C(=O)c2ccc3c4ccc(-c5ccc(N(c6ccccc6)c6ccccc6)cc5)cc4c4ccc(C=O)cc4c3c2C1=O,8
57,CCCCCCCCN1C(=O)c2ccc3c4cc(-c5ccc(F)cc5)c(OC)cc4c4c5cc(OC)c(-c6ccc(F)cc6)cc5ccc4c3c2C1=O,8
58,O=P(c1ccccc1)(c1ccccc1)c1ccc2c(c1)c1cc(P(=O)(c3ccccc3)c3ccccc3)ccc1n2-c1ccc(-c2ccccc2)cc1,12
59,CC(C)(C)c1ccc2c(c1)c1cc(C(C)(C)C)ccc1n2-c1ccc(C(=C(c2ccccc2)c2ccccc2)c2ccccc2)cc1,12
60,CC(C)c1ccc2c(c1)c1cc(C(C)(C)C)ccc1n2-c1ccc(C(=C(c2ccccc2)c2ccccc2)c2ccccc2)cc1,12
61,Cc1cc(C)c(C)c(S(=O)(=O)c2ccc(-n3c4ccc(-c5c(C)cccc5C)cc4c4cc(-c5c(C)cccc5C)ccc43)cc2)c1C,12
62,Cc1cc(C)c(S(=O)(=O)c2ccc(-n3c4ccc(-c5c(C)cccc5C)cc4c4cc(-c5c(C)cccc5C)ccc43)cc2)c(C)c1,12
63,CC(C)(C)c1ccc2c(c1)c1cc(C(=O)c3cccc(-n4c5ccc(C(C)(C)C)cc5c5cc(C(C)(C)C)ccc54)c3)ccc1n2-c1ccccc1,12
64,CC(C)(C)c1ccc2c(c1)c1cc(C(=O)c3cccc(-n4c5ccc(C(C)(C)C)cc5c5cc(C(C)(C)C)ccc54)n3)ccc1n2-c1ccccc1,12
65,Cc1cccc(C)c1-c1ccc2c(c1)c1cc(-c3c(C)cccc3C)ccc1n2-c1ccc(S(=O)(=O)c2c(C)cccc2C)cc1,12
66,O=P(c1ccccc1)(c1ccccc1)c1ccc(-n2c3ccccc3c3cc(-n4c5ccccc5c5ccccc54)ccc32)cc1,12
67,O=P(c1ccccc1)(c1ccccc1)c1ccc(-n2c3ccccc3c3cc4c5ccccc5n(-c5ccccc5)c4cc32)cc1,12
68,O=S(=O)(c1ccccc1)c1cc(-n2c3ccccc3c3ccccc32)cc(-n2c3ccccc3c3ccccc32)c1,12
69,Cc1cc(C)cc(S(=O)(=O)c2ccc(-n3c4ccc(-c5c(C)cccc5C)cc4c4cc(-c5c(C)cccc5C)ccc43)cc2)c1,12
70,O=S(=O)(c1ccc(N(c2ccccc2)c2cccc3ccccc23)cc1)c1ccc(N(c2ccccc2)c2cccc3ccccc23)cc1,11
71,O=S(=O)(c1ccc(N(c2ccccc2)c2ccccc2)cc1)c1ccc(N(c2ccccc2)c2cccc3ccccc23)cc1,11
72,O=P(c1ccccc1)(c1ccccc1)c1ccc(-n2c3ccccc3c3ccc4c5ccccc5n(-c5ccccc5)c4c32)cc1,12
73,O=S(=O)(c1ccccc1)c1ccc(-c2ccc(-c3ccc(-c4ccc(-c5ccc(S(=O)(=O)c6ccccc6)cc5)cc4)s3)cc2)cc1,11
74,O=S(=O)(c1ccccc1)c1ccc(-c2ccc(-c3ccc(-c4ccc(-c5ccc(S(=O)(=O)c6ccccc6)cc5)cc4)cc3)cc2)cc1,11
75,CC(C)(C)c1ccc2c(c1)c1cc(C(C)(C)C)ccc1n2-c1ccccc1-c1nc(C#N)nc(-c2ccccc2P(=O)(c2ccccc2)c2ccccc2)n1,12
76,O=S(=O)(c1ccccc1)c1ccc(-c2ccc(S(=O)(=O)c3ccc(-c4ccc(S(=O)(=O)c5ccccc5)cc4)cc3)cc2)cc1,11
77,O=S(=O)(c1ccc(-c2ccccc2)cc1)c1ccc(-c2ccc(S(=O)(=O)c3ccc(-c4ccccc4)cc3)cc2)cc1,11
78,CCCCCCCCN1C(=O)C(=O)C(c2ccc(-n3c4ccccc4c4ccccc43)cc2)=C1c1ccc(-n2c3ccccc3c3ccccc32)cc1,12
79,CCCCCCCCn1c(-c2ccc(-n3c4ccccc4c4ccccc43)cc2)c(-c2ccc(-n3c4ccccc4c4ccccc43)cc2)sc1=S,12
80,CC(C)(C)c1ccc2c(c1)c1cc(C(C)(C)C)ccc1n2-c1ccccc1-c1nc2ccccc2n1-c1ccccc1P(=O)(c1ccccc1)c1ccccc1,12
81,CC(C)(C)c1ccc2c(c1)c1cc(C(C)(C)C)ccc1n2-c1ccccc1-c1nc(-c2ccccc2P(=O)(c2ccccc2)c2ccccc2)n2ccccc12,12
82,O=S(=O)(c1ccc(N(c2ccccc2)c2ccccc2)cc1)c1ccc(S(=O)(=O)c2ccc(N(c3ccccc3)c3ccccc3)cc2)cc1,11
83,O=S(=O)(c1ccc(N(c2ccccc2)c2ccccc2)cc1)c1ccc(N(c2ccccc2)c2ccccc2)cc1,11
84,CCCCCCCCn1c(-c2ccc(-n3c4ccccc4c4ccccc43)cc2)c(-c2ccc(-n3c4ccccc4c4ccccc43)cc2)c(=O)c2ccccc21,12
85,CCCCCCCN1C(=O)c2ccc3cc(-c4ccc(OC)cc4)c(OC)cc3c2C1=O,8
86,CCCCCCCN1C(=O)c2ccc3cc(-c4ccc(C=O)cc4)c(OC)cc3c2C1=O,8
87,CC(C)(C)c1ccc2c(c1)c1cc(C(C)(C)C)ccc1n2-c1ccc(C(=O)c2ccncc2)cc1,12
88,Cc1ccc(C(=O)c2ccc(-n3c4ccc(C(C)(C)C)cc4c4cc(C(C)(C)C)ccc43)cc2)cc1,12
89,O=P(c1ccccc1)(c1ccccc1)c1cc(-n2c3ccccc3c3ccccc32)ccc1-n1c2ccccc2c2ccccc21,12
90,CSc1ccc(N(c2ccccc2)c2ccc(S(=O)(=O)c3ccc(N(c4ccccc4)c4ccc(S(=O)(=O)c5ccccc5)cc4)cc3)cc2)cc1,11
91,O=S(=O)(c1ccccc1)c1ccc(-c2ccc(-c3ccc(S(=O)(=O)c4ccccc4)cc3)cc2)cc1,11
92,O=P(c1ccccc1)(c1ccccc1)c1ccc(-c2ccc3ccc4ccc(-c5ccc(P(=O)(c6ccccc6)c6ccccc6)cc5)cc4c3c2)cc1,11
93,O=P(c1ccccc1)(c1ccccc1)c1ccc(-c2ccc(-c3ccc(-c4ccc(P(=O)(c5ccccc5)c5ccccc5)cc4)cc3)cc2)cc1,11
94,Cc1cccc(C)c1-c1ccc2c(c1)c1cc(-c3c(C)cccc3C)ccc1n2-c1ccc(S(=O)(=O)c2ccccc2)cc1,12
95,CCCCCCCN1C(=O)c2ccc3c4cc(-c5ccc(C#N)cc5)ccc4c4c5cc(OC)c(-c6ccc(C#N)cc6)cc5ccc4c3c2C1=O,8
96,CCCCCCCN1C(=O)c2ccc3c4ccc(-c5ccc(C#N)cc5)cc4c4cc(-c5ccc(C#N)cc5)ccc4c3c2C1=O,8
97,CCCCCCCCN1C(c2ccc(-n3c4ccccc4c4ccccc43)cc2)=C(c2ccc(-n3c4ccccc4c4ccccc43)cc2)c2ccccc2S1=O,12
98,CCCCCCCCN1C(=O)c2ccc3c(-c4ccc(C=O)cc4)cc4cc(-c5ccc(C=O)cc5)c(OC)cc4c3c2C1=O,8
99,Cc1cccc(C)c1-c1ccc2c(c1)c1cc(-c3ccccc3)ccc1n2-c1ccc(S(=O)(=O)c2ccccc2)cc1,12
100,O=S(=O)(c1ccc(-c2ccc(-n3c4ccccc4c4ccccc43)cc2)cc1)c1ccc(-c2ccc(-n3c4ccccc4c4ccccc43)cc2)cc1,12
101,O=S(=O)(c1ccc(-n2c3ccccc3c3cc(-c4ccccc4)ccc32)cc1)c1ccc(-n2c3ccccc3c3cc(-c4ccccc4)ccc32)cc1,12
102,CCCCCCCN1C(=O)c2ccc3cc(-c4ccc(-n5c6ccccc6c6ccccc65)cc4)ccc3c2C1=O,8
103,CCCCCCN1C(=O)c2ccc3cc(-c4ccc(-n5c6ccccc6c6ccccc65)cc4)c(OC)cc3c2C1=O,8
104,O=P(c1ccccc1)(c1ccccc1)c1ccc2c(c1)c1ccccc1n2-c1ccc(N(c2ccccc2)c2ccccc2)cc1,12
105,O=S(=O)(c1ccccc1)c1ccc(-n2c3ccccc3c3ccc4c5ccccc5n(-c5ccc(S(=O)(=O)c6ccccc6)cc5)c4c32)cc1,12
106,O=S(=O)(c1ccccc1)c1ccc(-n2c3ccc(-c4ccccc4)cc3c3cc(-c4ccccc4)ccc32)cc1,12
107,CCCCCCCN1C(=O)c2cccc3c(-c4ccc(C#N)cc4)c4c(ccc5cc(-c6ccc(C#N)cc6)c(OC)cc54)c(c23)C1=O,8
108,CCCCCCCN1C(=O)c2ccc3c4ccc(-c5ccccc5)cc4c4cc(-c5ccccc5)ccc4c3c2C1=O,8
109,CCCCCCCCCCN1C(=O)c2ccc3cc(-c4ccc(N(c5ccccc5)c5ccccc5)cc4)c(OC)cc3c2C1=O,8
110,CCCCCCCN1C(=O)c2ccc3cc(-c4ccc(N(c5ccccc5)c5ccccc5)cc4)ccc3c2C1=O,8
111,CCCCCCCCN1C(=O)c2ccc3ccc4cc(-c5ccc(C#N)cc5)c(-c5ccc(C#N)cc5)cc4c3c2C1=O,8
112,CCCCCCCN1C(=O)c2ccc3c4ccc(-c5ccccc5)cc4c4cc(-c5ccccc5)c(N5CCCCC5)cc4c3c2C1=O,8
113,Cc1ccc2c(c1)c1ccccc1n2-c1ccc(S(=O)(=O)c2ccc(-n3c4ccccc4c4cc(C)ccc43)cc2)cc1,12
114,CCCCCCCCCN1C(=O)c2cccc3c(-c4ccc(-n5c6ccccc6c6ccccc65)cc4)ccc(c23)C1=O,12
115,CCCCCCCN1C(=O)c2ccc3c4c(ccc(c24)C1=O)-c1cc(-c2ccc(N(c4ccccc4)c4ccccc4)cc2)ccc1-3,8
116,O=S(=O)(c1ccccc1)c1ccc(-c2cc(-c3ccc(S(=O)(=O)c4ccccc4)cc3)cc(-n3c4ccccc4c4ccccc43)c2)cc1,12
117,CCCCCCCCN1C(=O)c2ccc3c(-c4ccc(OC)cc4)cc4cc(-c5ccc(OC)cc5)c(-c5ccc(OC)cc5)cc4c3c2C1=O,8
118,CCCCCCCN1C(=O)c2ccc3cc(-c4ccc(OC)cc4)c4ccc(-c5ccc(OC)cc5)cc4c3c2C1=O,8
119,CCCCCCCCCCN1C(=O)c2cccc3c(-c4ccccc4)c4c(ccc5cc(-c6ccccc6)c(OC)cc54)c(c23)C1=O,8
120,O=S(=O)(c1cccc(-n2c3ccccc3c3ccccc32)c1)c1cc(-n2c3ccccc3c3ccccc32)cc(-n2c3ccccc3c3ccccc32)c1,12
121,CCCCCCCN1C(=O)c2ccc3c4ccc(-c5ccc(C(F)(F)F)cc5)cc4c4cc(-c5ccc(C(F)(F)F)cc5)ccc4c3c2C1=O,8
122,O=S(=O)(c1ccccc1)c1ccc(-c2cc(-c3ccc(-n4cccn4)cc3)cc(-c3ccc(S(=O)(=O)c4ccccc4)cc3)c2)cc1,11
123,O=P(c1ccccc1)(c1ccccc1)c1ccc(-c2ccc(N(c3ccccc3)c3ccccc3)cc2)cc1,11
124,O=S(=O)(c1ccc(N2c3ccccc3Sc3ccccc32)cc1)c1ccc(N2c3ccccc3Sc3ccccc32)cc1,11
125,Cc1ccc(C(=O)c2ccc(-n3c4ccc(-c5ccccc5)cc4c4cc(-c5ccccc5)ccc43)cc2)cc1,12
126,CC(C)(C)c1ccc2c(c1)c1cc(C(C)(C)C)ccc1n2-c1ccc2c(-c3cccc(P(=O)(c4ccccc4)c4ccccc4)c3)cc3ccccc3c2c1,12
127,CC(C)(C)c1ccc2c(c1)c1cc(C(C)(C)C)ccc1n2-c1ccc(-c2ccc(P(=O)(c3ccccc3)c3ccccc3)cc2)cc1,12
128,CCCCCCCCN1C(=O)c2ccc3cc(OC)c(-c4ccc(-c5ccccc5)cc4)cc3c2C1=O,8
129,O=[SH](=O)c1ccc(N(c2ccc(S(=O)(=O)c3ccccc3)cc2)c2ccc(S(=O)(=O)c3ccccc3)cc2)cc1,11
130,CC1(C)c2ccccc2N(c2ccc(S(=O)(=O)c3ccc(N4c5ccccc5C(C)(C)c5ccccc54)cc3)cc2)c2ccccc21,11
131,CC1(C)c2ccccc2-c2cc3c4ccccc4n(-c4ccc(P(=O)(c5ccccc5)c5ccccc5)cc4)c3cc21,12
132,CCCCCCCCN1Cc2c3ccc4cc(-c5ccc(-c6ccccc6)cc5)c(OC)cc4c3c(-c3ccc(-c4ccccc4)cc3)c3cccc(c23)C1=O,8
133,O=C(c1ccccc1)c1ccc(-c2ccc(-n3c4ccccc4c4ccccc43)cc2)cc1,12
134,CCCCN1C(=O)c2ccc3c(-c4ccc(-c5ccccc5)cc4)cc(-c4ccc(-c5ccccc5)cc4)c(C(=O)NC(C)(C)C)c3c2C1=O,8
135,CCCCCCCCN1C(=O)c2ccc3c(c4c(c5cc(-c6ccc(F)cc6)c(OC)cc53)=CC(OC)=C4c3ccc(F)cc3)c2=C1C(=O)NCCCCCCC,8
136,O=c1c2ccccc2n(-c2ccc3c(c2)C(c2ccccc2)c2cc(-n4c5ccccc5c(=O)c5ccccc54)ccc2-3)c2ccccc12,12
137,CCCCCCCN1C(=O)c2ccc3cc(-c4ccc(N(C)C)cc4)cc(-c4ccc(N(C)C)cc4)c3c2C1=O,8
138,CCCCCCCCCCN1C(=O)c2cccc3c(-n4cc(-c5ccccc5)nn4)ccc(c23)C1=O,8
139,CCCCCCCCCCN1C(=O)c2cccc3c(N4CCCCC4)ccc(c23)C1=O,11
140,CC(C)c1cc(C(C)C)c(B2c3ccccc3-c3ccccc3N2c2ccc(P(=O)(c3ccccc3)c3ccccc3)cc2)c(C(C)C)c1,11
141,CCCCCCCCCCN1C(=O)c2cccc3c(N(Cc4ccccn4)Cc4ccccn4)c4ccccc4c(c23)C1=O,8
142,N#Cc1ccc(-c2ccc3c(c2)C(c2ccc(-n4c5ccccc5c(=O)c5ccccc54)cc2)c2cc(-c4ccc(C#N)cc4)ccc2-3)cc1,12
143,CN(C)c1ccc(-c2cc(-c3ccccc3)cc(S(=O)(=O)c3cc(-c4ccc(N(C)C)cc4)cc(-c4ccc(N(C)C)cc4)c3)c2)cc1,11
144,COc1ccc(N(c2ccc(OC)cc2)c2ccc(C3(c4ccc(N(c5ccc(OC)cc5)c5ccccc5OC)cc4)OC(=O)c4ccccc43)cc2)cc1,11
145,CCN(CC)c1ccc2cc(/C=C/C(=O)/C=C(/C=C/c3cc4ccc(N(CC)CC)cc4oc3=O)c3cc4ccc(N(CC)CC)cc4oc3=O)c(=O)oc2c1,11
146,CCN(CC)c1ccc2cc(/C=C/C=C(/C=C/c3cc4ccc(N(CC)CC)cc4oc3=O)c3cc4ccc(N(CC)CC)cc4oc3=O)c(=O)oc2c1,11
147,CCN(CCCCC(=O)ON1C(=O)CCC1=O)c1ccc2cc(-c3ccc(S(=O)(=O)O)s3)c(=O)oc2c1,11
148,CCN(CCCCC(=O)ON1C(=O)CCC1=O)c1ccc2cc(-c3ccc(S(C)(=O)=O)cc3)c(=O)oc2c1,11
149,CCN(CC)c1ccc2cc(/C=C/C(=C(C#N)C#N)c3cc4ccc(N(CC)CC)cc4oc3=O)c(=O)oc2c1,11
150,CCN(CC)c1ccc2cc(/C=C/C(=O)/C=C(O)/C=C/c3cc4ccc(N(CC)CC)cc4oc3=O)c(=O)oc2c1,11
151,CCN(CC)c1ccc2cc(/C=C/c3ccc(N(c4ccccc4)c4ccc(/C=C/c5cc6ccc(N(CC)CC)cc6oc5=O)cc4)cc3)c(=O)oc2c1,2
152,CCN(CC)c1ccc2cc(/C=C/C(=C(C#N)C#N)c3ccc(N(c4ccccc4)c4ccccc4)cc3)c(=O)oc2c1,7
153,CCN(C)c1ccc2cc(-c3ccc(-c4ccc(-c5cc6ccc(N(CC)CC)cc6oc5=O)cc4)cc3)c(=O)oc2c1,11
154,CCN(CC)c1ccc2cc(-c3nc4c5ccccc5c5ccccc5c4n3-c3ccc(C(C)(C)C)cc3)c(=O)oc2c1,11
155,CC1(C)c2ccccc2N(c2ccc3c(c2)C(C)(CCCCC(=O)ON2C(=O)CCC2=O)c2cc(S(=O)(=O)O)ccc2-3)c2ccccc21,11
156,COC(=O)/C=C/C1=CC2=C(c3ccc(OC)cc3)c3ccc(-c4ccccc4)n3[B-](F)(F)[N+]2=C1c1ccccc1,3
157,CCCCCCCCCCCCOC(=O)/C=C/c1cc2n(c1)[B-](F)(F)[N+]1=CC(/C=C/C(=O)OC)=CC1=C2c1ccc(OCCCCCCCCCC)cc1,0
158,CCCCCCCCCCCOC(=O)/C=C/c1cc2n(c1)[B-](F)(F)[N+]1=CC(/C=C/C(=O)OC)=CC1=C2c1ccc(OCCCCCCCCCCC)cc1,0
159,COC(=O)/C=C/C1=CC2=C(c3ccccc3)c3ccc(-c4ccc(OC)cc4)n3[B-](F)(F)[N+]2=C1c1ccccc1,3
160,CCCCCCCCCCCCOC(=O)/C=C/c1cc2n(c1)[B-](F)(F)[N+]1=CC(/C=C/C(=O)OC)=CC1=C2c1ccc(OCCCCCCCCCCC)cc1,0
161,CCCCCCCCCCCCCCCOC(=O)/C=C/c1cc2n(c1)[B-](F)(F)[N+]1=CC(/C=C/C(=O)OC)=CC1=C2c1ccc(OCCCCCCCCCCC)cc1,0
162,COC(=O)/C=C/C1=CC2=C(c3ccccc3)c3cc(/C=C/C(=O)OCc4ccccc4)cn3[B-](F)(F)[N+]2=C1c1c(C)cc(C)cc1C,9
163,COC(=O)/C=C/C1=CC2=C(c3ccccc3)c3ccc(/C=C/C(=O)OCc4ccccc4)n3[B-](F)(F)[N+]2=C1c1c(C)cc(C)cc1C,9
164,COC(=O)/C=C/C1=CC2=C(c3c(C)cc(C)cc3C)c3cc(/C=C/C(=O)OCc4ccccc4)cn3[B-](F)(F)[N+]2=C1c1ccccc1,9
165,COC(=O)/C=C/C1=CC2=C(c3c(C)cc(C)cc3C)c3ccc(/C=C/C(=O)OCc4ccccc4)n3[B-](F)(F)[N+]2=C1c1ccccc1,9
166,CCOCCOCCOC(=O)/C=C/C1=[N+]2C(=C(c3ccccc3)c3ccc(/C=C/C(=O)OCOCCOCC)n3[B-]2(F)F)C=C1/C=C/C(=O)OC,0
167,CCOCCOCCOCOC(=O)/C=C/c1ccc2n1[B-](F)(F)[N+]1=C(/C=C/C(=O)OCCOCCOCC)C(/C=C/C(=O)OC)=CC1=C2c1ccccc1,0
168,COCCOCCOCCOCCOC(=O)/C=C/c1ccc2n1[B-](F)(F)[N+]1=C(c3ccc(C)cc3)C(/C=C/C(=O)OC)=CC1=C2c1ccc(C)cc1,6
169,COCCOCCOCCOC(=O)/C=C/c1ccc2n1[B-](F)(F)[N+]1=C(c3ccc(C)cc3)C(/C=C/C(=O)OC)=CC1=C2c1ccc(C)cc1,6
170,COCCOCCOCOC(=O)/C=C/c1ccc2n1[B-](F)(F)[N+]1=C(c3ccccc3)C(/C=C/C(=O)OC)=CC1=C2c1ccccc1,6
171,COCCOCCOCCOCOC(=O)/C=C/c1ccc2n1[B-](F)(F)[N+]1=C(c3ccccc3)C(/C=C/C(=O)OC)=CC1=C2c1ccccc1,6
172,CCOCCOCCOC(=O)/C=C/C1=[N+]2C(=C(c3ccccc3)c3ccc(/C=C/C(=O)OCCOCCOCC)n3[B-]2(F)F)C=C1/C=C/C(=O)OC,0
173,CCOCCOCCOCOC(=O)/C=C/C1=[N+]2C(=C(c3c(C)cc(C)cc3C)c3ccc(/C=C/C(=O)OC)n3[B-]2(F)F)C=C1/C=C/C(=O)OC,0
174,CCOCCOCOC(=O)/C=C/C1=[N+]2C(=C(c3c(C)cc(C)cc3C)c3ccc(/C=C/C(=O)OC)n3[B-]2(F)F)C=C1/C=C/C(=O)OC,0
175,CCOCCOCCOCOC(=O)/C=C/C1=[N+]2C(=C(c3ccccc3)c3ccc(/C=C/C(=O)OCOCCOCC)n3[B-]2(F)F)C=C1/C=C/C(=O)OC,0
176,COCCOCCOCCOC(=O)/C=C/c1ccc2n1[B-](F)(F)[N+]1=C(c3ccccc3)C(/C=C/C(=O)OC)=CC1=C2c1ccccc1,6
177,CCOCCOCOC(=O)/C=C/c1ccc2n1[B-](F)(F)[N+]1=C(/C=C/C(=O)OCOCCOCCOC)C(/C=C/C(=O)OC)=CC1=C2c1ccccc1,0
178,CC1=CC2=C(c3ccccc3)c3ccc(-n4c5ccccc5c(=O)c5ccccc54)n3[B-](F)(F)[N+]2=C1c1ccccc1,3
179,CC1=CC2=C(c3ccccc3)c3ccc(-n4c5ccccc5c5ccccc54)n3[B-](F)(F)[N+]2=C1c1ccccc1,3
180,COC(=O)/C=C/C1=CC2=C(c3ccccc3)c3ccc(/C=C/C(=O)OCc4ccccc4)n3[B-](F)(F)[N+]2=C1c1ccccc1,9
181,COC(=O)/C=C/C1=CC2=C(c3ccccc3)c3ccc(/C=C/C(=O)OCOCc4ccccc4)n3[B-](F)(F)[N+]2=C1c1ccccc1,9
182,COCCOCCOCOC(=O)/C=C/c1ccc2n1[B-](F)(F)[N+]1=C(c3ccc(C)cc3)C(/C=C/C(=O)OC)=CC1=C2c1ccc(C)cc1,6
183,CCOCCOCCOCOC(=O)/C=C/c1cc2n(c1)[B-](F)(F)[N+]1=C(c3ccc(C)cc3)C(/C=C/C(=O)OC)=CC1=C2c1ccc(C)cc1,6
184,COCCOCCOC(=O)/C=C/c1ccc2n1[B-](F)(F)[N+]1=CC(/C=C/C(=O)OC)=CC1=C2c1ccccc1,0
185,COCCOCCOCOC(=O)/C=C/c1cc2n(c1)[B-](F)(F)[N+]1=C(c3ccc(C)cc3)C(/C=C/C(=O)OC)=CC1=C2c1ccc(C)cc1,6
186,COCCOCCOCCOC(=O)/C=C/c1ccc2n1[B-](F)(F)[N+]1=CC(/C=C/C(=O)OC)=CC1=C2c1ccccc1,0
187,COCCOCCOCCOC(=O)/C=C/c1cc2n(c1)[B-](F)(F)[N+]1=C(c3ccccc3)C(/C=C/C(=O)OC)=CC1=C2c1ccccc1,6
188,CCOCCOCCOCCOC(=O)/C=C/c1cc2n(c1)[B-](F)(F)[N+]1=C(c3ccccc3)C(/C=C/C(=O)OC)=CC1=C2c1ccccc1,6
189,COC(=O)/C=C/C1=CC2=C(c3ccc(N(C)C)cc3)c3ccc(/C=C/C(=O)OC)n3[B-](F)(F)[N+]2=C1/C=C/C(=O)OC,0
190,COC(=O)/C=C/C=C/C1=[N+]2C(=C(c3ccc(N(C)C)cc3)c3ccc(/C=C/C(=O)OC)n3[B-]2(F)F)C=C1/C=C/C(=O)OC,0
191,CCOCCOCOC(=O)/C=C/c1ccc2n1[B-](F)(F)[N+]1=C(c3ccccc3)C(/C=C/C(=O)OC)=CC1=C2c1ccccc1,6
192,CCOCCOCCOC(=O)/C=C/c1ccc2n1[B-](F)(F)[N+]1=C(c3ccccc3)C(/C=C/C(=O)OC)=CC1=C2c1ccccc1,6
193,COC(=O)/C=C/C1=CC2=C(c3c(C)cc(C)cc3C)c3ccc(/C=C/C(=O)OC)n3[B-](F)(F)[N+]2=C1/C=C/C(=O)OC,0
194,COC(=O)/C=C/C=C/C1=[N+]2C(=C(c3c(C)cc(C)cc3C)c3ccc(/C=C/C(=O)OC)n3[B-]2(F)F)C=C1/C=C/C(=O)OC,0
195,COCCOCCOCOC(=O)/C=C/c1ccc2n1[B-](F)(F)[N+]1=CC(/C=C/C(=O)OC)=CC1=C2c1ccccc1,0
196,COC(=O)/C=C/C1=CC2=C(c3c(C)cc(C)cc3C)c3ccc(/C=C/C(=O)OC)n3[B-](F)(F)[N+]2=C1c1c(C)cc(C)cc1C,6
197,CCOC(=O)/C=C/c1ccc2n1[B-](F)(F)[N+]1=C(c3c(C)cc(C)cc3C)C(/C=C/C(=O)OC)=CC1=C2c1c(C)cc(C)cc1C,6
198,CCOC(=O)/C=C/c1ccc2n1[B-](F)(F)[N+]1=C(c3ccc(OC)cc3)C(/C=C/C(=O)OC)=CC1=C2c1ccc(OC)cc1,6
199,COC(=O)/C=C/C1=CC2=C(c3ccc(OC)cc3)c3ccc(/C=C/C(=O)OC)n3[B-](F)(F)[N+]2=C1c1ccc(OC)cc1,6
200,CCOCCOCCOCCOC(=O)/C=C/c1ccc2n1[B-](F)(F)[N+]1=CC(/C=C/C(=O)OC)=CC1=C2c1ccccc1,0
201,COCCOCCOCOC(=O)/C=C/c1cc2n(c1)[B-](F)(F)[N+]1=CC(/C=C/C(=O)OC)=CC1=C2c1ccc(C)cc1,0
202,COCCOCCOCCOC(=O)/C=C/c1cc2n(c1)[B-](F)(F)[N+]1=CC(/C=C/C(=O)OC)=CC1=C2c1ccc(C)cc1,0
203,CCCCOC(=O)/C=C/c1ccc2n1[B-](F)(F)[N+]1=C(c3c(C)cc(C)cc3C)C(/C=C/C(=O)OC)=CC1=C2c1c(C)cc(C)cc1C,6
204,CCOCCOCCOC(=O)/C=C/c1cc2n(c1)[B-](F)(F)[N+]1=CC(/C=C/C(=O)OC)=CC1=C2c1c(C)cc(C)cc1C,0
205,CCOCCOCOC(=O)/C=C/c1cc2n(c1)[B-](F)(F)[N+]1=CC(/C=C/C(=O)OC)=CC1=C2c1c(C)cc(C)cc1C,0
206,COCOC(=O)/C=C/c1ccc2n1[B-](F)(F)[N+]1=C(c3ccccc3)C(/C=C/C(=O)OC)=CC1=C2c1ccccc1,6
207,CCOC(=O)/C=C/c1ccc2n1[B-](F)(F)[N+]1=C(c3ccccc3)C(/C=C/C(=O)OC)=CC1=C2c1ccccc1,6
208,COC(=O)/C=C/C1=CC2=C(c3ccc(OC)cc3)c3ccc(/C=C/C(=O)OCc4ccccc4)n3[B-](F)(F)[N+]2=C1c1ccccc1,9
209,COC(=O)/C=C/C1=CC2=C(c3ccc(C)cc3)c3ccc(/C=C/C(=O)OCc4ccccc4)n3[B-](F)(F)[N+]2=C1c1ccccc1,9
210,COC(=O)/C=C/C1=CC2=C(c3ccc(C)cc3)c3cc(/C=C/C(=O)OCc4ccccc4)cn3[B-](F)(F)[N+]2=C1c1ccccc1,9
211,COC(=O)/C=C/C1=CC2=C(c3ccc(OC)cc3)c3cc(/C=C/C(=O)OCc4ccccc4)cn3[B-](F)(F)[N+]2=C1c1ccccc1,9
212,COC(=O)/C=C/C1=CC2=C(c3ccccc3)c3ccc(/C=C/C(=O)OC)n3[B-](F)(F)[N+]2=C1c1ccccc1,6
213,COC(=O)/C=C/C1=CC2=C(c3ccccc3)c3cc(/C=C/C(=O)OC)cn3[B-](F)(F)[N+]2=C1c1ccccc1,6
214,CCOC(=O)/C=C/c1cc2n(c1)[B-](F)(F)[N+]1=C(c3ccccc3)C(/C=C/C(=O)OC)=CC1=C2c1ccccc1,6
215,COCCOCCOCCOCCOCCOC(=O)/C=C/c1cc2n(c1)[B-](F)(F)[N+]1=C(c3ccc(C)cc3)C(/C=C/C(=O)OC)=CC1=C2c1ccccc1,6
216,CCOc1ccc(C2=[N+]3C(=C(c4ccccc4)c4cc(/C=C/C(=O)OCCOCCOCCOCCOCCOC)cn4[B-]3(F)F)C=C2/C=C/C(=O)OC)cc1,6
217,COC(=O)/C=C/C1=CC2=C(c3c(C)cc(C)cc3C)c3ccc(/C=C/C(=O)OC(C)(C)C)n3[B-](F)(F)[N+]2=C1c1ccc(C)cc1,6
218,COC(=O)/C=C/C1=CC2=C(c3c(C)cc(C)cc3C)c3ccc(/C=C/C(=O)OC(C)(C)C)n3[B-](F)(F)[N+]2=C1c1ccc(OC)cc1,6
219,COC(=O)/C=C/C1=CC2=C(c3c(C)cc(C)cc3C)c3cc(/C=C/C(=O)OOC(C)(C)C)cn3[B-](F)(F)[N+]2=C1,0
220,COC(=O)/C=C/C1=CC2=C(c3c(C)cc(C)cc3C)c3cc(/C=C/C(=O)OC(C)(C)C)cn3[B-](F)(F)[N+]2=C1,0
221,COC(=O)/C=C/C1=CC2=C(c3ccccc3)c3ccc(/C=C/C(=O)OCOC(C)=O)n3[B-](F)(F)[N+]2=C1c1ccc(OC)cc1,6
222,COC(=O)/C=C/C1=CC2=C(c3ccccc3)c3ccc(/C=C/C(=O)OCOC(C)=O)n3[B-](F)(F)[N+]2=C1c1ccc(C)cc1,6
223,COC(=O)/C=C/C1=CC2=C(c3ccccc3)c3ccc(/C=C/C(=O)OCOC(C)=O)n3[B-](F)(F)[N+]2=C1c1ccccc1,6
224,COC(=O)/C=C/C1=CC2=C(c3c(C)cc(C)cc3C)c3cc(/C=C/C(=O)OC)cn3[B-](F)(F)[N+]2=C1,0
225,CCOC(=O)/C=C/c1cc2n(c1)[B-](F)(F)[N+]1=CC(/C=C/C(=O)OC)=CC1=C2c1c(C)cc(C)cc1C,0
226,COC(=O)/C=C/C1=CC2=C(c3ccc(N(C)C)cc3)c3ccc(/C=C/C(=O)OCc4ccccc4)n3[B-](F)(F)[N+]2=C1c1ccccc1,9
227,COC(=O)/C=C/C1=CC2=C(c3ccc(OC)cc3)c3cc(/C=C/C(=O)OC)cn3[B-](F)(F)[N+]2=C1c1ccc(C)cc1,6
228,COC(=O)/C=C/C1=CC2=C(c3ccc(C)cc3)c3cc(/C=C/C(=O)OC)cn3[B-](F)(F)[N+]2=C1c1ccc(C)cc1,6
229,COC(=O)/C=C/C1=CC2=C(c3ccc(OC)cc3)c3cc(/C=C/C(=O)OCc4ccccc4)cn3[B-](F)(F)[N+]2=C1,9
230,COC(=O)/C=C/C1=CC2=C(c3ccc(C)cc3)c3cc(/C=C/C(=O)OCc4ccccc4)cn3[B-](F)(F)[N+]2=C1,9
231,COCOC(=O)/C=C/c1cc2n(c1)[B-](F)(F)[N+]1=CC(/C=C/C(=O)OC)=CC1=C2c1ccccc1,0
232,CCOC(=O)/C=C/c1cc2n(c1)[B-](F)(F)[N+]1=CC(/C=C/C(=O)OC)=CC1=C2c1ccccc1,0
233,COC(=O)/C=C/C1=CC2=C(c3ccccc3)c3cc(/C=C/C(=O)OC)cn3[B-](F)(F)[N+]2=C1,0
234,CCOCCOCCOC(=O)/C=C/c1cc2n(c1)[B-](F)(F)[N+]1=CC(/C=C/C(=O)OC)=CC1=C2c1ccc(C)cc1,0
235,COC(=O)/C=C/C1=CC2=C(c3c(C)cc(C)cc3C)c3ccc(/C=C/C(=O)OC)n3[B-](F)(F)[N+]2=C1,0
236,COCOC(=O)/C=C/c1ccc2n1[B-](F)(F)[N+]1=CC(/C=C/C(=O)OC)=CC1=C2c1c(C)cc(C)cc1C,0
237,COC(=O)/C=C/C1=CC2=C(c3ccc(N(C)C)cc3)c3ccc(/C=C/C(=O)OCOC(C)=O)n3[B-](F)(F)[N+]2=C1c1ccccc1,6
238,CCOCCOCOC(=O)/C=C/c1ccc2n1[B-](F)(F)[N+]1=C(/C=C/C=C/C(=O)OCCOCCOC)C(/C=C/C(=O)OC)=CC1=C2c1ccccc1,0
239,CCOCCOCOC(=O)/C=C/C=C/C1=[N+]2C(=C(c3ccccc3)c3ccc(/C=C/C(=O)OCOCCOCC)n3[B-]2(F)F)C=C1/C=C/C(=O)OC,0
240,COCCOCCOCOC(=O)/C=C/c1cc2n(c1)[B-](F)(F)[N+]1=C(/C=C/C(=O)OCCOCCO)C(/C=C/C(=O)OC)=CC1=C2c1ccc(C)cc1,0
241,CCOCCOCCOC(=O)/C=C/c1cc2n(c1)[B-](F)(F)[N+]1=C(/C=C/C(=O)OCCOCCOC)C(/C=C/C(=O)OC)=CC1=C2c1ccc(C)cc1,0
242,CCOCCOCCOC(=O)/C=C/C1=[N+]2C(=C(c3ccc(C)cc3)c3cc(/C=C/C(=O)OCOCCOCC)cn3[B-]2(F)F)C=C1/C=C/C(=O)OC,0
243,COC(=O)/C=C/C1=CC2=C(c3ccc(OC)cc3)c3ccc(/C=C/C(=O)OC(C)(C)C)n3[B-](F)(F)[N+]2=C1c1ccc(OC)cc1,6
244,CCOCCOCOC(=O)/C=C/c1ccc2n1[B-](F)(F)[N+]1=CC(/C=C/C(=O)OC)=CC1=C2c1ccccc1,0
245,COC(=O)/C=C/C1=CC2=C(c3ccc(N(C)C)cc3)c3ccc(/C=C/C(=O)OC(C)(C)C)n3[B-](F)(F)[N+]2=C1c1ccccc1,6
246,COC(=O)/C=C/C1=CC2=C(c3ccc(N(C)C)cc3)c3ccc(/C=C/C(=O)OC)n3[B-](F)(F)[N+]2=C1c1ccccc1,6
247,COC(=O)/C=C/C1=CC2=C(c3ccccc3)c3cc(/C=C/C(=O)OC)cn3[B-](F)(F)[N+]2=C1c1c(C)cc(C)cc1C,6
248,COC(=O)/C=C/C1=CC2=C(c3ccccc3)c3cc(/C=C/C(=O)OC(C)(C)C)cn3[B-](F)(F)[N+]2=C1c1c(C)cc(C)cc1C,6
249,COC(=O)/C=C/C1=CC2=C(c3ccc(OC)cc3)c3ccc(/C=C/C(=O)OCOC(C)=O)n3[B-](F)(F)[N+]2=C1c1ccc(OC)cc1,6
250,COC(=O)/C=C/C1=CC2=C(c3ccc(N(C)C)cc3)c3ccc(/C=C/C(=O)OC)n3[B-](F)(F)[N+]2=C1/C=C/C(=O)OC(C)(C)C,0
251,CC1=CC2=C(c3ccccc3)c3cc(-c4ccccc4)c(-c4ccccc4)n3[B-](F)(F)[N+]2=C1c1ccccc1,3
252,CC(C)C1=CC2=C(c3ccccc3)c3cc(-c4ccccc4)c(-c4ccccc4)n3[B-](F)(F)[N+]2=C1c1ccccc1,3
253,COCOC(=O)/C=C/c1ccc2n1[B-](F)(F)[N+]1=CC(/C=C/C(=O)OC)=CC1=C2c1ccccc1,0
254,COC(=O)/C=C/C1=CC2=C(c3ccccc3)c3ccc(/C=C/C(=O)OC)n3[B-](F)(F)[N+]2=C1,0
255,COC(=O)/C=C/C1=CC2=C(c3ccc(C)cc3)c3cc(/C=C/C(=O)OC(C)(C)C)cn3[B-](F)(F)[N+]2=C1,0
256,COC(=O)/C=C/C1=CC2=C(c3ccc(OC)cc3)c3cc(/C=C/C(=O)OC(C)(C)C)cn3[B-](F)(F)[N+]2=C1,0
257,COCCOCCOCCOC(=O)/C=C/C1=[N+]2C(=C(c3c(C)cc(C)cc3C)c3ccc(/C=C/C(=O)OC)n3[B-]2(F)F)C=C1/C=C/C(=O)OC,0
258,COC(=O)/C=C/C1=CC2=C(c3ccc(C)cc3)c3cc(/C=C/C(=O)OC(C)(C)C)cn3[B-](F)(F)[N+]2=C1c1ccc(C)cc1,6
259,COC(=O)/C=C/C1=CC2=C(c3ccccc3)c3ccc(/C=C/C(=O)OCOC(C)=O)n3[B-](F)(F)[N+]2=C1,0
260,COC(=O)/C=C/C1=CC2=C(c3ccccc3)c3cc(/C=C/C(=O)OCOC(C)=O)cn3[B-](F)(F)[N+]2=C1,0
261,COCCOCCOCCOCOC(=O)/C=C/c1cc2n(c1)[B-](F)(F)[N+]1=C(c3ccc(C)cc3)C(/C=C/C(=O)OC)=CC1=C2c1ccccc1,6
262,COC(=O)/C=C/C1=CC2=C(c3ccccc3C)c3cc(/C=C/C(=O)OCc4ccccc4)cn3[B-](F)(F)[N+]2=C1c1c(C)cc(C)cc1C,9
263,COC(=O)/C=C/C1=CC2=C(c3ccccc3)c3ccc(/C=C/C(=O)OC(C)(C)C)n3[B-](F)(F)[N+]2=C1c1ccccc1,6
264,COC(=O)/C=C/C1=CC2=C(c3ccccc3)c3cc(/C=C/C(=O)OC(C)(C)C)cn3[B-](F)(F)[N+]2=C1c1ccccc1,6
265,COC(=O)/C=C/C1=CC2=C(c3ccc(C)cc3)c3ccc(/C=C/C(=O)OC)n3[B-](F)(F)[N+]2=C1/C=C/C(=O)OC,0
266,COCCOCCOCOC(=O)/C=C/c1cc2n(c1)[B-](F)(F)[N+]1=C(c3ccc(OCCOCCOCCO)cc3)C(/C=C/C(=O)OC)=CC1=C2c1ccccc1,6
267,COC(=O)/C=C/C1=CC2=C(c3ccc(N(C)C)cc3)c3ccc(/C=C/C(=O)OCOC(C)=O)n3[B-](F)(F)[N+]2=C1c1ccc(OC)cc1,6
268,CCOCCOCCOC(=O)/C=C/c1cc2n(c1)[B-](F)(F)[N+]1=C(c3ccc(OCCOCCOCC)cc3)C(/C=C/C(=O)OC)=CC1=C2c1ccccc1,6
269,COC(=O)/C=C/C1=CC2=C(c3ccccc3)c3ccc(/C=C/C(=O)OCOC(C)=O)n3[B-](F)(F)[N+]2=C1/C=C/C(=O)OCOC(C)=O,0
270,COC(=O)/C=C/C1=CC2=C(c3ccccc3C)c3ccc(/C=C/C(=O)OCOC(C)=O)n3[B-](F)(F)[N+]2=C1/C=C/C(=O)OCOC(C)=O,0
271,CCOCCOCOC(=O)/C=C/c1cc2n(c1)[B-](F)(F)[N+]1=C(c3ccc(C)cc3)C(/C=C/C(=O)OC)=CC1=C2c1c(C)cc(C)cc1C,6
272,CCOCCOCCOC(=O)/C=C/c1cc2n(c1)[B-](F)(F)[N+]1=C(c3c(C)cc(C)cc3C)C(/C=C/C(=O)OC)=CC1=C2c1ccc(C)cc1,6
273,COC(=O)/C=C/C1=CC2=C(c3ccccc3)c3cc(/C=C/C(=O)OCc4ccccc4)cn3[B-](F)(F)[N+]2=C1c1ccccc1,9
274,COC(=O)/C=C/C1=CC2=C(c3ccccc3C)c3cc(/C=C/C(=O)OCc4ccccc4)cn3[B-](F)(F)[N+]2=C1c1ccccc1,9
275,COC(=O)/C=C/C1=CC2=C(c3ccccc3C)c3ccc(/C=C/C(=O)OCc4ccccc4)n3[B-](F)(F)[N+]2=C1c1ccccc1,9
276,CCCCCCOc1ccc(C2=[N+]3C(=C(c4ccc(OC)cc4)c4cc(/C=C/C(=O)OCCOCCOCC)cn4[B-]3(F)F)C=C2/C=C/C(=O)OC)cc1,6
277,CCCCCCOc1ccc(C2=[N+]3C(=C(c4ccc(OC)cc4)c4ccc(/C=C/C(=O)OCCOCCOCC)n4[B-]3(F)F)C=C2/C=C/C(=O)OC)cc1,6
278,COC(=O)/C=C/C1=CC2=C(c3ccc(N(C)C)cc3)c3ccc(/C=C/C(=O)OC(C)(C)C)n3[B-](F)(F)[N+]2=C1c1ccc(OC)cc1,6
279,COC(=O)/C=C/C1=CC2=C(c3c(C)cc(C)cc3C)c3cc(/C=C/C(=O)OC(C)(C)C)cn3[B-](F)(F)[N+]2=C1c1ccccc1C,6
280,COC(=O)/C=C/C1=CC2=C(c3c(C)cc(C)cc3C)c3cc(/C=C/C(=O)OC(C)(C)C)cn3[B-](F)(F)[N+]2=C1c1ccc(C)cc1C,6
281,CCCCCOC(=O)/C=C/C1=[N+]2C(=C(c3ccccc3C(=O)OC)c3cc(/C=C/C(=O)OCCCC)cn3[B-]2(F)F)C=C1/C=C/C(=O)OC,0
282,CCCCOC(=O)/C=C/c1cc2n(c1)[B-](F)(F)[N+]1=C(/C=C/C=C/C(=O)OCCC)C(/C=C/C(=O)OC)=CC1=C2c1ccccc1C(=O)OC,0
283,COC(=O)/C=C/C1=CC2=C(c3ccc(N(C)C)cc3)c3ccc(/C=C/C(=O)OC(C)(C)C)n3[B-](F)(F)[N+]2=C1,0
284,COC(=O)/C=C/C1=CC2=C(c3ccc(C)cc3)c3ccc(/C=C/C(=O)OC(C)(C)C)n3[B-](F)(F)[N+]2=C1,0
285,COC(=O)/C=C/C1=CC2=C(c3ccccc3C)c3cc(/C=C/C(=O)OC(C)(C)C)cn3[B-](F)(F)[N+]2=C1/C=C/C(=O)OC(C)(C)C,0
286,COC(=O)/C=C/C1=CC2=C(c3ccccc3)c3ccc(/C=C/C(=O)OC(C)(C)C)n3[B-](F)(F)[N+]2=C1/C=C/C(=O)OC(C)(C)C,0
287,COC(=O)/C=C/C1=CC2=C(c3ccccc3)c3cc(/C=C/C(=O)OC(C)(C)C)cn3[B-](F)(F)[N+]2=C1/C=C/C(=O)OC(C)(C)C,0
288,COC(=O)/C=C/C1=CC2=C(c3ccccc3C)c3ccc(/C=C/C(=O)OC(C)(C)C)n3[B-](F)(F)[N+]2=C1/C=C/C(=O)OC(C)(C)C,0
289,CCOCCOCCOC(=O)/C=C/c1cc2n(c1)[B-](F)(F)[N+]1=C(/C=C/C(=O)OCCOCCO)C(/C=C/C(=O)OC)=CC1=C2c1ccc(OC)cc1,0
290,COC(=O)/C=C/C1=CC2=C(c3c(C)cc(C)cc3C)c3ccc(/C=C/C(=O)OC(C)(C)C)n3[B-](F)(F)[N+]2=C1,0
291,CCOCCOCOC(=O)/C=C/c1cc2n(c1)[B-](F)(F)[N+]1=C(c3ccccc3)C(/C=C/C(=O)OC)=CC1=C2c1ccccc1,6
292,COC(=O)/C=C/C1=CC2=C(c3ccc(OC)cc3)c3cc(/C=C/C(=O)OC)cn3[B-](F)(F)[N+]2=C1,0
293,COC(=O)/C=C/C=C/C1=[N+]2C(=C(c3ccc(OC)cc3)c3ccc(/C=C/C(=O)OC)n3[B-]2(F)F)C=C1/C=C/C(=O)OC,0
294,COC(=O)/C=C/C1=CC2=C(c3ccccc3)c3cc(/C=C/C(=O)OC)c(/C=C/C(=O)OC)n3[B-](F)(F)[N+]2=C1/C=C/C=C/C=O,0
295,COC/C=C/C=C/C1=[N+]2C(=C(c3ccccc3)c3cc(/C=C/C(=O)OC)c(/C=C/C(=O)OC)n3[B-]2(F)F)C=C1/C=C/C(=O)OC,0
296,CCOC(=O)/C=C/c1ccc2n1[B-](F)(F)[N+]1=C(c3ccc(C)cc3)C(/C=C/C(=O)OC)=CC1=C2c1ccc(C)cc1,6
297,COC(=O)/C=C/C1=CC2=C(c3ccc(C)cc3)c3ccc(/C=C/C(=O)OCc4ccccc4)n3[B-](F)(F)[N+]2=C1c1ccc(C)cc1,9
298,COC(=O)/C=C/C1=CC2=C(c3ccc(C)cc3)c3cc(/C=C/C(=O)OCc4ccccc4)cn3[B-](F)(F)[N+]2=C1c1ccc(C)cc1,9
299,COC(=O)/C=C/C1=CC2=C(c3ccc(C)cc3)c3ccc(/C=C/C(=O)OC(C)(C)C)n3[B-](F)(F)[N+]2=C1c1ccc(C)cc1,6
300,COC(=O)/C=C/C1=CC2=C(c3ccccc3C)c3ccc(/C=C/C(=O)OC(C)(C)C)n3[B-](F)(F)[N+]2=C1c1ccccc1,6
301,COC(=O)/C=C/C1=CC2=C(c3ccccc3C)c3cc(/C=C/C(=O)OC(C)(C)C)cn3[B-](F)(F)[N+]2=C1c1ccccc1,6
302,COC(=O)/C=C/C1=CC2=C(c3c(C)cc(C)cc3C)c3cc(/C=C/C(=O)OCOC(C)=O)cn3[B-](F)(F)[N+]2=C1,0
303,CCCCCCCCCCCCCCOC(=O)/C=C/c1ccc2n1[B-](F)(F)[N+]1=CC(/C=C/C(=O)OC)=CC1=C2c1ccc(OCCCCCCCCCC)cc1,0
304,COC(=O)/C=C/C1=CC2=C(c3ccc(C)cc3)c3ccc(/C=C/C(=O)OC)n3[B-](F)(F)[N+]2=C1,0
305,COCCOCCOCCOC(=O)/C=C/c1cc2n(c1)[B-](F)(F)[N+]1=C(c3ccc(C)cc3)C(/C=C/C(=O)OC)=CC1=C2c1c(C)cc(C)cc1C,6
306,CCOCCOCOC(=O)/C=C/c1ccc2n1[B-](F)(F)[N+]1=C(c3ccc(C)cc3)C(/C=C/C(=O)OC)=CC1=C2c1ccccc1,6
307,CCOCCOCCOC(=O)/C=C/c1cc2n(c1)[B-](F)(F)[N+]1=C(c3ccc(C)cc3C)C(/C=C/C(=O)OC)=CC1=C2c1c(C)cc(C)cc1C,6
308,CCOCCOCCOC(=O)/C=C/c1cc2n(c1)[B-](F)(F)[N+]1=C(c3cc(C)cc(C)c3)C(/C=C/C(=O)OC)=CC1=C2c1c(C)cc(C)cc1C,6
309,COC(=O)/C=C/C1=CC2=C(c3ccccc3)c3cc(/C=C/C(=O)OC(C)(C)C)cn3[B-](F)(F)[N+]2=C1,0
310,COC(=O)/C=C/C1=CC2=C(c3ccccc3)c3ccc(/C=C/C(=O)OC(C)(C)C)n3[B-](F)(F)[N+]2=C1,0
311,COC(=O)/C=C/C1=CC2=C(c3ccccc3)c3ccc(-c4ccccc4)n3[B-](F)(F)[N+]2=C1c1ccccc1,3
312,COC(=O)/C=C/C1=CC2=C(c3ccccc3C)c3ccc(-c4ccccc4)n3[B-](F)(F)[N+]2=C1c1ccccc1,3
313,COC(=O)/C=C/C1=CC2=C(c3ccccc3)c3cc(/C=C/C(=O)OCc4ccccc4)cn3[B-](F)(F)[N+]2=C1,9
314,COC(=O)/C=C/C1=CC2=C(c3ccccc3)c3ccc(/C=C/C(=O)OCc4ccccc4)n3[B-](F)(F)[N+]2=C1,9
315,COC(=O)/C=C/C1=CC2=C(c3ccccc3C)c3ccc(/C=C/C(=O)OCc4ccccc4)n3[B-](F)(F)[N+]2=C1,9
316,COC(=O)/C=C/C1=CC2=C(c3ccccc3C)c3cc(/C=C/C(=O)OCc4ccccc4)cn3[B-](F)(F)[N+]2=C1,9
317,COC(=O)/C=C/C1=CC2=C(c3c(C)cc(C)cc3C)c3ccc(/C=C/C(=O)OC(C)(C)C)n3[B-](F)(F)[N+]2=C1c1ccccc1,6
318,COC(=O)/C=C/C1=CC2=C(c3ccc(OC)cc3)c3ccc(/C=C/c4ccc(OC)cc4)n3[B-](F)(F)[N+]2=C1c1ccc(OC)cc1,3
319,COC(=O)/C=C/C1=CC2=C(c3ccc(OC)cc3)c3ccc(/C=C/c4ccc(OC)cc4)n3[B-](F)(F)[N+]2=C1/C=C/c1ccc(OC)cc1,3
320,CCOCOC(=O)/C=C/C=C/C1=[N+]2C(=C(c3ccccc3)c3cc(/C=C/C(=O)OCOC(C)=O)cn3[B-]2(F)F)C=C1/C=C/C(=O)OC,0
321,COC(=O)/C=C/C1=CC2=C(c3ccccc3)c3cc(/C=C/C(=O)OCOC(C)=O)cn3[B-](F)(F)[N+]2=C1/C=C/C=C/C=C/C(=O)OCO,0
322,CCOCCOCCOC(=O)/C=C/c1cc2n(c1)[B-](F)(F)[N+]1=C(c3[nH]c(C)cc3C)C(/C=C/C(=O)OC)=CC1=C2c1c(C)cc(C)cc1C,6
323,COC(=O)/C=C/C1=CC2=C(c3ccc(OC)cc3)c3ccc(/C=C/C(=O)OCOC(C)=O)n3[B-](F)(F)[N+]2=C1,0
324,CCCCCCCCCCCCCOC(=O)/C=C/c1cc2n(c1)[B-](F)(F)[N+]1=C(C)C(/C=C/C(=O)OC)=CC1=C2c1ccc(OCCCCCCCCCCC)cc1,0
325,COC(=O)/C=C/C1=CC2=C(c3ccc(N(C)C)cc3)c3ccc(/C=C/C(=O)OCOC(C)=O)n3[B-](F)(F)[N+]2=C1,0
326,COCOC(=O)/C=C/c1cc2n(c1)[B-](F)(F)[N+]1=C(c3ccc(OC)cc3)C(/C=C/C(=O)OC)=CC1=C2c1ccc(OC)cc1,6
327,COC(=O)/C=C/C1=CC2=C(c3ccc(OC)cc3)c3cc(/C=C/C(=O)OC(C)(C)C)cn3[B-](F)(F)[N+]2=C1c1ccc(OC)cc1,6
328,COCCOCCOCCOC(=O)/C=C/c1ccc2n1[B-](F)(F)[N+]1=CC(/C=C/C(=O)OC)=CC1=C2c1ccc(C)cc1,0
329,COC(=O)/C=C/C1=CC2=C(c3ccc(OC)cc3)c3cc(/C=C/C(=O)OCc4ccccc4)cn3[B-](F)(F)[N+]2=C1c1c(C)cc(C)cc1C,9
330,CCOCCOCCOC(=O)/C=C/c1cc2n(c1)[B-](F)(F)[N+]1=C(/C=C/C=C/C(=O)OCCO)C(/C=C/C(=O)OC)=CC1=C2c1ccc(C)cc1,0
331,CCOCCOCCOCOC(=O)/C=C/c1cc2n(c1)[B-](F)(F)[N+]1=C(/C=C/C=C/C(=O)OC)C(/C=C/C(=O)OC)=CC1=C2c1ccc(C)cc1,0
332,COC(=O)/C=C/C1=CC2=C(c3ccccc3)c3cc(/C=C/C(=O)OCOC(C)=O)cn3[B-](F)(F)[N+]2=C1/C=C/C(=O)OCOC(C)=O,0
333,COC(=O)/C=C/C1=CC2=C(c3ccc(OC)cc3)c3ccc(-c4ccc(OC)cc4)n3[B-](F)(F)[N+]2=C1c1ccc(OC)cc1,3
334,COC(=O)/C=C/C1=CC2=C(c3ccccc3)c3c(C)cc(/C=C/C(=O)OCc4ccccc4)n3[B-](F)(F)[N+]2=C1c1ccccc1,9
335,COC(=O)/C=C/C1=CC2=C(c3ccccc3)c3cc(/C=C/C(=O)OCc4ccccc4)nn3[B-](F)(F)[N+]2=C1c1ccccc1,9
336,COC(=O)/C=C/C1=CC2=C(c3ccc(OC)cc3)c3c(C)cc(/C=C/C(=O)OC(C)(C)C)n3[B-](F)(F)[N+]2=C1c1ccc(OC)cc1,6
337,COC(=O)/C=C/C1=CC2=C(c3c(C)cc(C)cc3C)c3cc(/C=C/C(=O)OC(C)(C)C)cn3[B-](F)(F)[N+]2=C1c1ccc(OC)cc1,6
338,COC(=O)/C=C/C1=CC2=C(c3c(C)cc(C)cc3C)c3cc(/C=C/C(=O)OCc4ccccc4)cn3[B-](F)(F)[N+]2=C1c1ccc[nH]1,9
339,COC(=O)/C=C/C1=CC2=C(c3c(C)cc(C)cc3C)c3ccc(/C=C/C(=O)OC(C)(C)C)n3[B-](F)(F)[N+]2=C1c1ccc(C)cc1C,6
340,COC(=O)/C=C/C1=CC2=C(c3ccc(C)cc3)c3ccc(/C=C/C(=O)OCc4ccccc4)n3[B-](F)(F)[N+]2=C1c1ccc[nH]1,9
341,COC(=O)/C=C/C1=CC2=C(c3ccc(OC)cc3)c3cc(/C=C/C(=O)OC)cn3[B-](F)(F)[N+]2=C1c1c(C)cc(C)cc1C,6
342,CCCCCCOC(=O)/C=C/c1cc2n(c1)[B-](F)(F)[N+]1=C(c3c(C)cc(C)cc3C)C(/C=C/C(=O)OC)=CC1=C2c1ccc(OC)cc1,6
343,COC(=O)/C=C/C1=CC2=C(c3ccc(C)cc3)c3ccc(/C=C/C(=O)OC(C)(C)C)n3[B-](F)(F)[N+]2=C1/C=C/C(=O)OC(C)C,0
344,COC(=O)/C=C/C1=CC2=C(c3ccc(C)cc3)c3cc(/C=C/C(=O)OC(C)(C)C)cn3[B-](F)(F)[N+]2=C1/C=C/C(=O)OC(C)C,0
345,COC(=O)/C=C/C1=CC2=C(c3c(C)cc(C)cc3C)c3cc(/C=C/C(=O)OC)cn3[B-](F)(F)[N+]2=C1c1c(C)cc(C)cc1C,6
346,COC(=O)/C=C/C1=CC2=C(c3ccccc3C)c3ccc(/C=C/C(=O)OC(C)(C)C)n3[B-](F)(F)[N+]2=C1,0
347,COC(=O)/C=C/C1=CC2=C(c3ccccc3C)c3cc(/C=C/C(=O)OC(C)(C)C)cn3[B-](F)(F)[N+]2=C1,0
348,COC(=O)/C=C/C1=CC2=C(c3ccccc3)c3ccc(/C=C/C(=O)OC)n3[B-](F)(F)[N+]2=C1/C=C/C(=O)OC,0
349,COC(=O)/C=C/C1=CC2=C(c3ccc(OC)cc3)c3ccc(/C=C/c4ccc(OC)c(OC)c4)n3[B-](F)(F)[N+]2=C1c1ccc(OC)cc1,3
350,COC(=O)/C=C/C1=CC2=C(c3ccccc3)c3ccc(-c4ccc(OC)cc4)n3[B-](F)(F)[N+]2=C1c1ccc(OC)cc1,3
351,COC(=O)/C=C/C=C/C1=[N+]2C(=C(c3ccc(OC)cc3)c3cc(/C=C/C(=O)OC)cn3[B-]2(F)F)C=C1/C=C/C(=O)OC,0
352,CCOCCOCOC(=O)/C=C/c1cc2n(c1)[B-](F)(F)[N+]1=CC(/C=C/C(=O)OC)=CC1=C2c1ccccc1,0
353,CCCCCCOC(=O)/C=C/C1=[N+]2C(=C(c3ccc(C)cc3)c3cc(/C=C/C(=O)OCCCCCC)cn3[B-]2(F)F)C=C1/C=C/C(=O)OC,0
354,CCCCCCCOC(=O)/C=C/c1cc2n(c1)[B-](F)(F)[N+]1=C(/C=C/C(=O)OC)C(/C=C/C(=O)OC)=CC1=C2c1ccc(OCCCCCCC)cc1,0
355,F[B-]1(F)n2c(ccc2-n2c3ccccc3c3ccccc32)C(c2ccccc2)=C2C=CC(c3ccccc3)=[N+]21,3
356,COCOC(=O)/C=C/C1=[N+]2C(=C(c3ccccc3C(=O)OC)c3ccc(/C=C/C(=O)OCOC(C)=O)n3[B-]2(F)F)C=C1/C=C/C(=O)OC,0
357,CCOCOC(=O)c1ccc(C2=[N+]3C(=C(c4ccccc4)c4cc(/C=C/C(=O)OCOCCOCCOC)cn4[B-]3(F)F)C=C2/C=C/C(=O)OC)cc1,6
358,COC(=O)/C=C/C1=CC2=C(c3c(C)cc(C)cc3C)c3cc(/C=C/C(=O)OCc4ccccc4)cn3[B-](F)(F)[N+]2=C1,9
359,COC(=O)/C=C/C1=CC2=C(c3c(C)cc(C)cc3C)c3ccc(/C=C/C(=O)OCc4ccccc4)n3[B-](F)(F)[N+]2=C1,9
360,Fc1c(F)c(F)c(C2=[N+]3C(=C(c4ccccc4)c4ccc(-c5c(F)c(F)c(F)c(F)c5F)n4[B-]3(F)F)C=C2)c(F)c1F,3
361,CC1=CC2=C(c3ccccc3)c3ccc(-c4c(F)c(F)c(F)c(F)c4F)n3[B-](F)(F)[N+]2=C1c1c(F)c(F)c(F)c(F)c1F,3
362,COC(=O)/C=C/C1=CC2=C(c3c(C)cc(C)cc3C)c3ccc(/C=C/C(=O)OC(C)(C)C)n3[B-](F)(F)[N+]2=C1c1ccc[nH]1,6
363,CC1=CC2=C(c3ccc(C#N)cc3)c3ccc(-c4ccc(N(C)C)cc4)n3[B-](F)(F)[N+]2=C1c1ccc(N(C)C)cc1,3
364,COC(=O)/C=C/C1=CC2=C(c3ccc(OC)cc3)c3ccc(/C=C/C(=O)OCc4ccccc4)n3[B-](F)(F)[N+]2=C1,9
365,COC(=O)/C=C/C1=CC2=C(c3ccccc3)c3ccc(/C=C/C(=O)OC)n3[B-](F)(F)[N+]2=C1c1c(C)cc(C)cc1C,6
366,CN(C)c1ccc(C2=[N+]3C(=C(c4ccc(C#N)cc4)c4ccc(-c5ccc(N(C)C)cc5)n4[B-]3(F)F)C=C2)cc1,3
367,COC(=O)/C=C/C1=CC2=C(c3ccccc3)c3cc(/C=C/C(=O)OC)c(/C=C/C(=O)OC)n3[B-](F)(F)[N+]2=C1/C=C/C(=O)OC,0
368,F[B-]1(F)n2c(cc(-c3ccccc3)c2-c2ccccc2)C(c2ccccc2)=C2C=CC(c3ccccc3)=[N+]21,3
369,COCCOCCOCOC(=O)/C=C/c1ccc2n1[B-](F)(F)[N+]1=C(/C=C/C=C/C(=O)OCCOC)C(/C=C/C(=O)OC)=CC1=C2c1ccccc1C,0
370,COCCOCCOCOC(=O)/C=C/c1ccc2n1[B-](F)(F)[N+]1=CC(/C=C/C(=O)OC)=CC1=C2c1ccc(OC)cc1,0
371,COC(=O)/C=C/C1=CC2=C(c3ccccc3)c3cc(-c4ccccc4)c(-c4ccccc4)n3[B-](F)(F)[N+]2=C1c1ccccc1,3
372,COC(=O)/C=C/C1=CC2=C(c3ccc(C)cc3)c3ccc(/C=C/c4ccc(OC)cc4)n3[B-](F)(F)[N+]2=C1c1ccc(C)cc1,3
373,COC(=O)/C=C/C1=CC2=C(c3ccccc3)c3ccc(/C=C/C(=O)OCOC(C)=O)n3[B-](F)(F)[N+]2=C1/C=C/C(=O)OC(C)(C)C,0
374,COCOC(=O)/C=C/C1=[N+]2C(=C(c3ccc(N(C)C)cc3)c3ccc(/C=C/C(=O)OCOC(C)=O)n3[B-]2(F)F)C=C1/C=C/C(=O)OC,0
375,CCOCOC(=O)/C=C/C1=[N+]2C(=C(c3ccc(OC)cc3)c3ccc(/C=C/C(=O)OCOC(C)=O)n3[B-]2(F)F)C=C1/C=C/C(=O)OC,0
376,COC(=O)/C=C/C1=CC2=C(c3ccc(N(C)C)cc3)c3ccc(/C=C/C(=O)OC(C)(C)C)n3[B-](F)(F)[N+]2=C1/C=C/C=C/C=O,0
377,CN(C)c1ccc(C2=[N+]3C(=C(c4ccccc4)c4ccc(-c5ccc(N(C)C)cc5)n4[B-]3(F)F)C=C2)cc1,3
378,COC(=O)/C=C/C1=CC2=C(c3c(C)cc(C)cc3C)c3ccc(C)n3[B-](F)(F)[N+]2=C1c1c(C)cc(C)cc1C,6
379,CC1=CC2=C(c3ccccc3)c3ccc(-c4c(F)c(F)c(F)c(F)c4F)n3[B-](F)(F)[N+]2=C1c1ccccc1,3
380,Fc1c(F)c(F)c(-c2ccc3n2[B-](F)(F)[N+]2=C(c4ccccc4)C=CC2=C3c2ccccc2)c(F)c1F,3
381,COC(=O)/C=C/C1=CC2=C(c3c(C)cc(C)cc3C)c3cccn3[B-](F)(F)[N+]2=C1c1c(C)cc(C)cc1C,6
382,CCOC(=O)/C=C/c1ccc2n1[B-](F)(F)[N+]1=C(c3c(C)cc(C)cc3C)C(/C=C/C(=O)OC)=CC1=C2c1ccc(OC)cc1,6
383,COC(=O)/C=C/C1=CC2=C(c3ccccc3C(=O)OC)c3ccc(/C=C/C(=O)OCOC(C)=O)n3[B-](F)(F)[N+]2=C1c1ccccc1,6
384,COC(=O)/C=C/C1=CC2=C(c3c(C)cccc3C)c3cc(/C=C/C(=O)OC)cn3[B-](F)(F)[N+]2=C1,0
385,COC(=O)/C=C/C1=CC2=C(c3ccc(N(C)C)cc3)c3ccc(/C=C/C(=O)OCOC(C)=O)n3[B-](F)(F)[N+]2=C1/C=C/C=C/C=O,0
386,COC(=O)/C=C/C1=CC2=C(c3ccc(OC)cc3)c3cc(/C=C/C(=O)OC(C)(C)C)cn3[B-](F)(F)[N+]2=C1c1cc(OC)cc(OC)c1,6
387,COC(=O)/C=C/C1=CC2=C(c3c(C)cc(C)cc3C)c3ccc(/C=C/C(=O)OC)n3[B-](F)(F)[N+]2=C1c1[nH]c(C)cc1C,6
388,COC(=O)/C=C/C1=CC2=C(c3ccccc3C)c3ccc(/C=C/C(=O)OCc4ccccc4)n3[B-](F)(F)[N+]2=C1C,9
389,CCOCCOCCOCOC(=O)/C=C/c1ccc2n1[B-](F)(F)[N+]1=C(/C=C/C(=O)OCOCC)C(/C=C/C(=O)OC)=CC1=C2c1ccc(OC)cc1,0
390,COCCOCCOCOC(=O)/C=C/c1cc2n(c1)[B-](F)(F)[N+]1=C(c3ccccc3)C(/C=C/C(=O)OC)=CC1=C2c1ccccc1C,6
391,COC(=O)/C=C/C1=CC2=C(c3ccccc3)c3cc(OC)c(-c4ccccc4)n3[B-](F)(F)[N+]2=C1c1ccccc1,3
392,COC(=O)/C=C/C1=CC2=C(c3ccccc3)c3ccc(N(C)C)cc3P(=O)(c3ccccc3)C2=CC1=[N+]1CCCC1,11
393,COC(=O)/C=C/C1=CC2=C(c3ccccc3)c3ccc(N(C)C)cc3P(=O)(c3ccccc3)C2=CC1=O,11
394,COC(=O)/C=C/C1=CC2=C(c3ccc(N(C)C)cc3)c3ccc(/C=C/C(=O)OC)n3[B-](F)(F)[N+]2=C1C,0
395,COC(=O)/C=C/C1=CC2=C(c3ccc(N(C)C)cc3)c3ccc(/C=C/c4ccc(OC)cc4)n3[B-](F)(F)[N+]2=C1c1ccc(N(C)C)cc1,3
396,F[B-]1(F)n2c(ccc2-c2ccccc2)C(c2ccccc2)=C2C=CC(c3ccccc3)=[N+]21,3
397,CC1=CC2=C(c3ccccc3)c3ccc(-c4ccccc4)n3[B-](F)(F)[N+]2=C1c1ccccc1,3
398,COC(=O)/C=C/C1=CC2=C(c3ccc(OC)cc3)c3ccc(/C=C/c4ccc(OC)cc4)n3[B-](F)(F)[N+]2=C1c1ccc[nH]1,3
399,COC(=O)/C=C/C1=CC2=C(c3ccccc3C(=O)OC)c3ccc(/C=C/C(=O)OCOC(C)=O)n3[B-](F)(F)[N+]2=C1/C=C/C=C/C=O,0
400,COC(=O)/C=C/C1=CC2=C(c3c(C)cc(C)cc3C)c3ccc(/C=C/C(=O)OC)n3[B-](F)(F)[N+]2=C1/C=C/C(=O)OCc1ccccc1,9
401,COC(=O)/C=C/C1=CC2=C(c3ccccc3C)c3ccc(/C=C/C(=O)OCc4ccccc4)n3[B-](F)(F)[N+]2=C1c1ccccc1OCc1ccccc1,9
402,COC(=O)/C=C/C1=CC2=C(c3ccccc3)c3ccc(/C=C/C(=O)OCc4ccccc4)n3[B-](F)(F)[N+]2=C1/C=C/C(=O)OCc1ccccc1,9
403,CCOC(=O)/C=C/c1ccc2n1[B-](F)(F)[N+]1=C(c3ccccc3)C(/C=C/C(=O)OC)=CC1=C(c1ccccc1)C=C2c1ccccc1,6
404,COC(=O)/C=C/C1=CC2=C(c3ccc(OC)cc3)c3ccc(/C=C/C(=O)OC(C)(C)C)n3[B-](F)(F)[N+]2=C1c1ccc[nH]1,6
405,COC(=O)/C=C/C1=CC2=C(c3ccccc3)c3ccc(/C=C/C(=O)OC(C)(C)C)n3[B-](F)(F)[N+]2=C1/C=C/C(=O)OCc1ccccc1,9
406,CC1=CC2=C(c3ccc(C(F)(F)F)cc3)c3ccc(N4c5ccccc5Oc5ccccc54)n3[B-](F)(F)[N+]2=C1N1c2ccccc2Oc2ccccc21,3
407,CC1=CC2=C(c3ccc(N4c5ccccc5Oc5ccccc54)cc3)c3ccc(N4c5ccccc5Oc5ccccc54)n3[B-](F)(F)[N+]2=C1,0
408,COC(=O)/C=C/C1=CC2=C(c3c(C)cc(C)cc3C)c3ccc(-c4ccccc4)n3[B-](F)(F)[N+]2=C1c1ccccc1,3
409,COCCOCCOCCOCCOCOC(=O)/C=C/c1cc2n(c1)[B-](F)(F)[N+]1=CC(/C=C/C(=O)OC)=CC1=C2c1ccccc1,0
410,F[B-]1(F)n2c(ccc2-c2ccc(N3c4ccccc4Sc4ccccc43)cc2)N=C2C=CC(c3ccc(N4c5ccccc5Sc5ccccc54)cc3)=[N+]21,3
411,F[B-]1(F)n2c(ccc2-c2ccc(N3c4ccccc4Oc4ccccc43)cc2)N=C2C=CC(c3ccc(N4c5ccccc5Oc5ccccc54)cc3)=[N+]21,3
412,CC1=CC2=C(c3ccccc3)c3ccc(-n4c5ccccc5c5cc(-n6c7ccccc7c7ccccc76)ccc54)n3[B-](F)(F)[N+]2=C1c1ccccc1,3
413,CC1=CC2=C(c3ccccc3)c3ccc(-n4c5ccccc5c(=O)c5ccccc54)n3[B-](F)(F)[N+]2=C1,0
414,F[B-]1(F)n2c(ccc2-n2c3ccccc3c3ccccc32)C(c2ccccc2)=C2C=CC=[N+]21,0
415,COC(=O)/C=C/C1=CC2=C(c3ccc(OC)cc3)c3ccc(/C=C/c4ccc(OC)cc4)n3[B-](F)(F)[N+]2=C1,0
416,CC(C)C1=CC2=C(c3ccccc3)c3cc(C(C)(C)C)c(-c4ccccc4)n3[B-](F)(F)[N+]2=C1c1ccccc1,3
417,COC(=O)/C=C/C1=CC2=C(c3ccccc3)c3cc(/C=C/C(=O)OC)c(/C=C/C(=O)OC)n3[B-](F)(F)[N+]2=C1c1ccccc1,6
418,CCOCCOCCOC(=O)/C=C/c1cc2n(c1)[B-](F)(F)[N+]1=C(/C=C/C=C/C=O)C(/C=C/C(=O)OC)=CC1=C2c1c(C)cc(C)cc1C,0
419,CCCCCCOc1ccc(C2=[N+]3C(=C(c4ccccc4)c4cc(/C=C/C(=O)OCCCCC)cn4[B-]3(F)F)C=C2/C=C/C(=O)OC)cc1,6
420,CCCCCCOC(=O)/C=C/C1=[N+]2C(=C(c3ccccc3C)c3ccc(/C=C/C(=O)OCCCCC)n3[B-]2(F)F)C=C1/C=C/C(=O)OC,0
421,COC(=O)/C=C/C1=CC2=C(c3ccccc3C)c3ccc(-n4c5ccccc5c5ccccc54)n3[B-](F)(F)[N+]2=C1c1ccccc1,3
422,COC(=O)/C=C/C1=CC2=C(c3ccc(N(C)C)cc3)c3ccc(/C=C/C(=O)OCOC(C)=O)n3[B-](F)[N+]2=C1c1ccc(N(C)C)cc1,6
423,COC(=O)/C=C/C1=CC2=C(c3ccc(OC)cc3)c3ccc(/C=C/C(=O)OC(C)(C)C)n3[B-](F)(F)[N+]2=C1N1CCOCC1,6
424,COC(=O)/C=C/C1=CC2=C(c3c(C)cc(C)cc3C)c3ccc(-c4ccccc4OC)n3[B-](F)(F)[N+]2=C1c1ccccc1OC,3
425,CC1=CC2=C(c3ccc(C#N)cc3)c3ccc(-c4ccc(C#N)cc4)n3[B-](F)(F)[N+]2=C1c1ccc(C#N)cc1,3
426,COC(=O)/C=C/C1=CC2=C(c3c(C)cc(C)cc3C)c3ccc(N4CCCCC4)n3[B-](F)(F)[N+]2=C1c1ccccc1,3
427,COC(=O)/C=C/C1=CC2=C(c3ccccc3)c3ccc(N4CCOCC4)n3[B-](F)(F)[N+]2=C1c1ccccc1,3
428,CC(C)(C)c1ccc2c(c1)c1cc(C(C)(C)C)ccc1n2-c1ccc2n1[B-](F)(F)[N+]1=C(c3ccccc3)C=CC1=C2c1ccccc1,3
429,CCOCCOCCOC(=O)/C=C/c1ccc2n1[B-](F)(F)[N+]1=C(c3ccccc3C(=O)OCCOCCO)C(/C=C/C(=O)OC)=CC1=C2c1ccccc1C,6
430,COC(=O)/C=C/C1=CC2=C(c3c(C)cc(C)cc3C)c3ccc(/C=C/C(C)(C)C)n3[B-](F)(F)[N+]2=C1/C=C/C(C)(C)C,0
431,CC1=CC2=C(c3ccc(C(F)(F)F)cc3)c3ccc(-c4ccc(N5c6ccccc6Oc6ccccc65)cc4)n3[B-](F)(F)[N+]2=C1,0
432,COc1ccccc1C1=[N+]2C(=C(c3ccccc3)c3ccc(-c4ccccc4OC)n3[B-]2(F)F)C=C1,3
433,CC1=CC2=C(c3ccc(C#N)cc3)c3ccc(-c4ccc(C#N)cc4)n3[B-](F)(F)[N+]2=C1c1ccc(N2c3ccccc3Sc3ccccc32)cc1,3
434,CC1=CC2=C(c3ccc(C(F)(F)F)cc3)c3ccc(N4c5ccccc5Sc5ccccc54)n3[B-](F)(F)[N+]2=C1c1ccc(C(F)(F)F)cc1,3
435,CC1=CC2=C(c3ccc(C(F)(F)F)cc3)c3ccc(-c4ccc(C(F)(F)F)cc4)n3[B-](F)(F)[N+]2=C1c1ccc(C(F)(F)F)cc1,3
436,COC(=O)/C=C/C1=CC2=C(c3c(C)cc(C)cc3C)c3ccc(N(C)C)cc3P(=O)(c3ccccc3)C2=C1,11
437,COc1ccc(C2=CC(c3ccc(OC)cc3)=[N+]3C2=Nc2c(-c4ccc(OC)cc4)cc(-c4ccc(OC)cc4)n2[B-]3(F)F)cc1,3
438,COC(=O)/C=C/C1=CC2=C(c3c(C)cc(C)cc3C)c3ccc(/C=C/C(=O)OC)cc3S(=O)(=O)C2=CC1=O,11
439,COC(=O)/C=C/C1=CC2=C(c3c(C)cc(C)cc3C)c3ccc(N(C)C)cc3S(=O)(=O)c3cc(N(C)C)ccc3C2=CC1=[N+]1CCCC1,11
440,CC1=CC2=C(c3ccc(C(=O)ON4C(=O)CCC4=O)cc3)c3ccc(N4CCC4)n3[B-](F)(F)[N+]2=C1,0
441,CCC1=C(C)C2=C(c3ccc(N(c4ccccc4)c4ccccc4)cc3)c3c(C)c(CC)c(C)n3[B-](F)(F)[N+]2=C1C,0
442,COc1ccc(/C=C/c2nc(/C=C/c3ccc(N(c4ccccc4)c4ccccc4)cc3)cc(/C=C/c3ccc(N(c4ccccc4)c4ccccc4)cc3)n2)cc1,5
443,CN(C)c1ccc(/C=C/c2cc(/C=C/c3ccc(N(C)C)cc3)nc(/C=C/c3ccc(C(F)(F)F)cc3)n2)cc1,5
444,COc1ccc(/C=C/c2cc(/C=C/c3ccc(N(c4ccccc4)c4ccccc4)cc3)nc(/C=C/c3ccc(OC)cc3)n2)cc1,5
445,COc1ccc(/C=C/c2cc(/C=C/c3ccc(OC)cc3)nc(/C=C/c3ccc(C(F)(F)F)cc3)n2)cc1,5
446,CN(C)c1ccc(/C=C/c2cc(/C=C/c3ccc(N(C)C)cc3)nc(/C=C/c3ccc(N(c4ccccc4)c4ccccc4)cc3)n2)cc1,5
447,COc1ccc(/C=C/c2cc(/C=C/c3ccc(OC)cc3)nc(/C=C/c3ccc(N(c4ccccc4)c4ccccc4)cc3)n2)cc1,5
448,COc1ccc(/C=C/c2cc(/C=C/c3ccc(C(F)(F)F)cc3)nc(/C=C/c3ccc(OC)cc3)n2)cc1,5
449,CCCCn1c2ccc(/C=C(/C#N)C(=O)O)cc2c2cc(/C=C/c3ccc(N(c4ccccc4)c4ccccc4)cc3)ccc21,2
450,CN(C)c1ccc(/C=C/c2ccc3nc(/C=C/c4ccc(N(C)C)cc4)c(-c4ccccc4)nc3c2)cc1,2
451,CN(C)c1ccc(/C=C/c2cc(/C=C/c3ccc(N(c4ccccc4)c4ccccc4)cc3)nc(/C=C/c3ccc(N(C)C)cc3)n2)cc1,5
452,C=Cc1ccc(-c2ccc(C=Cc3ccc(-c4ccc(C=C(C#N)c5ccc(-c6ccc(C)cc6)cc5)cc4)cc3)cc2)cc1,2
453,COc1ccc(/C=C/c2cc(/C=C/c3ccc(N(c4ccccc4)c4ccccc4)cc3)nc(/C=C/c3ccc(N(c4ccccc4)c4ccccc4)cc3)n2)cc1,5
454,CN(C)c1ccc(/C=C/c2cc(/C=C/c3ccc(N(c4ccccc4)c4ccccc4)cc3)nc(/C=C/c3ccc(C(F)(F)F)cc3)n2)cc1,5
455,N#CC(=Cc1ccc(-c2ccc(N(c3ccccc3)c3ccccc3)cc2)cc1)c1ccc(-c2ccc(N(c3ccccc3)c3ccccc3)cc2)cc1,2
456,CN(C)c1ccc(/C=C/c2ccc3nc(-c4ccccc4)c(/C=C/c4ccc(N(C)C)cc4)nc3c2)cc1,2
457,COc1ccc(/C=C/c2cc(/C=C/c3ccc(N(C)C)cc3)nc(/C=C/c3ccc(N(c4ccccc4)c4ccccc4)cc3)n2)cc1,5
458,CN(C)c1ccc(/C=C/c2cc(/C=C/c3ccc(C(F)(F)F)cc3)nc(/C=C/c3ccc(N(C)C)cc3)n2)cc1,5
459,COc1ccc(/C=C/c2cc(/C=C/c3ccc(N(c4ccccc4)c4ccccc4)cc3)nc(/C=C/c3ccc(N(C)C)cc3)n2)cc1,5
460,CCCCn1c2ccc(C=C(C#N)C(=O)O)cc2c2cc(/C=C/c3ccc(N(c4ccccc4)c4ccccc4)cc3)ccc21,2
461,CCCCCCn1c2ccc(/C=N/c3ccc(C(=O)O)cc3)cc2c2cc(/C=C(\C#N)c3ccc(/C=N/c4ccc(C(=O)O)cc4)s3)ccc21,2
462,C=Cc1ccc(-c2ccc(C(C#N)=Cc3ccc(-c4ccc(C=Cc5ccc(-c6ccc(C)cc6)cc5)cc4)cc3)cc2)cc1,2
463,N#C/C(=C\c1ccc(-c2ccc(N(c3ccccc3)c3ccccc3)cc2)cc1)c1ccc(-c2ccc(N(c3ccccc3)c3ccccc3)cc2)cc1,2
464,COc1cc(/C=C/C2=CC(/C=C/c3ccc(OC)c(OS(=O)(=O)c4ccc(C)cc4)c3)=[O+][B-](F)(F)O2)ccc1OS(=O)(=O)c1ccc(C)cc1,2
465,COc1c(/C=C(/C#N)C(=O)O)cc(/C=C/c2ccc(N(c3ccccc3)c3ccccc3)cc2)cc1/C=C/c1ccc(N(C)c2ccccc2)cc1,2
466,CN(C)c1ccc(/C=C/c2nc(/C=C/c3ccc(N(c4ccccc4)c4ccccc4)cc3)cc(/C=C/c3ccc(C(F)(F)F)cc3)n2)cc1,5
467,COc1cc(/C=C/C2=[O+][B-](F)(F)OC(/C=C/c3ccc(OC)c(OS(=O)(=O)c4ccc(C)cc4)c3)=C2)ccc1OS(=O)(=O)c1ccc(C)cc1,2
468,CCCCCCn1c2ccc(/C=N\c3ccc(C(=O)O)cc3)cc2c2cc(/C=C(\C#N)c3ccc(/C=N/c4ccc(C(=O)O)cc4)s3)ccc21,2
469,CN(C)c1ccc(C=Cc2cc(/C=C/c3ccc(N(c4ccccc4)c4ccccc4)cc3)nc(/C=C/c3ccc(N(C)C)cc3)n2)cc1,5
470,CN(C)c1ccc(/C=C/c2cc(/C=C/c3ccc(C(F)(F)F)cc3)nc(/C=C/c3ccc(N(c4ccccc4)c4ccccc4)cc3)n2)cc1,5
471,COc1c(/C=C/c2ccc(N(C)c3ccccc3)cc2)cc(/C=C/c2ccc(N(c3ccccc3)c3ccccc3)cc2)cc1/C=C(\C#N)C(=O)O,2
472,CCCCn1c2ccc(/C=C/c3ccc(N(c4ccccc4)c4ccccc4)cc3)cc2c2cc(/C=C(\C#N)C(=O)O)ccc21,2
473,COc1ccc(/C=C/c2nc(/C=C/c3ccc(N(C)C)cc3)cc(/C=C/c3ccc(N(c4ccccc4)c4ccccc4)cc3)n2)cc1,5
474,CCCCCCCCCCCCCOc1ccc(/C=C/c2cc[n+](CCCCCCCCCCCCOc3cc(OCCCCCCCCCC)ccc3/C=C/c3cc[n+](C)cc3)cc2)cc1,4
475,CCCCCCCCCCCCOc1ccc(/C=C/c2cc[n+](CCCCCCCCCCCCOc3cc(OCCCCCCCCCC)ccc3/C=C/c3cc[n+](C)cc3)cc2)cc1,4
476,CCCCCCCCCCCOc1ccc(/C=C/c2cc[n+](CCCCCCCCCCCCOc3cc(OCCCCCCCCCC)ccc3/C=C/c3cc[n+](C)cc3)cc2)cc1,4
477,CN(C)c1ccc(/C=C/c2cc[n+](CCCCCCCCCCCCC[n+]3ccc(/C=C/c4ccc(N(C)C)cc4)cc3)cc2)cc1,4
478,CN(C)c1ccc(/C=C/c2cc[n+](CCCCCCCCCCCCC[n+]3ccc(/C=C/c4cccc(N(C)C)c4)cc3)cc2)cc1,4
479,CN(C)c1ccc(/C=C/c2cc[n+](CCCCCCCCCCCC[n+]3ccc(/C=C/c4cccc(N(C)C)c4)cc3)cc2)cc1,4
480,CN(C)c1ccc(/C=C/c2cc[n+](CCCCCCCCCCCC[n+]3ccc(/C=C/c4ccc(N(C)C)cc4)cc3)cc2)cc1,4
481,CN(C)c1ccc(/C=C/c2cc[n+](CCCCCCCCCCC[n+]3ccc(/C=C/c4cccc(N(C)C)c4)cc3)cc2)cc1,4
482,CN(C)c1ccc(/C=C/c2cc[n+](CCCCCCCCCCC[n+]3ccc(/C=C/c4ccc(N(C)C)cc4)cc3)cc2)cc1,4
483,CN(C)c1ccc(/C=C/c2cc[n+](CCCCCCCCCC[n+]3ccc(/C=C/c4ccc(N(C)C)cc4)cc3)cc2)cc1,4
484,CN(C)c1ccc(/C=C/c2cccc[n+]2CCCC(=O)NCCSSCCNC(=O)CCCC[n+]2ccccc2/C=C/c2ccc(N(C)CCO)cc2)cc1,14
485,CN(C)c1ccc(/C=C/c2cccc[n+]2CCCC(=O)NCCSSCCNC(=O)CCC[n+]2ccccc2/C=C/c2ccc(N(C)CCO)cc2)cc1,14
486,CN(C)c1ccc(/C=C/c2cc[n+](CCCC(=O)NCCSSCCNC(=O)CCC[n+]3ccc(/C=C/c4ccc(N(C)C)cc4)cc3)cc2)cc1,14
487,CN(C)c1ccc(/C=C/c2cc[n+](CCCCC(=O)NCCSSCCNC(=O)CCC[n+]3ccc(/C=C/c4ccc(N(C)C)cc4)cc3)cc2)cc1,14
488,CCCCCCCOc1ccc(OCCCC)cc1/C=C/c1ccc(N(c2ccccc2)c2ccccc2)cc1,2
489,CCCCCCCOc1ccc(OCCCCC)cc1/C=C/c1ccc(N(c2ccccc2)c2ccccc2)cc1,2
490,CN(C)c1ccc(/C=C/c2cccc[n+]2CC(=O)NCCSSCCNC(=O)CC[n+]2ccccc2/C=C/c2ccc(N(C)CCC[N+](C)(C)C)cc2)cc1,14
491,CN(C)c1ccc(/C=C/c2cccc[n+]2CC(=O)NCCSSCCNC(=O)CCC[n+]2ccccc2/C=C/c2ccc(N(C)CCC[N+](C)(C)C)cc2)cc1,14
492,CN(C)c1ccc(/C=C/c2cccc[n+]2CCCC(=O)NCCSSCCNC(=O)CCC[n+]2ccccc2/C=C/c2ccc(N(C)CCCO)cc2)cc1,14
493,CN(C)c1ccc(/C=C/c2cccc[n+]2CCC(=O)NCCSSCCNC(=O)CCC[n+]2ccccc2/C=C/c2ccc(N(C)CCO)cc2)cc1,14
494,CN(C)c1ccc(/C=C/c2cc[n+](CCC[n+]3ccc(/C=C/c4ccc(N(C)C)cc4)cc3)cc2)cc1,4
495,CN(C)c1ccc(/C=C/c2cc[n+](CCCC[n+]3ccc(/C=C/c4ccc(N(C)C)cc4)cc3)cc2)cc1,4
496,CN(C)c1ccc(/C=C/c2cccc[n+]2CCCC(=O)NCCSSCCNC(=O)CCC[n+]2ccccc2/C=C/c2ccc(N(C)C)cc2)cc1,14
497,CN(C)c1ccc(/C=C/c2cccc[n+]2CCCC(=O)NCCSSCCNC(=O)CC[n+]2ccccc2/C=C/c2ccc(N(C)C)cc2)cc1,14
498,C(=Cc1ccc(-c2ccc(C=C(c3ccccc3)c3ccc(-c4ccc(C=C(c5ccccc5)c5ccccc5)cc4)cc3)cc2)cc1)c1ccccc1,2
499,C(=Cc1ccc(-c2ccc(C=C(c3ccccc3)c3ccccc3)cc2)cc1)c1ccc(-c2ccc(C=C(c3ccccc3)c3ccccc3)cc2)cc1,2
500,CCCCCCCCCOc1ccc(OCCCC)cc1/C=C/c1ccc(N(c2ccccc2)c2ccccc2)cc1,2
501,CN(C)c1ccc(/C=C/c2cccc[n+]2CCSSCC[n+]2ccccc2/C=C/c2ccc(N(C)CCC[N+](C)(C)C)cc2)cc1,4
502,CN(C)c1ccc(/C=C/c2cc[n+](CCSSCC[n+]3ccc(/C=C/c4ccc(N(C)CCC[N+](C)(C)C)cc4)cc3)cc2)cc1,4
503,CN(C)c1ccc(/C=C/c2cc[n+](CCSSCCC[n+]3ccc(/C=C/c4ccc(N(C)CCC[N+](C)(C)C)cc4)cc3)cc2)cc1,4
504,CN(C)c1ccc(/C=C/c2cccc[n+]2CCCSSCC[n+]2ccccc2/C=C/c2ccc(N(C)CCC[N+](C)(C)C)cc2)cc1,4
505,CCN(C)c1ccc(/C=C/c2cccc[n+]2CCSSCC[n+]2ccccc2/C=C/c2ccc(N(CCO)CCO)cc2)cc1,4
506,CCN(C)c1ccc(/C=C/c2cccc[n+]2CCCSSCC[n+]2ccccc2/C=C/c2ccc(N(CCO)CCO)cc2)cc1,4
507,CN(C)c1ccc(/C=C/c2cccc[n+]2CCSSCCC[n+]2ccccc2/C=C/c2ccc(N(CCO)CCO)cc2)cc1,4
508,CN(C)c1ccc(/C=C/c2cccc[n+]2CCSSCC[n+]2ccccc2/C=C/c2ccc(N(CCO)CCO)cc2)cc1,4
509,CN(C)c1ccc(/C=C/c2cc[n+](CCSSCCC[n+]3ccc(/C=C/c4ccc(N(CCO)CCO)cc4)cc3)cc2)cc1,4
510,CN(C)c1ccc(/C=C/c2cc[n+](CCSSCC[n+]3ccc(/C=C/c4ccc(N(CCO)CCO)cc4)cc3)cc2)cc1,4
511,CN(C)c1ccc(/C=C/c2cc[n+](CCSSCCC[n+]3ccc(/C=C/c4ccc(N(C)CCO)cc4)cc3)cc2)cc1,4
512,CN(C)c1ccc(/C=C/c2cc[n+](CCSSCC[n+]3ccc(/C=C/c4ccc(N(C)CCO)cc4)cc3)cc2)cc1,4
513,CN(C)c1ccc(/C=C/c2cccc[n+]2CCCSSCC[n+]2ccccc2/C=C/c2ccc(N(C)C)cc2)cc1,4
514,CN(C)c1ccc(/C=C/c2cccc[n+]2CCSSCC[n+]2ccccc2/C=C/c2ccc(N(C)C)cc2)cc1,4
515,CN(C)c1ccc(/C=C/c2cc[n+](CCCC(=O)NCCSSCCNC(=O)CCC[n+]3ccc(/C=C/c4ccc(N(C)CCO)cc4)cc3)cc2)cc1,14
516,CN(C)c1ccc(/C=C/c2cc[n+](CCCC(=O)NCCSSCCNC(=O)CCC[n+]3ccc(/C=C/c4ccc(N(C)CCCCO)cc4)cc3)cc2)cc1,14
517,CN(C)c1ccc(/C=C/c2cc[n+](CC[n+]3ccc(/C=C/c4ccc(N(C)C)cc4)cc3)cc2)cc1,4
518,CCCCN(CCCC)c1ccc(/C=C/c2ccc(-c3cc([N+]#N)cc(-c4ccc(/C=C/c5ccc(N(CC)CCC)cc5)cc4)c3)cc2)cc1,2
519,[C-]#[N+]c1cc(-c2ccc(/C=C/c3ccc(N(CC)CCC)cc3)cc2)cc(-c2ccc(/C=C/c3ccc(N(CCCC)CCCC)cc3)cc2)c1,2
520,CN(C)c1ccc(/C=C/c2cccc[n+]2CC(=O)NCCSSCCNC(=O)C[n+]2ccccc2/C=C/c2ccc(N(C)CCC[N+](C)(C)C)cc2)cc1,14
521,N#CC(=Cc1ccc(-c2ccc(C=Cc3ccccc3)cc2)cc1)c1ccc(-c2ccccc2)cc1,2
522,N#CC(=Cc1ccc(C=Cc2ccc(-c3ccccc3)cc2)cc1)c1ccc(-c2ccccc2)cc1,2
523,CCN(C)c1ccc(/C=C/c2cc[n+](CCSSCCC[n+]3ccc(/C=C/c4ccc(N(C)CCC[N+](C)(C)C)cc4)cc3)cc2)cc1,4
524,Clc1ccc(-c2nc(-c3ccc(C=CC4=CC=C5C=CC=C54)cc3)cc(-c3ccc(C=C(c4ccccc4)c4ccccc4)cc3)n2)cc1,2
525,Cc1ccc(-c2nc(-c3ccc(C=CC4=CC=C5C=CC=C54)cc3)cc(-c3ccc(C=C(c4ccccc4)c4ccccc4)cc3)n2)cc1,2
526,CCN(C)c1ccc(/C=C/c2cccc[n+]2CCSSCC[n+]2ccccc2/C=C/c2ccc(N(C)CCC[N+](C)(C)C)cc2)cc1,4
527,CN(CCO)c1ccc(/C=C/c2cccc[n+]2CC(=O)NCCSSCCNC(=O)CCC[n+]2ccccc2/C=C/c2ccc(N(CCO)CCO)cc2)cc1,14
528,CN(CCO)c1ccc(/C=C/c2cccc[n+]2CCCC(=O)NCCSSCCNC(=O)CCC[n+]2ccccc2/C=C/c2ccc(N(CCO)CCO)cc2)cc1,14
529,COc1ccc(-c2ccc(C(C#N)=Cc3ccc(-c4ccc(C=Cc5ccc(N(c6ccccc6)c6ccccc6)cc5)cc4)cc3)cc2)cc1,2
530,Cc1ccc(-c2ccc(C(C#N)=Cc3ccc(-c4ccc(C=Cc5ccc(N(c6ccccc6)c6ccccc6)cc5)cc4)cc3)cc2)cc1,2
531,CN(CCO)c1ccc(/C=C/c2cccc[n+]2CC(=O)NCCSSCCNC(=O)C[n+]2ccccc2/C=C/c2ccc(N(CCO)CCO)cc2)cc1,14
532,CCN(C)c1ccc(/C=C/c2cc(/C=C/c3ccc(N(CC)CC)cc3)nc(/C=C/c3ccc(N(CC)CC)cc3)n2)cc1,5
533,CCN(CC)c1ccc(/C=C/c2cc(/C=C/c3ccc(N(C)C)cc3)nc(/C=C/c3ccc(N(CC)CC)cc3)n2)cc1,5
534,CN(C)c1ccc(/C=C/c2cccc[n+]2CC(=O)NCCSSCCNC(=O)CCC[n+]2ccccc2/C=C/c2ccc(N(C)CC(=O)[O-])cc2)cc1,14
535,CN(C)c1ccc(/C=C/c2cccc[n+]2CCCC(=O)NCCSSCCNC(=O)CCC[n+]2ccccc2/C=C/c2ccc(N(C)CC(=O)[O-])cc2)cc1,14
536,CN(C)c1ccc(/C=C/c2cc[n+](CCCC(=O)NCCSSCCNC(=O)C[n+]3ccc(/C=C/c4ccc(N(C)CCO)cc4)cc3)cc2)cc1,14
537,CN(C)c1ccc(/C=C/c2cccc[n+]2CC(=O)NCCSSCCNC(=O)C[n+]2ccccc2/C=C/c2ccc(N(C)CC(=O)[O-])cc2)cc1,14
538,N#CC(=C(c1ccccc1)c1ccccc1)c1ccc(-c2nnc(-c3ccc(C=Cc4ccc(N(c5ccccc5)c5ccccc5)cc4)cc3)o2)cc1,2
539,CC(=C(c1ccccc1)c1ccccc1)c1ccc(-c2nnc(-c3ccc(C=Cc4ccc(N(c5ccccc5)c5ccccc5)cc4)cc3)o2)cc1,2
540,CN(C)c1ccc(/C=C/c2cc[n+](CCCC(=O)NCCSSCCCC(=O)C[n+]3ccc(/C=C/c4ccc(N(C)C)cc4)cc3)cc2)cc1,14
541,CN(C)c1ccc(/C=C/c2cc[n+](CCCC(=O)CCCSSCCNC(=O)CCC[n+]3ccc(/C=C/c4ccc(N(C)C)cc4)cc3)cc2)cc1,14
542,CN(C)c1ccc(/C=C/c2cccc[n+]2CCCC(=O)NCCSSCCNC(=O)CCC[n+]2ccccc2/C=C/c2ccc(N(CCO)CCO)cc2)cc1,14
543,CCN(C)c1ccc(/C=C/c2cc(/C=C/c3ccc(N(C)C)cc3)nc(/C=C/c3ccc(N(C)C)cc3)n2)cc1,5
544,CN(C)c1ccc(/C=C/c2cc(/C=C/c3ccc(N(C)C)cc3)nc(/C=C/c3ccc(N(C)C)cc3)n2)cc1,5
545,CN(CCO)c1ccc(/C=C/c2cccc[n+]2CCCC(=O)NCCSSCCNC(=O)CCC[n+]2ccccc2/C=C/c2ccc(N(C)CCO)cc2)cc1,14
546,C=Cc1ccc(-c2ccc(C(C#N)=Cc3ccc(-c4ccc(C=Cc5ccc(N(c6ccccc6)c6ccccc6)cc5)cc4)cc3)cc2)cc1,2
547,C=Cc1ccc(-c2ccc(C(C)=Cc3ccc(-c4ccc(C=Cc5ccc(N(c6ccccc6)c6ccccc6)cc5)cc4)cc3)cc2)cc1,2
548,CCN(C)c1ccc(/C=C/c2cccc[n+]2CCCSSCCC[n+]2ccccc2/C=C/c2ccc(N(C)CCC[N+](C)(C)C)cc2)cc1,4
549,C=Cc1ccc(-c2nc(-c3ccc(C=CC4=CC=C5C=CC=C54)cc3)cc(-c3ccc(C=C(c4ccccc4)c4ccccc4)cc3)n2)cc1,2
550,CCCCCCOc1cc(/C=C/c2cc(OCCCCCC)c(/C=C/c3cc(OCCC)ccc3OCCCCC)cc2OCCCCCC)c(OCCCCC)cc1Br,2
551,CCCCCCOc1cc(/C=C/c2cc(OCCCCCC)c(/C=C/c3cc(OCCC)ccc3OCCCCC)cc2OCCCCCC)c(OCCCCCC)cc1C=O,2
552,CN(C)c1ccc(/C=C/c2cc[n+](CCCC(=O)NCCSSCCNC(=O)CCC[n+]3ccc(/C=C/c4cccc(N(C)CCO)c4)cc3)cc2)cc1,14
553,CN(C)CCN(C)c1ccc(/C=C/c2cccc[n+]2CCSSCCCC(=O)N(C)CCCC[n+]2ccc(/C=C/c3ccc(N(C)C)cc3)cc2)cc1,14
554,CN(C)CCN(C)c1ccc(/C=C/c2cccc[n+]2CCSSCCCC(=O)N(C)CCCC[n+]2ccc(/C=C/c3ccc(N(C)CCO)cc3)cc2)cc1,14
555,CN(C)c1ccc(/C=C/c2nc(/C=C/c3ccc(N(C)C)cc3)[n+](C)c(/C=C/c3ccc(N(C)C)cc3)n2)cc1,5
556,CN(C)c1ccc(/C=C/c2nc(/C=C/c3ccc(N(C)C)cc3)[n+]([O-])c(/C=C/c3ccc(N(C)C)cc3)n2)cc1,5
557,CN(C)c1ccc(/C=C/c2cc(/C=C/c3ccc(N(C)C)cc3)[n+](C)c(/C=C/c3ccc(N(C)C)cc3)n2)cc1,5
558,CN(C)c1ccc(/C=C/c2cc(/C=C/c3ccc(N(C)C)cc3)[n+]([O-])c(/C=C/c3ccc(N(C)C)cc3)n2)cc1,5
559,CN(CC(=O)[O-])c1ccc(/C=C/c2cccc[n+]2CCCC(=O)NCCSSCCNC(=O)CCC[n+]2ccccc2/C=C/c2ccc(N(CCO)CCO)cc2)cc1,14
560,CCCCN(CCCC)c1ccc(/C=C/c2ccc(-c3cc(C#N)cc(-c4ccc(/C=C/c5ccc(N(CC)CCC)cc5)cc4)c3)cc2)cc1,2
561,C=Cc1ccc(-c2ccc(C=Cc3ccc(-c4ccc(-c5nnc(-c6ccc(-c7ccc(C=C)cc7)cc6)o5)cc4)cc3)cc2)cc1,2
562,C=Cc1ccc(-c2ccc(-c3nnc(-c4ccc(-c5ccc(C=Cc6ccc(-c7ccc(C)cc7)cc6)cc5)cc4)o3)cc2)cc1,2
563,CCN(CC)c1ccc(/C=C/c2cc(/C=C/c3ccc(N(C)C)cc3)nc(/C=C/c3ccc(N(c4ccccc4)c4ccccc4)cc3)n2)cc1,5
564,N#CC(=Cc1ccc(-c2ccc(C(C#N)=Cc3ccc(-c4ccc(C=Cc5ccccc5)cc4)cc3)cc2)cc1)c1ccccc1,2
565,CC(=Cc1ccc(-c2ccc(C(C#N)=Cc3ccc(-c4ccc(C=Cc5ccccc5)cc4)cc3)cc2)cc1)c1ccccc1,2
566,CN(C)c1ccc(/C=C/c2cccc[n+]2CCSSCCC[n+]2ccccc2/C=C/c2ccc(N(C)CCC[N+](C)(C)CCC[N+](C)(C)C)cc2)cc1,4
567,CCN(CC)c1ccc(/C=C/c2cc(/C=C/c3ccc(N(C)C)cc3OC)nc(/C=C/c3ccc(N(CC)CC)cc3O)n2)c(O)c1,5
568,CCN(CC)c1ccc(/C=C/c2cc(/C=C/c3ccc(N(C)C)cc3OC)nc(/C=C/c3ccc(N(CC)CC)cc3OC)n2)c(O)c1,5
569,C=Cc1ccc(-c2ccc(C=Cc3ccc(-c4ccc(C=C(C#N)c5ccc(-c6ccc(C=C)cc6)cc5)cc4)cc3)cc2)cc1,2
570,CN(C)c1ccc(/C=C/c2cccc[n+]2CC(=O)NCCSSCCNC(=O)CC[n+]2ccccc2/C=C/c2ccc(N(C)CC(=O)O)cc2)cc1,14
571,C=Cc1ccc(-c2ccc(C(=Cc3ccc(-c4ccc(C=Cc5ccc(N(c6ccccc6)c6ccccc6)cc5)cc4)cc3)C(=O)O)cc2)cc1,2
572,CN(CC(=O)[O-])c1ccc(/C=C/c2cccc[n+]2CC(=O)NCCSSCCNC(=O)C[n+]2ccccc2/C=C/c2ccc(N(CCO)CC(=O)[O-])cc2)cc1,14
573,CN(C)c1ccc(/C=C/c2cc[n+](CCCC(=O)NCCSSCCNC(=O)CCC[n+]3ccc(/C=C/c4ccc(N(CCO)CCO)cc4)cc3)cc2)cc1,14
574,CN(CC(=O)[O-])c1ccc(/C=C/c2cccc[n+]2CC(=O)NCCSSCCNC(=O)C[n+]2ccccc2/C=C/c2ccc(N(CCO)CCO)cc2)cc1,14
575,CN(C)c1ccc(/C=C/c2cc[n+](CCCCSCC[n+]3ccc(/C=C/c4ccc(N(C)C)cc4)cc3)cc2)cc1,4
576,CCN(C)c1ccc(/C=C/c2ccc(-c3nnc(-c4ccc(-c5ccc(/C=C/c6ccc(N(CC)CC)cc6)cc5)cc4)o3)cc2)cc1,2
577,CCN(C)c1ccc(/C=C/c2ccc(-c3nnc(-c4ccc(-c5ccc(/C=C/c6cccc(N(CC)CC)c6)cc5)cc4)o3)cc2)cc1,2
578,CN(CC(=O)[O-])c1ccc(/C=C/c2cccc[n+]2CC(=O)NCCSSCCNC(=O)C[n+]2ccccc2/C=C/c2ccc(N(C)CC(=O)[O-])cc2)cc1,14
579,CCN(CC)c1ccc(/C=C/c2cc(/C=C/c3ccc(N(C)C)cc3O)nc(/C=C/c3ccc(N(CC)CC)cc3O)n2)c(O)c1,5
580,Cc1ccc(-c2ccc(C=Cc3ccc(-c4ccc(C=C(C#N)c5ccc(-c6ccc(C)cc6)cc5)cc4)cc3)cc2)cc1,2
581,CCN(CC)c1ccc(/C=C/c2nc(/C=C/c3ccc(N(CC)CC)cc3O)cc(/C=C/c3ccc(N(C)C)cc3OC)n2)cc1,5
582,CCN(CC)c1ccc(/C=C/c2nc(/C=C/c3ccc(N(C)C)cc3O)cc(/C=C/c3ccc(N(CC)CC)cc3O)n2)cc1,5
583,CN(CCO)c1ccc(/C=C/c2cccc[n+]2CC(=O)NCCSSCCNC(=O)C[n+]2ccccc2/C=C/c2ccc(N(C)CCO)cc2)cc1,14
584,CCN(C)c1ccc(/C=C/c2ccc(-c3ccc(/C=C/c4ccc(N(CC)CC)cc4)cc3)cc2)cc1,2
585,CCN(CC)c1ccc(/C=C/c2ccc(-c3ccc(/C=C/c4ccc(N(CC)CC)cc4)cc3)cc2)cc1,2
586,CN(C)CCN(C)c1ccc(/C=C/c2cccc[n+]2CCSSCCC[n+]2ccccc2/C=C/c2ccc(N(C)CCC[N+](C)(C)C)cc2)cc1,4
587,CN(C)c1ccc(/C=C/c2cc(/C=C/c3ccc(N(C)C)cc3)[n+](CCCS(=O)(=O)[O-])c(/C=C/c3ccc(N(C)C)cc3)c2)cc1,2
588,CCN(CC)c1ccc(/C=C/c2cc(/C=C/c3ccc(N(C)C)cc3)cc(/C=C/c3ccc(N(C)C)cc3)[n+]2CCCS(=O)(=O)[O-])cc1,2
589,CN(C)c1ccc(/C=C/c2cccc[n+]2CCSSCC[n+]2ccccc2/C=C/c2cccc(N(C)CCC[N+](C)(C)C)c2)cc1,4
590,CN(C)c1ccc(/C=C/c2cc[n+](CCCC(=O)NCCSSCCCC(=O)C[n+]3ccc(/C=C/c4ccc(N(C)CC(=O)[O-])cc4)cc3)cc2)cc1,14
591,COc1ccc(/C=C/c2cc(/C=C/c3ccc(N(c4ccccc4)c4ccccc4)cc3)nc(/C=C/c3ccc(C(F)(F)F)cc3)n2)cc1,5
592,CN(C)c1ccc(/C=C/c2cc[n+](CCSSCC[n+]3ccc(/C=C/c4cccc(N(CCO)CCO)c4)cc3)cc2)cc1,4
593,COc1ccc(/C=C/c2nc(/C=C/c3ccc(N(c4ccccc4)c4ccccc4)cc3)cc(/C=C/c3ccc(N(c4ccccc4)c4ccccc4)cc3)n2)cc1O,5
594,CN(C)c1ccc(/C=C/c2cccc[n+]2CC(=O)NCCSSCCNC(=O)C[n+]2ccccc2/C=C/c2ccc(N(C)C)cc2)cc1,14
595,COc1ccc(/C=C/c2nc(/C=C/c3ccc(N(c4ccccc4)c4ccccc4)cc3)nc(/C=C/c3ccc(N(c4ccccc4)c4ccccc4)cc3)n2)cc1,5
596,CN(C)c1ccc(/C=C/c2cccc[n+]2CCSSCC[n+]2ccccc2C/C=C/c2ccc(N(C)CCC[N+](C)(C)C)cc2)cc1,4
597,CN(CC(=O)O)c1ccc(/C=C/c2cccc[n+]2CC(=O)NCCSSCCNC(=O)C[n+]2ccccc2/C=C/c2ccc(N(C)CC(=O)O)cc2)cc1,14
598,COc1cc(/C=C/c2ccc(N(c3ccccc3)c3ccccc3)cc2)cc(OC)c1/C=C/c1ccc(N(c2ccccc2)c2ccccc2)cc1,2
599,COc1cc(/C=C/c2ccc(N(c3ccccc3)c3ccccc3)cc2)c(OC)cc1/C=C/c1ccc(N(c2ccccc2)c2ccccc2)cc1,2
600,COc1ccc(/C=C/c2cc[n+](CCCCCCCCCCCC[n+]3ccc(/C=C/c4ccc(N(C)C)cc4)cc3)cc2)cc1OC,4
601,COc1cc(/C=C/c2cc[n+](CCCCCCCCCCCC[n+]3ccc(/C=C/c4ccc(N(C)C)cc4)cc3)cc2)ccc1N(C)C,4
602,C(=Cc1ccc(N(c2ccccc2)c2ccccc2)cc1)c1ccc(-c2nnc(-c3ccc(N(c4ccccc4)c4ccccc4)cc3)o2)cc1,2
603,C(=Cc1ccc(N(c2ccccc2)c2ccccc2)cc1)c1ccc(-c2ccc(N(c3ccccc3)c3ccccc3)cc2)cc1,2
604,CN(C)c1ccc(/C=C/c2cccc[n+]2CCSSCC[n+]2ccccc2/C=C/c2ccc(N(C)CCO)cc2)cc1,4
605,CN(C)c1ccc(/C=C/c2cc[n+](CCSSCC[n+]3ccc(/C=C/c4ccc(N(C)C)cc4)cc3)cc2)cc1,4
606,COc1ccc2cc(/C=C/c3nc(/C=C/c4ccc(N(C)C)cc4)cc(/C=C/c4ccc(N(c5ccccc5)c5ccccc5)cc4)n3)ccc2c1,5
607,N#CC(=Cc1ccc(-c2ccc(C=Cc3ccc(N(c4ccccc4)c4ccccc4)cc3)cc2)cc1)c1ccc(-c2ccccc2)cc1,2
608,CN(C)CCCN(C)c1ccc(/C=C/c2cc[n+](CCSSCC[n+]3ccccc3/C=C/c3ccc(N(C)C)cc3)cc2)cc1,4
609,CN(C)c1ccc(/C=C/c2cccc[n+]2CCSSCC[n+]2ccc(/C=C/c3ccc(N(C)CCC[N+](C)(C)C)cc3)cc2)cc1,4
610,CN(C)CCCN(C)c1ccc(/C=C/c2cccc[n+]2CCSSCC[n+]2ccccc2/C=C/c2ccc(N(C)C)cc2)cc1,4
611,CN(C)CCCN(C)c1ccc(/C=C/c2cc[n+](CCSSCC[n+]3ccc(/C=C/c4ccc(N(C)C)cc4)cc3)cc2)cc1,4
612,COc1ccc(/C=C/c2nc(/C=C/c3ccc(N(c4ccccc4)c4ccccc4)cc3)cc(/C=C/c3ccc(N(c4ccccc4)c4ccccc4)cc3)[n+]2[O-])cc1,5
613,CN(C)c1ccc(/C=C/c2cccc[n+]2CCSSCC[n+]2ccccc2/C=C/c2cccc(N(C)C)c2)cc1,4
614,CCN(CC)c1ccc(/C=C/c2cc(/C=C/c3ccc(N(C)C)cc3)nc(/C=C/c3ccc(C(F)(F)F)cc3)n2)cc1,5
615,C1=CC2=CC=C(C=Cc3ccc(-c4cc(-c5ccc(C=C(c6ccccc6)c6ccccc6)cc5)nc(-c5ccccc5)n4)cc3)C2=C1,2
616,C(=C/c1ccnc(/C=C/c2ccc(N(c3ccccc3)c3ccccc3)cc2)n1)\c1ccc(N(c2ccccc2)c2ccccc2)cc1,5
617,C(=C/c1cccc(/C=C/c2ccc(N(c3ccccc3)c3ccccc3)cc2)n1)\c1ccc(N(c2ccccc2)c2ccccc2)cc1,2
618,CN(C)c1ccc(/C=C/c2cc[n+](CCCC(=O)NCCCCCNC(=O)CCC[n+]3ccc(/C=C/c4ccc(N(C)C)cc4)cc3)cc2)cc1,14
619,N#CC(=Cc1ccc(-c2ccc(C=Cc3ccc(N(c4ccccc4)c4ccccc4)cc3)cc2)cc1)c1ccc(-c2ccc3ccccc3c2)cc1,2
620,COc1cccc(/C=C/c2nc(/C=C/c3ccc(N(C)C)cc3)cc(/C=C/c3ccc(N(C)C)cc3)n2)c1,5
621,COc1ccc(/C=C/c2nc(/C=C/c3ccc(N(C)C)cc3)cc(/C=C/c3ccc(N(C)C)cc3)n2)cc1,5
622,CN(CC[n+]1ccccc1/C=C/c1ccc(N(CCO)CCO)cc1)C(=O)CCCSSCCNC(=O)C[n+]1ccccc1/C=C/c1ccc(N(C)CCO)cc1,14
623,COc1cc(/C=C/c2ccc(N(c3ccccc3)c3ccccc3)cc2)cc(/C=C/c2ccc(N(c3ccccc3)c3ccccc3)cc2)c1,2
624,COc1cc(/C=C/c2ccc(N(c3ccccc3)c3ccccc3)cc2)cc(/C=C/c2ccc(N(c3ccccc3)c3ccccc3)cc2)n1,2
625,CCCCN(CCCC)c1ccc(/C=C/c2ccc(-c3ccnc(-c4ccc(/C=C/c5ccc(N(CC)CCC)cc5)cc4)c3)cc2)cc1,2
626,CCCCN(CCCC)c1ccc(/C=C/c2ccc(-c3ccc(/C=C/c4ccc(N(CC)CCC)cc4)cc3)cc2)cc1,2
627,CCCCCCn1c2ccc(/C=C(\C#N)c3ccc(/C=N/c4ccc(C(=O)O)cc4)cc3)cc2c2cc(/C=N/c3ccc(C(=O)O)cc3)ccc21,2
628,CCCCCCn1c2ccc(/C=C(\C#N)c3ccc(/C=N/c4ccc(C(=O)O)cc4)cc3)cc2c2cccc(/C=N/c3ccc(C(=O)O)cc3)c21,2
629,CN(C)c1ccc(/C=C/c2nc(/C=C/c3ccc(N(c4ccccc4)c4ccccc4)cc3)nc(/C=C/c3ccc(C(F)(F)F)cc3)n2)cc1,5
630,O=[N+]([O-])c1ccc(Oc2ccc3ccccc3c2-c2c(Oc3ccc(/C=C/c4ccc(-c5cccc6ccccc56)cc4)cc3)ccc3ccccc23)cc1,2
631,O=[N+]([O-])c1ccc(Oc2ccc3ccccc3c2-c2c(Oc3ccc(/C=C/c4ccc(-c5ccccc5)cc4)cc3)ccc3ccccc23)cc1,2
632,CN(CCO)c1ccc(/C=C/c2cccc[n+]2CC(=O)NCCSSCCNC(=O)C[n+]2ccc(/C=C/c3ccc(N(CCO)CCO)cc3)cc2)cc1,14
633,CN(C)c1ccc(/C=C/c2nc(/C=C/c3ccc(N(C)C)cc3)nc(/C=C/c3ccc(N(c4ccccc4)c4ccccc4)cc3)n2)cc1,5
634,CCCCCCOc1cc(/C=C/c2cc(OCCCCCC)c(/C=C/c3c(OCCCCC)ccc(OCCC)c3Br)cc2OCCCCCC)c(OCCCCCC)cc1Br,2
635,N#CC(=Cc1ccc(-c2ccc(C=Cc3ccc(-c4ccccc4)cc3)cc2)cc1)c1ccc(-c2ccccc2)cc1,2
636,COc1cc(/C=C/c2ccc(N(c3ccccc3)c3ccccc3)cc2)cc(/C=C/c2ccc(N(c3ccccc3)c3ccccc3)cc2)c1C#N,2
637,CN(C)c1ccc(/C=C/c2ccc(-c3nc4ccccc4nc3-c3ccc(/C=C/c4ccc(N(C)C)cc4)cc3)cc2)cc1,2
638,CN(C)c1ccc(/C=C/c2ccc(-c3nc(-c4ccc(/C=C/c5ccc(N(C)C)cc5)cc4)c4ccccc4n3)cc2)cc1,2
639,CCN(C)c1ccc(/C=C/c2ccc(-c3nnc(-c4ccc(-c5ccc(/C=C/c6ccc(N(CC)CC)cc6)cc5)cc4)s3)cc2)cc1,2
640,COc1ccc(/C=C/c2nc(/C=C/c3ccc(OC)cc3)nc(/C=C/c3ccc(N(c4ccccc4)c4ccccc4)cc3)n2)cc1,5
641,CCn1c2ccccc2c2cc(/C=C/c3ccc(/C=C/c4ccc5c(c4)c4ccccc4n5C)cc3)ccc21,2
642,CCCCn1c2ccccc2c2cc(/C=C/c3ccc(/C=C/c4ccc5c(c4)c4ccccc4n5CC)cc3)ccc21,2
643,N#CC(=Cc1ccc(-c2ccc(C=Cc3ccc(N(c4ccccc4)c4ccccc4)cc3)cc2)cc1)c1ccccc1,2
644,CN(C)c1ccc(/C=C/c2cc[n+](CCCC(=O)NCCSSCCNC(=O)c3ccc(/C=C/c4ccc(N(C)CCC[N+](C)(C)C)cc4)cc3)cc2)cc1,14
645,CN(C)c1ccc(/C=C/c2ccc(C(=O)NCCSSCCNC(=O)CCC[n+]3ccc(/C=C/c4ccc(N(C)C)cc4)cc3)cc2)cc1,14
646,CCCCCCCCOc1ccc(OCCCCCC)c(/C=C/c2ccc(N(c3ccccc3)c3ccccc3)cc2)c1OCCCCCCCC,2
647,CCCCCCCCCOc1c(OCCCCCCCC)ccc(OCCCCCC)c1/C=C/c1ccc(/C=C/c2ccc(N(c3ccccc3)c3ccccc3)cc2)cc1,2
648,CN(C)c1ccc(/C=C/c2cc[n+](CCSSCC[n+]3ccccc3/C=C/c3ccc(N(C)C)cc3)cc2)cc1,4
649,CN(C)c1ccc(/C=C/c2cc(/C=C/c3ccc(N(c4ccccc4)c4ccccc4)cc3)nc(/C=C/c3ccccc3)n2)cc1,5
650,CN(C)c1ccc(/C=C/c2cc(/C=C/c3ccc(N(C)C)cc3)[n+](C)c(/C=C/c3ccc(N(c4ccccc4)c4ccccc4)cc3)n2)cc1,5
651,CN(C)c1ccc(/C=C/c2cc(/C=C/c3ccc(N(c4ccccc4)c4ccccc4)cc3)nc(/C=C/c3cccc4ccccc34)n2)cc1,5
652,CCN(C)c1ccc(/C=C/c2cccc[n+]2CCCSSCCCC[n+]2ccccc2/C=C/c2ccc(N(C)C)cc2)cc1,4
653,CN(C)c1ccc(/C=C/c2cc[n+](CCCC(=O)NCCSSCCNC(=O)c3ccccc3/C=C/c3ccc(N(C)C)cc3)cc2)cc1,14
654,COc1cc(/C=C/c2nccc(/C=C/c3ccc(N(c4ccccc4)c4ccccc4)cc3)n2)ccc1N(c1ccccc1)c1ccccc1,5
655,COc1cc(/C=C/c2cc[n+](CCCCCCCCCCC[n+]3ccc(/C=C/c4ccc(N(C)C)cc4)cc3)cc2)cc(N(C)C)c1,4
656,COc1ccc2cc(/C=C/c3nc(/C=C/c4ccc(N(C)C)cc4)cc(/C=C/c4ccc(N(C)C)cc4)n3)ccc2c1,5
657,CCN(CC)c1ccc(/C=C/c2nc(/C=C/c3ccc(N(C)C)cc3)cc(/C=C/c3ccc(N(CC)CC)cc3O)n2)cc1,5
658,CN(C)CCCNC(=O)CN(C)c1ccc(/C=C/c2cccc[n+]2CC(=O)NCCSSCCNC(=O)C[n+]2ccccc2/C=C/c2ccc(N(C)C)cc2)cc1,14
659,CN(C)c1ccc(/C=C/c2cc(/C=C/c3ccc(N(c4ccccc4)c4ccccc4)cc3)nc(/C=C/c3ccccc3)[n+]2C)cc1,5
660,CCCCCCCCOc1cc(/C=C/c2ccc(N(c3ccccc3)c3ccccc3)cc2)c(OC)cc1/C=C/c1ccc(N(c2ccccc2)c2ccccc2)cc1,2
661,CN(C)c1ccc(/C=C/c2cc(/C=C/c3ccc(N(C)C)cc3)nc(/C=C/c3ccc4ccccc4c3)n2)cc1,5
662,CN(C)c1ccc(/C=C/c2ccc(-c3ccc(/C=C/c4ccc(N(C)C)cc4)cc3)cc2)cc1,2
663,CN(C)c1ccc(/C=C/c2ccc(-c3nnc(-c4ccc(/C=C/c5ccc(N(C)C)cc5)cc4)o3)cc2)cc1,2
664,CCN(C)c1ccc(/C=C/c2ccc(-c3nnc(-c4ccc(-c5ccc(/C=C/c6ccc(N(CC)CC)cc6)s5)cc4)o3)cc2)cc1,2
665,CN(c1ccccc1)c1ccc(/C=C/c2cc(/C=C/c3ccc(N(c4ccccc4)c4ccccc4)cc3)nc(/C=C/c3ccccc3)n2)cc1,5
666,CN(c1ccccc1)c1ccc(/C=C/c2cc(/C=C/c3ccc(N(c4ccccc4)c4ccccc4)cc3)cc(/C=C(\C#N)C(=O)O)c2)cc1,2
667,CN(C)c1ccc(/C=C/c2ccc(-c3nc(-c4ccc(/C=C/c5ccc(N(C)C)cc5)cc4)nc(-c4ccc(N(C)C)cc4)n3)cc2)cc1,2
668,CN(C)c1ccc(/C=C/c2ccc(-c3nc(-c4ccccc4)nc(-c4ccc(/C=C/c5ccc(N(C)C)cc5)cc4)n3)cc2)cc1,2
669,CN(C)c1ccc(/C=C/c2cc(/C=C/c3ccc(N(c4ccccc4)c4ccccc4)cc3)nc(Nc3ccccc3)n2)cc1,5
670,CN(C)c1ccc(/C=C/c2ccc(-c3nc(-c4ccc(/C=C/c5ccc(N(C)C)cc5)cc4)c(-c4ccc(N(C)C)cc4)[nH]3)cc2)cc1,2
671,CN(C)c1ccc(/C=C/c2ccc(-c3nc(-c4ccc(/C=C/c5ccc(N(C)C)cc5)cc4)c(-c4ccccc4)[nH]3)cc2)cc1,2
672,N#CC(=Cc1ccc(-c2ccc(C=Cc3ccc(-c4ccc(Cl)cc4)cc3)cc2)cc1)c1ccc(-c2ccc(Cl)cc2)cc1,2
673,COc1ccc(/C=C/c2nc(/C=C/c3ccc(OC)cc3)n(/C=C/c3ccc(N(c4ccccc4)c4ccccc4)cc3)c2/C=C/c2ccc(OC)cc2)cc1,2
674,COc1ccc(/C=C/c2nc(/C=C/c3ccc(OC)cc3)c(/C=C/c3ccc(N(c4ccccc4)c4ccccc4)cc3)c(/C=C/c3ccc(OC)cc3)n2)cc1,5
675,Cc1nc(-c2ccc(/C=C/c3ccc(N(C)C)cc3)cc2)cc(-c2ccc(/C=C/c3ccc(N(C)C)cc3)cc2)n1,2
676,Cc1nc(-c2ccc(/C=C/c3ccc(N(C)C)cc3)cc2)nc(-c2ccc(/C=C/c3ccc(N(C)C)cc3)cc2)n1,2
677,CCN(C)c1ccc(/C=C/c2cccc[n+]2CCSSCC[n+]2ccccc2/C=C/c2ccc(N(CC)CC)cc2)cc1,4
678,Cc1nc(-c2ccc(C=CC3=CC=C4C=CC=C43)cc2)cc(-c2ccc(C=C(c3ccccc3)c3ccccc3)cc2)n1,2
679,CN(C)c1ccc(/C=C/c2ccc(-c3nc4ccccc4nc3-c3ccc(/C=C/c4ccc(N(C)c5ccccc5)cc4)cc3)cc2)cc1,2
680,COc1cc2cc(/C=C/c3ccc(N(c4ccccc4)c4ccccc4)cc3)ccc2cc1C=Cc1ccc(N(c2ccccc2)c2ccccc2)cc1,2
681,C(=Cc1ccc(N(c2ccccc2)c2ccc(C=C(c3ccccc3)c3ccccc3)cc2)cc1)c1ccccc1,2
682,C(=Cc1ccc(N(c2ccccc2)c2ccccc2)cc1)c1ccc(-c2ccc(C=C(c3ccccc3)c3ccccc3)cc2)cc1,2
683,CN(C)c1ccc(/C=C/c2cc(/C=C/c3ccc(N(C)C)cc3)nc(/C=C/c3ccccc3)n2)cc1,5
684,CN(C)c1ccc(/C=C/c2nc(/C=C/c3ccc(N(C)C)cc3)nc(/C=C/c3ccc(N(C)C)cc3)n2)cc1,5
685,CCN(CC)c1ccc(/C=C/c2cc(/C=C/c3ccc(N(C)c4ccccc4)cc3)nc(/C=C/c3ccc(N(CC)CC)cc3)n2)cc1,5
686,N#CC(=Cc1ccc(-c2ccc(C(=Cc3ccc(-c4ccc(C=Cc5ccccc5)cc4)cc3)c3ccccc3)cc2)cc1)c1ccccc1,2
687,CN(C)c1ccc(/C=C/c2cc[n+](CCSSCC[n+]3ccc(/C=C/c4ccc(N(C)CCCn5cncn5)cc4)cc3)cc2)cc1,4
688,COc1ccc(/C=C/c2nc(/C=C/c3ccc(OC)cc3)nc(/C=C/c3ccc(C(F)(F)F)cc3)n2)cc1,5
689,CN(C)c1ccc(/C=C/c2ccc(-c3nnc(-c4ccc(-c5ccc(/C=C/c6ccc(N(C)C)cc6)s5)cc4)o3)cc2)cc1,2
690,COc1ccc(/C=C/c2cc(/C=C/c3ccc(OC)cc3)nc(/C=C/c3ccc(OC)cc3)n2)cc1,5
691,CN(c1ccccc1)c1ccc(/C=C/c2ccnc(/C=C/c3ccc(N(c4ccccc4)c4ccccc4)cc3)n2)cc1,5
692,CN(C)c1ccc(/C=C/c2nc3ccccc3nc2-c2ccc(N(c3ccccc3)c3ccccc3)cc2)cc1,2
693,CN(c1ccccc1)c1ccc(/C=C/c2nc3ccccc3nc2-c2ccc(N(c3ccccc3)c3ccccc3)cc2)cc1,2
694,CN(C)c1ccc(/C=C/c2cc(/C=C/c3ccc(N(C)c4ccccc4)cc3)nc(/C=C/c3ccc(N(C)C)cc3)n2)cc1,5
695,CN(C)c1ccc(/C=C/c2cc(/C=C/c3ccc(C(F)(F)F)cc3)nc(/C=C/c3ccc(C(F)(F)F)cc3)n2)cc1,5
696,CN(C)c1ccc(/C=C/c2cc(/C=C/c3ccc(C(F)(F)F)cc3)nc(/C=C/c3ccc(N(C)C)cc3)[n+]2[O-])cc1,5
697,CN(CC(=O)[O-])c1ccc(/C=C/c2cccc[n+]2CCCC(=O)NCCSSCCNC(=O)CCC[n+]2ccccc2/C=C/c2cccc[n+]2C)cc1,14
698,CN(C)c1ccc(/C=C/c2ccnc(/C=C/c3ccc(N(c4ccccc4)c4ccccc4)cc3)n2)cc1,5
699,CN(C)c1ccc(/C=C/c2nc(/C=C/c3ccc(N(C)C)cc3)c3ccccc3n2)cc1,5
700,CN(C)c1ccc(/C=C/c2nc3ccccc3nc2/C=C/c2ccc(N(C)C)cc2)cc1,2
701,CN(C)c1ccc(/C=C2\CC/C(=C\c3cccc(N(C)C)c3)C2=O)cc1,11
702,CN(C)c1ccc(/C=C2\CC/C(=C\c3ccc(N(C)C)cc3)C2=O)cc1,11
703,COc1cc(/C=C/c2cc(Nc3ccccc3)nc(/C=C/c3ccc(N(c4ccccc4)c4ccccc4)cc3)n2)ccc1N(c1ccccc1)c1ccccc1,5
704,CN(CC(=O)[O-])c1ccc(/C=C/c2cccc[n+]2CCCC(=O)NCCSSCCNC(=O)CCC[n+]2ccccc2/C=C/c2ccccc2N(C)CC(=O)[O-])cc1,14
705,CN(C)c1ccc(/C=C/C2=CC(/C=C/c3ccc(C(F)(F)F)cc3)=NC(/C=C/c3ccc(N(c4ccccc4)c4ccccc4)cc3)=[N+]2)cc1,2
706,COc1ccc(/C=C/c2cc(/C=C/c3ccc(OC)cc3)nc(/C=C/c3ccccc3)n2)cc1,5
707,C(=Cc1ccc(-c2nnc(-c3ccc(N(c4ccccc4)c4ccccc4)cc3)o2)cc1)c1ccccc1,2
708,CC(C)(C)c1ccc(-c2nnc(-c3ccc(C=Cc4ccc(N(c5ccccc5)c5ccccc5)cc4)cc3)o2)cc1,2
709,CCN(C)c1ccc(/C=C/c2ccc(-c3ccc(/C=C/c4ccc(N(CC)CC)cc4)c(C#N)c3)cc2)cc1,2
710,CN(C)c1ccc(/C=C/c2cc(/C=C/c3ccc(N(C)C)cc3)[n+](C)c(/C=C/c3ccccc3)n2)cc1,5
711,COc1ccc(/C=C/c2cc(/C=C/c3ccc(Nc4ccccc4)c(OC)c3)nc(/C=C/c3ccc(N(c4ccccc4)c4ccccc4)cc3)n2)cc1,5
712,CCN(CC)c1ccc(/C=C/c2cc(/C=C/c3ccc(N(C)C)cc3OC)nc(/C=C/c3ccc(C(F)(F)F)cc3)n2)c(O)c1,5
713,CCCCN(CCCC)c1ccc(/C=C/c2ccc3nc(-c4ccccc4)c(/C=C/c4ccc(N(C)C)cc4)nc3c2)cc1,2
714,Cc1cc(C)cc(-c2ccc(C=Cc3ccc(N(c4ccccc4)c4ccccc4)cc3)cc2)c1,2
715,Cc1ccc(-c2ccc(C=Cc3ccc(N(c4ccccc4)c4ccccc4)cc3)cc2)cc1,2
716,COc1ccc(/C=C/c2cc(/C=C/c3ccccc3)nc(/C=C/c3ccccc3)n2)cc1,5
717,CN(C)c1ccc(/C=C/c2ccc(-c3ccc(/C=C/c4ccc(N(C)C)cc4)c(C#N)c3)cc2C#N)cc1,2
718,CN(C)c1ccc(/C=C/c2ccc(-c3ccc(/C=C/c4ccc(N(C)C)cc4)c(C#N)c3)cc2)cc1,2
719,O=[N+]([O-])c1ccc(Oc2ccc3ccccc3c2-c2c(Oc3ccc(/C=C/c4ccc(C(F)(F)F)cc4)cc3)ccc3ccccc23)cc1,2
720,CN(C)c1ccc(/C=C/c2cc(/C=C/c3ccc(N(C)C)cc3)nc(Nc3ccccc3)n2)cc1,5
721,C1=CC2=CC=C(C=Cc3ccc(-c4cc(-c5ccc(C=C(c6ccccc6)c6ccccc6)cc5)cs4)cc3)C2=C1,2
722,N#C/C(=C\c1ccc(N(c2ccccc2)c2ccccc2)cc1)c1ccc(N(c2ccccc2)c2ccccc2)cc1,2
723,N#CC(=Cc1ccc(-c2ccc(C=Cc3ccc(N(c4ccccc4)c4ccccc4)cc3)cc2)cc1)C(=O)O,2
724,CC(C)(C)c1ccc(/C=C/c2cc(/C=C/c3ccc(C(C)(C)C)cc3)nc(/C=C/c3ccc(N(c4ccccc4)c4ccccc4)cc3)n2)cc1,5
725,CN(CC(=O)[O-])c1ccc(/C=C/c2cccc[n+]2CCSSCC[n+]2ccccc2/C=C/c2ccc(N(C)CC(=O)[O-])cc2)cc1,4
726,COC(=O)c1ccc2nc(/C=C/c3ccc(N(C)C)cc3)c(/C=C/c3ccc(N(C)C)cc3)nc2c1,2
727,CCN(CC)c1ccc(/C=C/c2nc(/C=C/c3ccc(N(C)C)cc3)cc(/C=C/c3ccc(N(C)C)cc3)n2)cc1OC,5
728,N#CC(=Cc1ccc(N(c2ccccc2)c2ccccc2)cc1)c1ccc(-n2cc(C=Cc3ccc(N(c4ccccc4)c4ccccc4)cc3)nn2)cc1,2
729,C(=Cc1ccc(-n2c3ccccc3c3ccccc32)cc1)c1ccc(-c2nnc(-c3ccc(-n4c5ccccc5c5ccccc54)cc3)o2)cc1,12
730,C(=Cc1ccc(-n2c3ccccc3c3ccccc32)cc1)c1ccc(-c2nnc(-c3ccc(N(c4ccccc4)c4ccccc4)cc3)o2)cc1,2
731,CCN(CC)c1ccc(/C=C/c2cc(/C=C/c3ccc(N(C)C)cc3)[n+](CCCS(=O)(=O)[O-])c(/C=C/c3ccc(N(CC)CC)cc3)n2)cc1,5
732,CCCCCCCCCCCOc1cccc(/C=C/c2cc[n+](CCCCCCCCCCC[n+]3ccc(/C=C/c4ccc(N(C)C)cc4)cc3)cc2)c1,4
733,COc1ccc2cc(/C=C/c3nc(/C=C/c4ccc(N(C)C)cc4)cc(/C=C/c4ccc(N(C)C)c5cc(OC)ccc45)n3)ccc2c1,5
734,COc1ccc(-c2nc3ccccc3nc2/C=C/c2ccc(N(C)C)cc2)cc1,2
735,COc1ccc(-c2nc3ccccc3nc2/C=C/c2ccc(N(C)C)cc2)cc1OC,2
736,CN(C)c1ccc(/C=C2\CC/C(=C\c3ccc(N(C)C)cc3)C2=C(C#N)C#N)cc1,11
737,CCN(C)c1ccc(/C=C/c2ccc(-c3cc(-c4ccccc4)nc(-c4ccccc4)n3)cc2)cc1,2
738,CCCN(CC)c1ccc(/C=C/c2ccc(-c3cc(-c4ccccc4)nc(-c4ccccc4)c3)cc2)cc1,2
739,CN(C)c1ccc(/C=C/c2ccc(-c3nc(-c4ccc(/C=C/c5ccccc5)cc4)nc(-c4ccc(/C=C/c5ccccc5)cc4)n3)cc2)cc1,2
740,CN(C)c1ccc(/C=C/c2ccc(OCCCCCNC(=O)CCC[n+]3ccc(/C=C/c4ccc(N(C)C)cc4)cc3)cc2)cc1,14
741,CN(C)c1ccc(/C=C/c2cc[n+](CCCCCCCCCCCC[n+]3ccc(/C=C/c4ccc(N(c5ccccc5)c5ccccc5)cc4)cc3)cc2)cc1,4
742,CCCCCCCOc1cc(/C=C/c2cc(OCCCCCCC)c(/C=C/c3cc(OCCCC)ccc3OCCCCCCC)cc2OCCCCCCC)cc(OCCCCCCC)c1,2
743,CCN(C)c1ccc(/C=C/c2cc(/C=C/c3ccc(N(CC)CC)cc3)nc(N)n2)cc1,5
744,CN(C)c1ccc(/C=C/c2cc(/C=C/c3ccc(N(C)C)cc3)nc(N)n2)cc1,5
745,C1=CC2=CC=C(C=Cc3ccc(-c4cc(-c5ccc(C=C(c6ccccc6)c6ccccc6)cc5)cc(N(c5ccccc5)c5ccccc5)c4)cc3)C2=C1,2
746,CN(C)c1ccc(/C=C/c2ccc(-c3nc(-c4ccccc4)nc(-c4ccccc4)n3)cc2)cc1,2
747,C1=CC2=CC=C(C=Cc3ccc(-c4cc(N(c5ccccc5)c5ccccc5)cc(N(c5ccccc5)c5ccccc5)c4)cc3)C2=C1,2
748,CN(C)c1ccc(/C=C/c2cc(/C=C/c3ccc(N(C)C)cc3)nc(/C=C/c3ccc4ccc5cccc6ccc3c4c56)n2)cc1,5
749,CN(C)c1ccc(/C=C/c2ccnc(/C=C/c3ccc(N(C)C)cc3)n2)cc1,5
750,CCCCCCOc1ccc(/C=C/c2ccc(-c3nnc(-c4ccc(-c5cc6ccccc6s5)cc4)o3)cc2)cc1,2
751,COc1cccc(/C=C/c2ccc(-c3nnc(-c4ccc(-c5cc6ccccc6s5)cc4)o3)cc2)c1,2
752,C(=Cc1ccc(-c2ccc(C=C(c3ccccc3)c3ccccc3)cc2)cc1)c1ccccc1,2
753,CCCCCCCCCCCCC[n+]1ccc(/C=C/c2cc[n+](CCCCCCCCCCCC[n+]3ccc(/C=C/c4ccc(C)cc4)cc3)cc2)cc1,4
754,CCCn1c2ccc(/C=C(\C#N)c3ccccc3)cc2c2cc(/C=C(\C#N)c3ccccc3)ccc21,2
755,CCCn1c2ccc(/C=C(/C#N)c3ccccc3)cc2c2cc(Cn3c4ccccc4c4cc(/C=C(\C#N)c5ccccc5)ccc43)ccc21,2
756,CC1(C)CC(/C=C/c2ccc(N(c3ccccc3)c3ccccc3)cc2)=C/C(=C(C#N)/C=C/c2ccc(N(c3ccccc3)c3ccccc3)cc2)C1,2
757,N#CC(=Cc1ccc(-c2cc(-c3ccc(C=Cc4ccccc4)s3)cc(-c3ccc(C=C(C#N)c4ccccc4)s3)c2)s1)c1ccccc1,2
758,N#CC(=Cc1ccc(-c2cc(-c3ccc(C=Cc4ccccc4)cc3)cc(-c3ccc(C=C(C#N)c4ccccc4)s3)c2)cc1)c1ccccc1,2
759,CN(c1ccccc1)c1ccc(/C=C/c2cc(/C=C/c3ccc(N(c4ccccc4)c4ccccc4)cc3)cc(N3CCCCC3)c2C#N)cc1,2
760,CN(C)c1ccc(/C=C/c2cc(/C=C/c3ccc(N(C)C)cc3)cc(-c3ccccc3)c2)cc1,2
761,CCCCCCn1c2ccccc2c2cc(/C=C(\C#N)c3ccc(/C=N/c4ccc(C(=O)O)cc4)s3)ccc21,2
762,CN(c1ccccc1)c1ccc(/C=N/N=C/c2ccc(N(c3ccccc3)c3ccccc3)cc2)cc1,2
763,CCCCCCOc1cc(/C=C/c2cc(OCCC)ccc2OCCCCC)c(OCCCCCC)cc1/C=C/c1ccnc(-c2cc(C)ccn2)c1,2
764,CCCCCCCCOc1cc(/C=C/c2ccncc2)c(OCCCCCCC)cc1/C=C/c1cc(OCCCC)ccc1OCCCCCCC,2
765,COC(=O)c1ccc2nc(-c3ccccc3)c(/C=C/c3ccc(N(C)C)cc3)nc2c1,2
766,O=C(O)C=Cc1ccc(/C=C/c2ccc(/C=C/c3ccc(N(c4ccccc4)c4ccccc4)cc3)cc2)cc1,2
767,C(=Cc1nnn(-c2ccc(N(c3ccccc3)c3ccccc3)cc2)c1Cn1nnc2ccccc21)c1ccc(N(c2ccccc2)c2ccccc2)cc1,2
768,CN(C)c1ccc(C#Cc2ccc(-c3nc4ccccc4nc3/C=C/c3ccc(N(C)C)cc3)cc2)cc1,2
769,CCn1c2ccccc2c2cc(/C=C/c3ccc(N(c4ccccc4)c4ccccc4)cc3)ccc21,2
770,CCN(CC)c1ccc(/C=C/c2cc(/C=C/c3ccc(N(C)C)cc3)nc(N3CCCCC3)n2)cc1,5
771,CCCCCCOc1ccc(/C=C/c2ccc(-c3nnc(-c4ccc(-c5ccc6c(c5)c5ccccc5n6-c5ccccc5)cc4)o3)cc2)cc1,12
772,CN(C)c1ccc(/C=C/c2ccc3oc(/C=C/c4ccc(N(C)C)cc4)nc3c2)cc1,2
773,CCN(CC)c1ccc(/C=C2\CC/C(=C\c3ccc(N(c4ccccc4)c4ccccc4)cc3)C2=O)c(-c2ccc(N(c3ccccc3)c3ccccc3)cc2)c1,2
774,C(=Cc1ccc2ccccc2n1)c1ccc(N(c2ccccc2)c2ccccc2)cc1,2
775,C(=C/c1nc2ccccc2nc1/C=C/c1ccc(N(c2ccccc2)c2ccccc2)cc1)\c1ccc(Nc2cccc3ccccc23)cc1,2
776,COc1ccc(/C=C/c2cc(/C=C/c3ccc(OC)cc3)c(C#Cc3ccc(C(F)(F)F)cc3)c(/C=C/c3ccc(C(F)(F)F)cc3)n2)cc1,5
777,O=C1/C(=C/c2ccc(N(c3ccccc3)c3ccccc3)cc2)N=CN1c1ccccc1,2
778,CC(C)(C)c1ccc(-c2nnc(-c3ccc(C=Cc4ccc(C=Cc5ccc(-c6nnc(-c7ccc(C(C)(C)C)cc7)o6)cc5)cc4)cc3)o2)cc1,2
779,COc1cc(-n2nnc(C=Cc3ccc(N(c4ccccc4)c4ccccc4)cc3)c2C#N)c(OC)cc1C=C(c1ccccc1)c1ccccc1,2
780,CCCCCCCOc1ccc(OCCCC)cc1/C=C/c1ccc(N(c2ccc(/C=C/c3ccccn3)cc2)c2ccc(/C=C/c3ccccn3)cc2)cc1,2
781,COc1cc(/C=C/c2nc3ccccc3nc2-c2cc(OC)c(OC)c(OC)c2)ccc1N(C)C,2
782,CCCCCCCC1(CCCC)C(/C=C/c2ccc(N(c3ccccc3)c3ccccc3)cc2)=[N+](CCCCCC)c2ccc(C(=O)O)cc21,2
783,CCCCCCCCOc1cc(/C=C/c2ccc(C=C(C#N)C#N)cc2)ccc1/C=C/c1c(OCCCCCC)ccc(OCCCCCCCC)c1OCCCCCCCC,2
784,CCn1c2ccccc2c2cc(/C=C/c3cc(/C=C/c4ccc5c(c4)c4ccccc4n5CC)nc(/C=C/c4ccc5c(c4)c4ccccc4n5CC)n3)ccc21,5
785,COc1ccc(/C=C/c2ccc(-c3nnn(-c4ccc(-c5cccc6ccccc56)cc4)c3-c3ccc(-c4cccc5ccccc45)cc3)cc2)cc1,2
786,CN(C)c1ccc(/C=C/C2=CC(=C(C#N)C#N)C=C(/C=C/c3ccc(N(C)C)cc3)O2)cc1,2
787,C1=CC2=CC=C(C=Cc3ccc(N(c4ccccc4)c4ccc5ccccc5c4)cc3)C2=C1,2
788,CN(C)c1ccc(/C=C/c2ccc(-c3cc(-c4ccccn4)nc(-c4ccccn4)c3)cc2)cc1,2
789,O=C(c1ccc(Nc2cccc3ccccc23)cc1)c1ccc(N(c2ccccc2)c2cccc3ccccc23)cc1,7
790,CN(C)c1ccc(/C=C/c2ccc(-c3nc(-c4ccc(-c5cc6ccccc6s5)cc4)[nH]c3-c3ccc(-c4cc5ccccc5s4)cc3)cc2)cc1,2
791,CN(C)c1ccc(/C=C/c2ccc(-c3nnc(-c4ccc(/C=C/c5ccccc5S(=O)(=O)[O-])cc4)o3)cc2)c(S(=O)(=O)[O-])c1,2
792,CN(CCCCCN1c2ccc(/C=C/c3ccccc3)cc2Sc2cc(/C=C/c3ccccc3)ccc21)c1ccc(/C=C/c2ccccc2)cc1,2
793,COc1ccc(/C=C/C2=[O+][B-](F)(F)OC(/C=C/c3ccc(OS(=O)(=O)c4ccc(C)cc4)cc3)=C2c2ccc(OC)cc2)cc1,2
794,C1=CC2=CC=C(C=Cc3ccc(-c4cc(-c5nc6ccccc6s5)cc(-c5nc6ccccc6s5)c4)cc3)C2=C1,2
795,CN(C)c1ccc(/C=C/c2cc[n+](CCCS(=O)(=O)[O-])cc2)cc1,2
796,CCCCCCCCCC[n+]1ccc(/C=C/c2ccc(C)cc2)cc1,2
797,CCCCCCCCN1c2ccccc2Sc2cc(/C=C(\C#N)c3ccccc3)ccc21,2
798,COCCOCCOCCOCCOc1ccc(OCCOCCOCCOC)cc1/C=C/c1ccc(C=C(C#N)C#N)cc1,2
799,CCCCCCCC1(CCCC)c2cc(C=CN3c4ccccc4Oc4ccccc43)ccc2-c2ccc(C=CN3c4ccccc4Oc4ccccc43)cc21,13
800,CCCCCCCCC1(CCCC)c2cc(C=CN3c4ccccc4Oc4ccccc43)ccc2-c2ccc(C=CN3c4ccccc4Oc4ccccc43)cc21,13
801,CCCCCCC1(CCCC)c2cc(C=CN3c4ccccc4Oc4ccccc43)ccc2-c2ccc(C=CN3c4ccccc4Oc4ccccc43)cc21,13
802,CCCCCC1(CCCC)c2cc(C=CN3c4ccccc4Oc4ccccc43)ccc2-c2ccc(C=CN3c4ccccc4Oc4ccccc43)cc21,13
803,CCCCCCC1(CC)c2cc(C=CN3c4ccccc4Oc4ccccc43)ccc2-c2ccc(C=CN3c4ccccc4Oc4ccccc43)cc21,13
804,CCCCCC1(CC)c2cc(C=CN3c4ccccc4Oc4ccccc43)ccc2-c2ccc(C=CN3c4ccccc4Oc4ccccc43)cc21,13
805,CCCCCCC1(CCCC)c2cc(C=C3C(=O)c4ccccc4C3=O)ccc2-c2ccc(C=C3C(=O)c4ccccc4C3=O)cc21,13
806,CCCCCCCC1(CCCC)c2cc(C=C3C(=O)c4ccccc4C3=O)ccc2-c2ccc(C=C3C(=O)c4ccccc4C3=O)cc21,13
807,CCCCCC1(CCCC)c2cc(C=C3C(=O)c4ccccc4C3=O)ccc2-c2ccc(C=C3C(=O)c4ccccc4C3=O)cc21,13
808,CCCCCCC1(CCC)c2cc(C=C3C(=O)c4ccccc4C3=O)ccc2-c2ccc(C=C3C(=O)c4ccccc4C3=O)cc21,13
809,CCCCCC1(CCC)c2cc(C=C3C(=O)c4ccccc4C3=O)ccc2-c2ccc(C=C3C(=O)c4ccccc4C3=O)cc21,13
810,CCCCCC1(CCC)c2cc(C=CN3c4ccccc4Oc4ccccc43)ccc2-c2ccc(C=CN3c4ccccc4Oc4ccccc43)cc21,13
811,CCCCCC1(C)c2cc(C=CN3c4ccccc4C(C)(C)c4ccccc43)ccc2-c2ccc(C=CN3c4ccccc4C(C)(C)c4ccccc43)cc21,13
812,CCCCCC1(C)c2ccc(C=CN3c4ccccc4C(C)(C)c4ccccc43)cc2-c2ccc(C=CN3c4ccccc4C(C)(C)c4ccccc43)cc21,13
813,CCCCCC1(CC)c2cc3ccc2-c2ccc(cc21)C#Cc1ccc(ccc2cccc4ccc1-c42)=c1ccc(c2ccc4cccc(cc1)c4-2)C#C3,13
814,CCCCCC1(CCC)c2cc3ccc2-c2ccc(cc21)C#Cc1ccc(ccc2cccc4ccc1-c42)=c1ccc(c2ccc4cccc(cc1)c4-2)C#C3,13
815,O=S1(=O)c2cc(N3c4ccccc4Oc4ccccc43)ccc2-c2ccc(N3c4ccccc4Oc4ccccc43)cc21,11
816,O=S1(=O)c2ccc(N3c4ccccc4Oc4ccccc43)cc2-c2ccc(N3c4ccccc4Oc4ccccc43)cc21,11
817,CCCCCCC1(CCCC)c2cc(C#Cc3ccc4c5c(cccc35)C=C4)ccc2-c2ccc(C#Cc3ccc4ccc5cccc6ccc3c4c56)cc21,13
818,CCCCCCCC1(CC)c2cc(C#Cc3ccc4c5c(cccc35)C=C4)ccc2-c2ccc(C#Cc3ccc4ccc5cccc6ccc3c4c56)cc21,13
819,CCCCCC1(CC)c2cc(C=C3C(=O)c4ccccc4C3=O)ccc2-c2ccc(C=C3C(=O)c4ccccc4C3=O)cc21,13
820,CCCCC1(CC)c2cc(C#Cc3ccc4c5c(cccc35)C=C4)ccc2-c2ccc(C#Cc3ccc4ccc5cccc6ccc3c4c56)cc21,13
821,CCCCCC1(CC)c2cc(C=CN3c4ccccc4C(C)(C)c4ccccc43)ccc2-c2ccc(C=CN3c4ccccc4C(C)(C)c4ccccc43)cc21,13
822,CCCCCCC1(CCCC)c2cc(C=CN3c4ccccc4Sc4ccccc43)ccc2-c2ccc(C=CN3c4ccccc4Sc4ccccc43)cc21,13
823,CCCCCC1(CC)c2cc(C=CN3c4ccccc4Sc4ccccc43)ccc2-c2ccc(C=CN3c4ccccc4Sc4ccccc43)cc21,13
824,CCCCCC1(C)c2cc(C=Cn3c4ccccc4c(=O)c4ccccc43)ccc2-c2ccc(C=Cn3c4ccccc4c(=O)c4ccccc43)cc21,13
825,CCCCCC1(CC)c2cc(C=Cn3c4ccccc4c(=O)c4ccccc43)ccc2-c2ccc(C=Cn3c4ccccc4c(=O)c4ccccc43)cc21,13
826,CCCCCC1(C)c2cc(C=CN3c4ccccc4Oc4ccccc43)ccc2-c2ccc(C=CN3c4ccccc4Oc4ccccc43)cc21,13
827,CCCCCC1(C)c2cc(C=CN3c4ccccc4Sc4ccccc43)ccc2-c2ccc(C=CN3c4ccccc4Sc4ccccc43)cc21,13
828,CCCCCC1(CC)c2cc(-n3c4ccccc4c(=O)c4ccccc43)ccc2-c2ccc(-n3c4ccccc4c(=O)c4ccccc43)cc21,12
829,CCCCCC1(C)c2cc(-n3c4ccccc4c(=O)c4ccccc43)ccc2-c2ccc(-n3c4ccccc4c(=O)c4ccccc43)cc21,12
830,CCCCCCC1(CCCCCC)c2cc(C=Cn3c4ccccc4c4ccccc43)ccc2-c2ccc(C=Cn3c4ccccc4c4ccccc43)cc21,13
831,CCCCCCC1(CCCCCC)c2cc(C=Cn3c4ccccc4c(=O)c4ccccc43)ccc2-c2ccc(C=Cn3c4ccccc4c(=O)c4ccccc43)cc21,13
832,CCCCCC1(CC)c2cc(C=C3C(=O)c4ccccc4C3=O)ccc2-c2ccc(N3C(=O)c4ccccc4C3=O)cc21,13
833,CCCCCCC1(CCCC)c2cc(C=C3C(=O)c4ccccc4C3=O)ccc2-c2ccc(N3C(=O)c4ccccc4C3=O)cc21,13
834,CCCCCC1(C)c2cc(C=C3C(=O)c4ccccc4C3=O)ccc2-c2ccc(C=C3C(=O)c4ccccc4C3=O)cc21,13
835,O=S1(=O)c2cc(N3c4ccccc4Sc4ccccc43)ccc2-c2ccc(N3c4ccccc4Sc4ccccc43)cc21,11
836,O=S1(=O)c2ccc(N3c4ccccc4Sc4ccccc43)cc2-c2cc(N3c4ccccc4Sc4ccccc43)ccc21,11
837,CCCCCCC1(CCCCCC)c2cc(-n3c4ccccc4c(=O)c4ccccc43)ccc2-c2ccc(-n3c4ccccc4c(=O)c4ccccc43)cc21,12
838,CC1(C)c2ccccc2N(c2ccc3c(c2)C(=O)c2cc(N4c5ccccc5C(C)(C)c5ccccc54)ccc2S3(=O)=O)c2ccccc21,11
839,CC1(C)c2ccccc2N(c2ccc3c(c2)S(=O)(=O)c2cc(N4c5ccccc5C(C)(C)c5ccccc54)ccc2-3)c2ccccc21,11
840,CC(C)(C)c1ccc2c(c1)c1cc(C(C)(C)C)ccc1n2-c1ccc(C#Cc2ccc(C=C(c3ccccc3)c3ccccc3)cc2)cc1,12
841,CC(C)(C)c1ccc2c(c1)c1cc(C(C)(C)C)ccc1n2-c1ccc(C#Cc2ccc(C#Cc3ccc(C=C(c4ccccc4)c4ccccc4)cc3)cc2)cc1,12
842,CCCCCCCC1(CCCC)C2=Cc3ccc(c(c3)C(=O)c3ccccc3C2=C(C#N)C#N)-c2ccc(C=C3C(=O)c4ccccc4C3=O)cc21,13
843,CCCCCCCC1(CCCC)C2=Cc3ccc(c(c3)C(=O)c3ccccc3C2=O)-c2ccc(C=C3C(=O)c4ccccc4C3=O)cc21,13
844,CCCCCCC1(CCCC)c2cc(C=C3C(=O)c4ccccc4C3=O)ccc2-c2ccc(C=C3C(=O)c4ccccc4C3=C(C#N)C#N)cc21,13
845,CC1c2ccccc2N(c2ccc3c(c2)C(C)(C)c2cc(N4c5ccccc5C(C)(C)c5ccccc54)ccc2S3(=O)=O)c2ccccc21,11
846,CC1c2ccccc2N(c2ccc3c(c2)-c2cc(N4c5ccccc5C(C)(C)c5ccccc54)ccc2S3(=O)=O)c2ccccc21,11
847,CCC1(CC)c2cc(/C=C/c3ccc(N(c4ccccc4)c4ccccc4)cc3)ccc2-c2ccc(/C=C/c3ccc(N(c4ccccc4)c4ccccc4)cc3)cc21,13
848,CCC1(CC)c2cc(/C=C/c3ccc(N(c4ccccc4)c4ccccc4)cc3)ccc2-c2ccc(N(c3ccccc3)c3ccccc3)cc21,13
849,CC1c2ccccc2N(c2ccc3c(c2)-c2cc(N4c5ccccc5C(C)(C)c5ccccc54)ccc2P3(=O)c2ccccc2)c2ccccc21,11
850,CC1(C)c2ccccc2N(c2ccc3c(c2)-c2cc(N4c5ccccc5C(C)(C)c5ccccc54)ccc2P3(=O)c2ccccc2)c2ccccc21,11
851,CC1(C)c2ccccc2N(c2ccc3c(c2)C(C)(C)c2cc(N4c5ccccc5C(C)(C)c5ccccc54)ccc2S3(=O)=O)c2ccccc21,11
852,CCCCCC1(C)c2cc(C=C3C=C(C(=O)O)c4ccccc4C3=O)ccc2-c2ccc(C=C3C(=O)c4ccccc4C3=O)cc21,13
853,CCCCCC1(CC)C2=Cc3ccc(c(c3)C(=O)c3ccccc3C2=C(C#N)C#N)-c2ccc(C=C3C(=O)c4ccccc4C3=C(C#N)C#N)cc21,13
854,CCCCCC1(CC)c2cc(C=C3C(=O)c4ccccc4C3=C(C#N)C#N)ccc2-c2ccc(C=C3C(=O)c4ccccc4C3=C(C#N)C#N)cc21,13
855,CCCCCCC1(CCCC)c2cc(C=C3C(=O)c4ccccc4C3=O)ccc2-c2ccc(N3C(=O)C=CC3=O)cc21,13
856,CCCCCCCC1(CCCC)c2cc(C#Cc3ccc(C=C4C(=O)c5ccccc5C4=O)cc3)ccc2-c2ccc(N(c3ccccc3)c3ccccc3)cc21,13
857,CCCCCCC1(CCCC)c2cc(C=C3C(=O)c4ccccc4C3=C(C#N)C#N)ccc2-c2ccc(N(c3ccccc3)c3ccccc3)cc21,13
858,CCCCCCC1(CCCC)c2cc(C=C3C(=O)c4ccccc4C3=C(C#N)C#N)ccc2-c2ccc(N3c4ccccc4C(C)(C)c4ccccc43)cc21,13
859,O=S1(=O)c2ccc(N3c4ccccc4Sc4ccccc43)cc2C=N/C(=N\c2ccc(N3c4ccccc4Sc4ccccc43)cc2)c2ccccc21,11
860,CCCCCCCC1(CCCC)c2cc(C#Cc3ccc(N(c4ccccc4)c4ccccc4)cc3)ccc2-c2ccc(C=C(c3ccccc3)c3ccccc3)cc21,13
861,CCCCCC1(CCC)c2cc(C=C3C(=O)c4ccccc4C3=O)ccc2-c2ccc(N3c4ccccc4Sc4ccccc43)cc21,13
862,CCCCCC1(CC)c2cc(C=Cc3cccc(C#N)c3)ccc2-c2ccc(C=Cc3cccc(C#N)c3)cc21,13
863,CCCCCCC1(CCCC)c2cc(C=Cc3ccc(C#N)cc3)ccc2-c2ccc(C=Cc3ccc(C#N)cc3)cc21,13
864,CCCCCC1(C)c2cc(C=C3C=C(c4ccccc4)SC(c4ccccc4)=C3)ccc2-c2ccc(C=C3C(=O)c4ccccc4C3=O)cc21,13
865,CCCCCCCC1(CCCC)c2cc(/C=C/c3ccc(N(c4ccccc4)c4ccccc4)cc3)ccc2-c2ccc(/C=C(\C#N)C(=O)O)cc21,13
866,O=S1(=O)c2ccc(-n3c4ccccc4c4ccccc43)cc2-c2ccc(-n3c4ccccc4c4ccccc43)cc21,12
867,CC1(C)c2ccccc2N(c2ccccc2)c2ccc(N(c3ccccc3)c3ccc(-c4cccc(N5C(=O)c6ccccc6C5=O)c4)cc3)cc21,11
868,CC1(C)c2cc(N(c3ccccc3)c3ccccc3)ccc2N(c2ccccc2)c2ccc(P(=O)(c3ccccc3)c3ccccc3)cc21,11
869,CCCCCC1(CC)c2cc(C#Cc3ccc(C=C(c4ccccc4)c4ccccc4)cc3)ccc2-c2ccc(C#Cc3ccc(C(F)(F)F)cc3)cc21,13
870,CC1CCN2CCCc3cc(-c4ccc(C=C5C(=O)c6ccccc6C5=O)cc4)cc1c32,13
871,CC1CCN2CCCc3cc(-c4ccc(C=C5C(=O)c6ccc(C(=O)O)cc6C5=O)s4)cc1c32,13
872,CC1=N/C(=N\c2ccc(N3c4ccccc4Sc4ccc(/C=N/N(c5ccccc5)c5ccccc5)cc43)cc2)C(=O)c2ccccc21,11
873,CC1=N/C(=N\c2ccc(N3c4ccccc4Sc4ccccc43)cc2)c2ccccc21,11
874,CCCCCC1(CC)c2ccccc2-c2ccc(-n3c4ccccc4c4cc(-c5ccc(C=C(c6ccccc6)c6ccccc6)cc5)ccc43)cc21,12
875,CCCC1(CCC)c2ccccc2-c2ccc(C#Cc3cc4c#cc5cc(c6cccc7ccc3c-4c76)C(CC)(CCC)c3ccccc3C=C5)cc21,13
876,CCCCCCCCCCN(C)c1ccc(S(=O)(=O)O)cc1NC(=O)c1cc(/N=N/c2ccccc2Cl)c2ccccc2c1O,1
877,CCCCCCCCCCCN(C)c1ccc(S(=O)(=O)O)cc1NC(=O)c1cc(/N=N/c2ccccc2Cl)c2ccccc2c1O,1
878,CN(C)c1ccc(/C=N/NC(=O)Cn2c3ccccc3c(=O)c3ccccc32)c(N2CCCCC2)c1,10
879,CN(C)c1ccc(/C=N/NC(=O)Cn2c3ccccc3c(=O)c3ccccc32)c(N2CCCC2)c1,10
880,CN(C)c1ccc(/C=N/NC(=O)Cn2c3ccccc3c(=O)c3ccccc32)cc1OCc1ccc([N+](=O)[O-])cc1[N+](=O)[O-],10
881,CN(C)c1ccc(/C=N/NC(=O)Cn2c3ccccc3c(=O)c3ccccc32)cc1OCc1cc([N+](=O)[O-])ccc1[N+](=O)[O-],10
882,COc1ccc(OCC(=O)c2ccccc2)c(/C=N/N=C/c2ccc(OC)cc2OCC(=O)c2ccccc2)c1,7
883,COc1ccc(/C=N/N=C/c2ccc(OC)cc2OCC(=O)c2ccccc2)c(OCC(=O)c2ccccc2)c1,7
884,COc1ccc(/C=N/N=C/c2ccccc2OCC(=O)c2ccccc2)c(OCC(=O)c2ccccc2)c1,7
885,COc1ccc(OCC(=O)c2ccccc2)c(/C=N/N=C/c2ccccc2OCC(=O)c2ccccc2)c1,7
886,CCCCCCCCCCN(C)c1ccc(S(N)(=O)=O)cc1NC(=O)c1cc(/N=N/c2ccccc2Cl)c2ccccc2c1O,1
887,CCCCCCCCCCN(C)c1ccc(S(=O)(=O)[O-])cc1NC(=O)c1cc(/N=N/c2ccccc2Cl)c2ccccc2c1O,1
888,CN(Cn1c2ccccc2c(=O)c2ccccc21)c1ccc(/C=N/NC(=O)Cn2c3ccccc3c(=O)c3ccccc32)cc1[N+](=O)[O-],10
889,CN(CCn1c2ccccc2c(=O)c2ccccc21)c1ccc(/C=N/NC(=O)Cn2c3ccccc3c(=O)c3ccccc32)cc1[N+](=O)[O-],10
890,CCCCCCCCCCCN(C)c1ccc(S(=O)(=O)O)cc1NC(=O)c1cc(/N=N/c2cccc(NS(=O)(=O)c3ccccc3)c2)c2ccccc2c1O,1
891,CCCCCCCCCCN(C)c1ccc(S(=O)(=O)[O-])cc1NC(=O)c1cc(/N=N/c2cccc(NS(=O)(=O)c3ccccc3)c2)c2ccccc2c1O,1
892,CC(C)C1=CC(=C(c2cc(C(C)(C)C)c(O)c(C(C)(C)C)c2)c2ccccc2S(=O)(=O)[O-])C=C(C(C)(C)C)C1,7
893,CC(C)C1=CC(=C(c2cc(C(C)(C)C)c(O)c(C(C)(C)C)c2)c2ccccc2S(=O)(=O)O)C=C(C(C)(C)C)C1,7
894,CCN(C)c1ccc(/C=N/NC(=O)Cn2c3ccccc3c(=O)c3ccccc32)c(OCc2ccccc2)c1,10
895,CN(C)c1ccc(/C=N/NC(=O)Cn2c3ccccc3c(=O)c3ccccc32)cc1OCc1ccccc1,10
896,CN(C)c1ccc(/C=N/NC(=O)Cn2c3ccccc3c(=O)c3ccccc32)c(OCc2ccccc2)c1,10
897,CCN(C)c1ccc(/C=N/NC(=O)Cn2c3ccccc3c(=O)c3ccccc32)cc1OCc1ccccc1,10
898,COc1cc(N(C)c2ccccc2)ccc1/C=N/NC(=O)Cn1c2ccccc2c(=O)c2ccccc21,10
899,CCOc1cc(N(C)c2ccccc2)ccc1/C=N/NC(=O)Cn1c2ccccc2c(=O)c2ccccc21,10
900,CCCCN(C)c1ccc(/C=N/NC(=O)Cn2c3ccccc3c(=O)c3ccccc32)c(OCc2ccccc2)c1,10
901,CCOc1cc(/C=N/NC(=O)Cn2c3ccccc3c(=O)c3ccccc32)ccc1N(C)C,10
902,CCOc1cc(/C=N/NC(=O)Cn2c3ccccc3c(=O)c3ccccc32)ccc1N(C)CC,10
903,CCN(C)c1ccc(/C=N/NC(=O)Cn2c3ccccc3c(=O)c3ccccc32)cc1[N+](=O)[O-],10
904,CN(C)c1ccc(/C=N/NC(=O)Cn2c3ccccc3c(=O)c3ccccc32)c([N+](=O)[O-])c1,10
905,CCN(C)c1ccc(/C=N/NC(=O)Cn2c3ccccc3c(=O)c3ccccc32)c([N+](=O)[O-])c1,10
906,CN(C)c1ccc(/C=N/NC(=O)Cn2c3ccccc3c(=O)c3ccccc32)cc1[N+](=O)[O-],10
907,COc1cc(N(C)C)ccc1/C=N/NC(=O)Cn1c2ccccc2c(=O)c2ccccc21,10
908,CCOc1cc(N(C)C)ccc1/C=N/NC(=O)Cn1c2ccccc2c(=O)c2ccccc21,10
909,CCN(C)c1ccc(/C=N/NC(=O)Cn2c3ccccc3c(=O)c3ccccc32)c(OC)c1,10
910,CCCCCCCCCCN(C)c1ccc(S(=O)(=O)O)cc1NC(=O)c1cc(/N=N/c2ccc(NS(=O)(=O)c3ccccc3)cc2)c2ccccc2c1O,1
911,CCN(C)c1ccc(/C=N/NC(=O)Cn2c3ccccc3c(=O)c3ccccc32)cc1,10
912,CN(C)c1ccc(/C=N/NC(=O)Cn2c3ccccc3c(=O)c3ccccc32)cc1,10
913,COC(=O)CN(C)c1ccc(/C=N/NC(=O)Cn2c3ccccc3c(=O)c3ccccc32)cc1[N+](=O)[O-],10
914,CN(CC(N)=O)c1ccc(/C=N/NC(=O)Cn2c3ccccc3c(=O)c3ccccc32)cc1[N+](=O)[O-],10
915,CN(CC(=O)O)c1ccc(/C=N/NC(=O)Cn2c3ccccc3c(=O)c3ccccc32)cc1OCc1ccccc1,10
916,CN(CCO)c1ccc(/C=N/NC(=O)Cn2c3ccccc3c(=O)c3ccccc32)c([N+](=O)[O-])c1,10
917,Cc1ccc(F)c(C(=O)Nc2ccc(C(=O)/C=C/c3ccc(N(C)CCO)cc3)cc2)c1,1
918,Cc1ccc(Cl)c(C(=O)Nc2ccc(C(=O)/C=C/c3ccc(N(C)CCO)cc3)cc2)c1,1
919,CN(C)c1ccc(/C=N/NC(=O)Cn2c3ccccc3c(=O)c3ccccc32)cc1OCc1ccc([N+](=O)[O-])cc1Cl,10
920,CN(C)c1ccc(/C=N/NC(=O)Cn2c3ccccc3c(=O)c3ccccc32)cc1OCc1ccc(Cl)cc1[N+](=O)[O-],10
921,CN(CC(=O)n1c2ccccc2c(=O)c2ccccc21)c1ccc(/C=N/NC(=O)Cn2c3ccccc3c(=O)c3ccccc32)cc1[N+](=O)[O-],10
922,CC(=O)N(C)c1ccc(/C=N/NC(=O)Cn2c3ccccc3c(=O)c3ccccc32)cc1[N+](=O)[O-],10
923,CN(C)c1ccc(/C=N/NC(=O)Cn2c3ccccc3c(=O)c3ccccc32)c(Cl)c1,10
924,Cc1cc(N(C)C)ccc1/C=N/NC(=O)Cn1c2ccccc2c(=O)c2ccccc21,10
925,CN(C)c1ccc(/C=N/NC(=O)Cn2c3ccccc3c(=O)c3ccccc32)c(Br)c1,10
926,CN(C)c1ccc(/C=N/NC(=O)Cn2c3ccccc3c(=O)c3ccccc32)c(O)c1,10
927,CN(C)c1ccc(/C=N/NC(=O)Cn2c3ccccc3c(=O)c3ccccc32)cc1OCc1cccc([N+](=O)[O-])c1,10
928,CN(C)c1ccc(/C=N/NC(=O)Cn2c3ccccc3c(=O)c3ccccc32)cc1OCc1ccc([N+](=O)[O-])cc1,10
929,CN(CC(=O)n1c2ccccc2c(=O)c2ccccc21)c1ccc(/C=N/NC(=O)Cn2c3ccccc3c(=O)c3ccccc32)c([N+](=O)[O-])c1,10
930,CN(CCn1c2ccccc2c(=O)c2ccccc21)c1ccc(/C=N/NC(=O)Cn2c3ccccc3c(=O)c3ccccc32)c([N+](=O)[O-])c1,10
931,CN(c1ccccc1)c1ccc(/C=N/NC(=O)Cn2c3ccccc3c(=O)c3ccccc32)c(O)c1,10
932,CCCCCCCCCCN(C)c1ccc(S(N)(=O)=O)cc1NC(=O)c1cc(/N=N/c2ccccc2)c2ccccc2c1O,1
933,CCCCCCCCCCN(C)c1ccc(S(=O)(=O)O)cc1NC(=O)c1cc(/N=N/c2ccc(NS(=O)(=O)c3ccccc3)cc2Cl)c2ccccc2c1O,1
934,CN(CCO)c1ccc(/C=N/NC(=O)Cn2c3ccccc3c(=O)c3ccccc32)cc1,10
935,CN(CCN(Cc1ccccn1)c1ccccc1)c1ccc(/C=N/NC(=O)Cn2c3ccccc3c(=O)c3ccccc32)cc1[N+](=O)[O-],10
936,CN(CCN(Cc1ccccc1)c1ccccc1)c1ccc(/C=N/NC(=O)Cn2c3ccccc3c(=O)c3ccccc32)cc1[N+](=O)[O-],10
937,Cc1cccc(C(=O)Nc2ccc(C(=O)/C=C/c3ccc(N(C)CCO)cc3)cc2)c1,1
938,CCc1cccc(C(=O)Nc2ccc(C(=O)/C=C/c3ccc(N(C)CCO)cc3)cc2)c1,1
939,COc1ccc(C(=O)Nc2ccc(C(=O)/C=C/c3ccc(N(C)CCO)cc3)cc2)cc1,1
940,Cc1ccc(C(=O)Nc2ccc(C(=O)/C=C/c3ccc(N(C)CCO)cc3)cc2)cc1,1
941,CN(C)c1ccc(/C=N/NC(=O)Cn2c3ccccc3c(=O)c3ccccc32)cc1OCc1ccc(Cl)cc1Cl,10
942,CN(C)c1ccc(/C=C/C(=O)c2ccc(NC(=O)c3ccccc3Cl)cc2)cc1,1
943,Cc1ccccc1C(=O)Nc1ccc(C(=O)/C=C/c2ccc(N(C)C)cc2)cc1,1
944,CN(C)c1ccc(/C=C/C(=O)c2ccc(NC(=O)c3ccccc3F)cc2)cc1,1
945,COC(=O)c1ccc(C(=O)OCOC(=O)c2cccc(C(=O)OCOC(=O)c3cccc(C(=O)OCOC(=O)c4ccccc4)c3)c2)cc1,7
946,COC(=O)c1ccc(C(=O)OCOC(=O)c2cccc(C(=O)OCOC(=O)c3cccc(C(=O)OCOC(=O)c4cccc(OC)c4)c3)c2)cc1,7
947,CN(C)c1ccc(/C=N/NC(=O)Cn2c3ccccc3c(=O)c3ccccc32)c(OCc2ccccc2Cl)c1,10
948,CN(C)c1ccc(/C=N/NC(=O)Cn2c3ccccc3c(=O)c3ccccc32)c(OCc2ccccc2[N+](=O)[O-])c1,10
949,CN(C)c1ccc(/C=N/NC(=O)Cn2c3ccccc3c(=O)c3ccccc32)cc1OCc1ccc(Cl)cc1,10
950,CN(C)c1ccc(/C=N/NC(=O)Cn2c3ccccc3c(=O)c3ccccc32)cc1OCc1ccccc1[N+](=O)[O-],10
951,CN(Cc1ccccc1)c1ccc(/C=N/NC(=O)Cn2c3ccccc3c(=O)c3ccccc32)cc1[N+](=O)[O-],10
952,CN(c1ccccc1)c1ccc(/C=N/NC(=O)Cn2c3ccccc3c(=O)c3ccccc32)cc1[N+](=O)[O-],10
953,CN(Cc1ccccc1)c1ccc(/C=N/NC(=O)Cn2c3ccccc3c(=O)c3ccccc32)c([N+](=O)[O-])c1,10
954,CN(c1ccccc1)c1ccc(/C=N/NC(=O)Cn2c3ccccc3c(=O)c3ccccc32)c([N+](=O)[O-])c1,10
955,CN(Cc1ccccc1Cl)c1ccc(/C=N/NC(=O)Cn2c3ccccc3c(=O)c3ccccc32)cc1[N+](=O)[O-],10
956,CN(C)CCN(C)c1ccc(/C=N/NC(=O)Cn2c3ccccc3c(=O)c3ccccc32)cc1[N+](=O)[O-],10
957,CN(C)c1ccc(/C=N/NC(=O)Cn2c3ccccc3c(=O)c3ccccc32)c(OCc2ccc([N+](=O)[O-])cc2[N+](=O)[O-])c1,10
958,CN(CCN(Cc1ccccn1)c1ccccc1[N+](=O)[O-])c1ccc(/C=N/NC(=O)Cn2c3ccccc3c(=O)c3ccccc32)cc1[N+](=O)[O-],10
959,CCCN(CC)c1ccc(/C=N/NC(=O)Cn2c3ccccc3c(=O)c3ccccc32)c([N+](=O)[O-])c1,10
960,CN(CCC#N)c1ccc(/C=N/NC(=O)Cn2c3ccccc3c(=O)c3ccccc32)cc1[N+](=O)[O-],10
961,COc1ccc(/C=N/N=C/c2ccccc2OCC(=O)c2ccccc2)cc1OCC(=O)c1ccccc1,7
962,COc1ccc([N+](=O)[O-])c(COc2cc(/C=N/NC(=O)Cn3c4ccccc4c(=O)c4ccccc43)ccc2N(C)C)c1,10
963,CN(Cc1ccccc1)c1ccc(/C=N/NC(=O)Cn2c3ccccc3c(=O)c3ccccc32)cc1,10
964,CN(c1ccccc1)c1ccc(/C=N/NC(=O)Cn2c3ccccc3c(=O)c3ccccc32)cc1,10
965,COc1cc(/C=N/NC(=O)Cn2c3ccccc3c(=O)c3ccccc32)ccc1OCc1ccccc1,10
966,CN(C)c1ccc(/C=N/NC(=O)Cn2c3ccccc3c(=O)c3ccccc32)c(N(C)C)c1,10
967,CN(CC(=O)c1ccccc1)c1ccc(/C=N/NC(=O)Cn2c3ccccc3c(=O)c3ccccc32)cc1[N+](=O)[O-],10
968,CN(C)c1ccc(/C=N/NC(=O)Cn2c3ccccc3c(=O)c3ccccc32)c(C#N)c1,10
969,COc1ccc([N+](=O)[O-])cc1/C=N/NC(=O)Cn1c2ccccc2c(=O)c2ccccc21,10
970,O=C(Cn1c2ccccc2c(=O)c2ccccc21)N/N=C/c1cc([N+](=O)[O-])ccc1O,10
971,CN(C)c1ccc(/C=N/NC(=O)Cn2c3ccccc3c(=O)c3ccccc32)c(OCc2ccc([N+](=O)[O-])cc2)c1,10
972,CN(CCN(Cc1ccc([N+](=O)[O-])cc1)c1ccccc1)c1ccc(/C=N/NC(=O)Cn2c3ccccc3c(=O)c3ccccc32)cc1[N+](=O)[O-],10
973,CCN(C)c1ccc(/C=N/NC(=O)Cn2c3ccccc3c(=O)c3ccccc32)c(OCc2ccc(Cl)cc2)c1,10
974,COC(=O)CN(CC(=O)OC)c1ccc(C)cc1OCCCOc1cc(/C=N/NC(=O)Cn2c3ccccc3c(=O)c3ccccc32)ccc1N(C)C,10
975,Cc1ccc(N(CC(=O)O)CC(=O)O)c(OCCCOc2cc(/C=N/NC(=O)Cn3c4ccccc4c(=O)c4ccccc43)ccc2N(C)C)c1,10
976,Cc1cc(C(=O)Nc2ccc(C(=O)/C=C/c3ccc(N(C)CCO)cc3)cc2)ccc1F,1
977,CN(Cc1ccccn1)c1ccc(/C=N/NC(=O)Cn2c3ccccc3c(=O)c3ccccc32)cc1[N+](=O)[O-],10
978,COc1ccc(C(=O)Nc2ccc(C(=O)/C=C/c3ccc(N(C)C)cc3)cc2)cc1,1
979,CN(C)c1ccc(/C=N/NC(=O)Cn2c3ccccc3c(=O)c3ccccc32)c(-c2nc3ccccc3n2-c2ccccc2)c1,10
980,CN(C)c1ccc(-n2c(-c3cc(N(C)C)ccc3/C=N/NC(=O)Cn3c4ccccc4c(=O)c4ccccc43)nc3ccccc32)cc1,10
981,CN(C)c1ccc([N+](=O)[O-])cc1/C=N/NC(=O)Cn1c2ccccc2c(=O)c2ccccc21,10
982,CN(C)c1ccc(/C=N/NC(=O)Cn2c3ccccc3c(=O)c3ccccc32)cc1O,10
983,CN(Cc1ccccn1)c1ccc(/C=N/NC(=O)Cn2c3ccccc3c(=O)c3ccccc32)cc1,10
984,CN(C)c1ccc(/C=N/NC(=O)Cn2c3ccccc3c(=O)c3ccccc32)c(-c2ccc([N+](=O)[O-])cc2)c1,10
985,CN(c1ccccc1)c1ccc(/C=N/NC(=O)Cn2c3ccccc3c(=O)c3ccccc32)c(OCc2ccccc2)c1,10
986,CN(c1ccccc1)c1ccc(/C=N/NC(=O)Cn2c3ccccc3c(=O)c3ccccc32)c(OCc2ccc([N+](=O)[O-])cc2)c1,10
987,CNc1ccc(/C=N/NC(=O)Cn2c3ccccc3c(=O)c3ccccc32)c([N+](=O)[O-])c1,10
988,CNc1ccc(/C=N/NC(=O)Cn2c3ccccc3c(=O)c3ccccc32)cc1[N+](=O)[O-],10
989,CC1c2ccccc2N(c2ccc(C(=O)c3ccc(N4c5ccccc5C(C)(C)c5ccccc54)cc3)cc2)c2ccccc21,7
990,CC1(C)c2ccccc2N(c2ccc(C(=O)c3ccc(N4c5ccccc5C(C)(C)c5ccccc54)cc3)cc2)c2ccccc21,7
991,COc1cc(/C=N/NC(=O)Cn2c3ccccc3c(=O)c3ccccc32)cc(Br)c1OCc1ccccc1,10
992,CN(C)c1ccc(/C=C/C(=O)c2ccc(NC(=O)c3ccccc3)cc2)cc1,1
993,CN(C)c1ccc(/C=C/C(=O)c2ccc(NC(=O)Cc3ccccc3)cc2)cc1,1
994,CC(C)c1ccc(C(=O)Nc2ccc(C(=O)/C=C/c3ccc(N(C)C)cc3)cc2)cc1,1
995,COc1ccc(/C=N/NC(=O)Cn2c3ccccc3c(=O)c3ccccc32)cc1,10
996,COc1ccc(C(=O)Nc2ccc(C(=O)/C=C/c3ccc(N(C)CCO)cc3)cc2)cc1C(=O)Nc1ccc(/N=N/c2ccccc2)cc1,1
997,CCc1cc(C(=O)Nc2ccc(/N=N/c3ccccc3)cc2)cc(C(=O)Nc2ccc(C(=O)/C=C/c3ccc(N(C)CCO)cc3)cc2)c1,1
998,CCCCCCCCCCN(C)c1ccc(S(=O)(=O)[O-])cc1NC(=O)c1cc(/N=N/c2cccc(S(=O)(=O)[O-])c2)c2ccccc2c1O,1
999,COc1cc(/C=N/NC(=O)Cn2c3ccccc3c(=O)c3ccccc32)ccc1N(C)c1ccc([N+](=O)[O-])cc1,10
1000,COC(=O)CN(CC(=O)OC)c1ccc(C)cc1OCCN(C)c1ccc(/C=N/NC(=O)Cn2c3ccccc3c(=O)c3ccccc32)cc1[N+](=O)[O-],10
1001,CN(c1ccc(/C=N/NC(=O)Cn2c3ccccc3c(=O)c3ccccc32)cc1)c1ccc([N+](=O)[O-])cc1,10
1002,O=C(c1ccccc1)c1ccc(-c2cc(-c3ccc(C(=O)c4ccccc4)cc3)cc(-c3ccc(C(=O)c4ccccc4)cc3)c2)cc1,7
1003,O=C(c1ccccc1)c1ccc(-c2cc(-c3ccc(C(=O)c4ccccc4)cc3)nc(-c3ccc(C(=O)c4ccccc4)cc3)n2)cc1,7
1004,COc1ccc(O)c(/C=N/NC(=O)Cn2c3ccccc3c(=O)c3ccccc32)c1,10
1005,CN(C)c1ccc(/C=C/C(=O)c2ccc(NC(=O)c3ccc([N+](=O)[O-])cc3)cc2)cc1,1
1006,O=C(Cn1c2ccccc2c(=O)c2ccccc21)N/N=C/c1ccc([N+](=O)[O-])cc1,10
1007,CN(C)c1ccc(/C=C/C(=O)c2ccc(NC(=O)c3ccc(-c4ccccc4)cc3)cc2)cc1,1
1008,O=C(c1ccccc1)c1ccc(-c2ccc(N(c3ccccc3)c3ccccc3)cc2)cc1,7
1009,CN(c1ccccc1)c1ccc(C(=O)c2ccc(N(c3ccccc3)c3ccccc3)cc2)cc1,7
1010,CCCCc1ccc(C(=O)Nc2ccc(C(=O)/C=C/c3ccc(N(C)C)cc3)cc2)cc1,1
1011,CN(C)c1ccc(/C=C/C(=O)c2ccc(NC(=O)c3ccc(-c4ccccc4)o3)cc2)cc1,1
1012,O=C(c1ccccc1)c1ccc(-c2ccc(-c3ccc(C(=C(c4ccccc4)c4ccccc4)c4ccccc4)cc3)cc2)cc1,7
1013,O=C(c1ccccc1)c1ccc(-c2ccc(-c3ccc(C(=C(c4ccccc4)c4ccccc4)c4ccccc4)cc3)c3nsnc23)cc1,7
1014,CN(C)c1ccc(/C=N/NC(=O)Cn2c3ccccc3c(=O)c3ccccc32)cc1S(=O)(=O)c1ccccc1,10
1015,CCN(C)c1ccc(/C=N/NC(=O)Cn2c3ccccc3c(=O)c3ccccc32)c(NC(=O)c2ccccc2)c1,10
1016,CN(C)c1ccc(/C=N/NC(=O)Cn2c3ccccc3c(=O)c3ccccc32)cc1OCc1cc([N+](=O)[O-])ccc1N(CC(=O)O)CC(=O)O,10
1017,COc1ccc(/C=N/NC(=O)Cn2c3ccccc3c(=O)c3ccccc32)cc1OC,10
1018,O=C(c1ccccc1)c1ccc(N(c2ccccc2)c2ccc(C(=C(c3ccccc3)c3ccccc3)c3ccccc3)cc2)cc1,7
1019,CN(C)c1ccc(/C=N/NC(=O)Cn2c3ccccc3c(=O)c3ccccc32)c(-c2nc(-c3ccccc3)c(-c3ccccc3)o2)c1,10
1020,Cc1ccc(-c2nc(-c3ccccc3)c(-c3ccccc3)[nH]2)c(/C=N/NC(=O)Cn2c3ccccc3c(=O)c3ccccc32)c1,10
1021,Cc1cc(C(=O)Nc2ccc(C(=O)/C=C/c3ccc(N(C)CCO)cc3)cc2)c2ccccc2n1,1
1022,CCc1cc(C(=O)Nc2ccc(C(=O)/C=C/c3ccc(N(C)CCO)cc3)cc2)cc(C(=O)Nc2ccc(C(=O)Nc3ccc(C)cc3)cc2)c1,1
1023,CN(C)c1ccc(/C=N/NC(=O)Cn2c3ccccc3c(=O)c3ccccc32)c(-c2nc3ccccc3s2)c1,10
1024,COc1ccc(-c2nn(-c3ccc(N(c4ccccc4)c4ccccc4)cc3)nc2C(=O)c2ccccc2)cc1,7
1025,N#Cc1nn(-c2ccc(N(c3ccccc3)c3ccccc3)cc2)nc1C(=O)c1ccccc1,7
1026,CN(C)c1ccc(/C=N/NC(=O)Cn2c3ccccc3c(=O)c3ccccc32)c(-c2ccc(N(c3ccccc3)c3ccccc3)cc2)c1,10
1027,O=C(c1ccccc1)c1ccc(-c2ccc(-c3cc(-c4ccccc4)nc(-c4ccc(-c5ccc(C(=O)c6ccccc6)cc5)cc4)c3)cc2)cc1,7
1028,COC(=O)c1ccc(C(=O)OCOC(=O)c2ccc(C(=O)OCOC(=O)c3ccc(C(=O)OCOC(=O)c4ccc(C)cc4)cc3)cc2)cc1,7
1029,O=C(c1ccc(N2c3ccccc3Sc3ccccc32)cc1)c1ccc(N2c3ccccc3Sc3ccccc32)cc1,7
1030,CCCCCCCCCCN(c1ccc(S(=O)(=O)O)cc1)c1ccc(S(=O)(=O)O)cc1NC(=O)c1cc(O)c2ccccc2c1O,7
1031,CN(C)c1ccc(/C=C/C(=O)c2ccc(NC(=O)CCCCCN3C(=O)c4ccccc4C3=O)cc2)cc1,1
1032,CN(C)c1ccc(/C=C/C(=O)c2ccc(NC(=O)CCC3CCCC3)cc2)cc1,1
1033,CCCCCCCCN1c2ccccc2Sc2cc(/C=N/NC(=O)Cn3c4ccccc4c(=O)c4ccccc43)ccc21,10
1034,CC(=O)Oc1ccccc1C(=O)Nc1ccc(C(=O)/C=C/c2ccc(N(C)C(=O)c3ccccc3OC(C)=O)cc2)cc1,1
1035,Cc1cccc(C(=O)c2ccc(N3c4ccccc4[Si](c4ccccc4)(c4ccccc4)c4ccccc43)cc2)c1,7
1036,Cc1cc(CN2c3ccccc3N(c3ccccc3)c3ccccc32)cc(C(=O)c2ccccc2)c1,7
1037,CN(C)c1ccc(/C=C/C(=O)c2ccc(N(C)C)cc2)cc1,1
1038,Cc1ccc(C(=O)c2ccc(-c3c(-c4ccc(C(=O)c5ccc(C(=O)c6ccc(C=O)cc6)cc5)cc4)c4ccccc4c4ccccc34)cc2)cc1,7
1039,CN(C)c1ccc(/C=C/C(=O)c2c3ccccc3cc3ccccc23)cc1,1
1040,CN(C)c1ccc(C(=C2C=CC(=[N+](C)C)C=C2)c2ccc(N(C)c3ccccc3)cc2)cc1,7
1041,COc1ccc(N(c2ccc(OC)cc2)c2ccc(C(=O)c3ccc(N(c4ccc(OC)cc4)c4ccc(OC)cc4)cc3)cc2)cc1,7
1042,O=C(/C=C/c1cn(-c2ccccc2)nc1-c1ccccc1)c1ccccc1,7
1043,CCCCCCCCCCN1/C(=C\c2ccc(C(=O)c3ccc(OCC)cc3)cc2)C(=O)c2ccccc21,7
1044,O=CN/N=C/c1cc(/N=N/c2cccc3ccccc23)ccc1O,11
1045,O=S(=O)(c1ccc(N=Nc2ccc(O)c3ccccc23)cc1)c1ccc(N=Nc2ccc(O)c3ccccc23)cc1,11
1046,CCCCCCCCCCNc1ccc(/N=N/c2ccc(C#N)cc2)cc1,11
1047,COC(=O)CN1CCOCCN(CC(=O)OC)c2ccc(-c3c4cc(F)c(=O)cc-4oc4cc(O)c(F)cc34)cc2OCCOc2cc(C)ccc21,15
1048,COC(=O)CN1CCOCCN(CC(=O)OC)c2ccc(-c3c4cc(F)c(=O)cc-4oc4cc(O)c(F)cc34)cc2OCCOCCOc2cc(C)ccc21,15
1049,COC(=O)CN1CCOCCN(CC(=O)OC)c2cc3oc(=O)c(-c4ncc(C(=O)OCOC(C)=O)o4)cc3cc2OCCOc2cc(C)ccc21,15
1050,COC(=O)CN1CCOCCN(CC(=O)OC)c2cc3oc(=O)c(-c4ncc(C(=O)OCCOC(C)=O)o4)cc3cc2OCCOc2cc(C)ccc21,15
1051,COC(=O)CN1CCOCCN(CC(=O)OC)c2ccc(C3=C4C=CC([NH+](C)C)C=C4Oc4cc(N(C)C)ccc43)cc2OCCOc2cc(C)ccc21,15
1052,COCOC(=O)CN1CCOCCN(CC(=O)OC)c2ccc(C3=C4C=CC([NH+](C)C)C=C4Oc4cc(N(C)C)ccc43)cc2OCCOc2cc(C)ccc21,15
1053,COC(=O)CN1CCOCCN(CC(=O)OC)c2ccc(-c3c4cc(F)c(=O)cc-4oc4cc(F)c(F)cc34)cc2OCCOc2cc(C)ccc21,15
1054,COC(=O)CN1CCOCCN(CC(=O)OC)c2ccc(-c3c4ccc(=[N+](C)C)cc-4oc4cc(N(C)C)ccc34)cc2OCCOc2cc(C)ccc21,15
1055,COC(=O)CN1CCOCCN(CC(N)=O)c2ccc(C)cc2OCCOc2cc(-c3c4ccc(=[N+](C)C)cc-4oc4cc(N(C)C)ccc34)ccc21,15
1056,COC(=O)CN1CCOCCN(CC(N)=O)c2ccc(C)cc2OCCOc2cc(-c3c4cc(F)c(=O)cc-4oc4cc(O)c(F)cc34)ccc21,15
1057,COC(=O)CN1CCOCCN(CC(=O)OC)c2ccc(C3=C4C=CC(C)(C)C=C4Oc4cc(N(C)C)ccc43)cc2OCCOc2cc(C)ccc21,15
1058,COC(=O)CN1CCOCCN(CC(=O)OC)c2ccc(C3=C4C=CCC(C)(C)C=C4Oc4cc(N(C)C)ccc43)cc2OCCOc2cc(C)ccc21,15
1059,COC(=O)CN1CCOCCN(CC(=O)CO)c2ccc(C)cc2OCCOc2cc(C3=C4C=CC([NH+](C)C)C=C4Oc4cc(N(C)C)ccc43)ccc21,15
1060,COC(=O)CN1CCOCCN(CC(=O)OC)c2ccc(C3c4ccc(N(C)C)cc4OC4C=CC([NH+](C)C)C=CC43)cc2OCCOc2cc(C)ccc21,15
1061,COC(=O)CN1CCOCCN(CC(=O)OC)c2ccc(C3c4ccc(N(C)C)cc4OC4C=CC=CC43)cc2OCCOc2cc(C)ccc21,15
1062,COC(=O)CN1CCOCCN(CC(=O)OC)c2ccc(C)cc2OCCOc2ccc(c(-c3c4ccc(=[N+](C)C)cc-4oc4cc(N(C)C)ccc34)c2)C1,15
1063,CN(C)c1ccc2c(-c3ccc(C(=O)O)cc3C(=O)O)c3ccc(=[N+](C)C)cc-3oc2c1,11
1064,CN(C)c1ccc2c(-c3ccc(C(=O)[O-])cc3C(=O)[O-])c3ccc(=[N+](C)C)cc-3oc2c1,11
1065,COC(=O)CN1CCOCCOc2cc(-c3c4cc(F)c(=O)cc-4oc4cc(O)c(F)cc34)ccc2N(CC(=O)OC)CCOCC1,15
1066,CN(C)c1ccc2c(-c3ccccc3C(=O)[O-])c3ccc(=[N+](C)C)cc-3oc2c1,11
1067,CCN(C)c1ccc2c(-c3ccccc3C(=O)[O-])c3ccc(=[N+](CC)CC)cc-3oc2c1,11
1068,CN(C)c1ccc2c(-c3ccc(S(=O)(=O)[O-])cc3S(=O)(=O)[O-])c3ccc(=[N+](C)C)cc-3oc2c1,11
1069,COC(=O)CN(C)c1ccc(-c2c3cc(F)c(=O)cc-3oc3cc(O)c(F)cc23)cc1OCCOc1cc(C)ccc1N(CC(=O)OC)CC(=O)OC,11
1070,CCCCCCCCn1c(=O)c2cc3cc4cc5c(=O)n(CCCCCC)c(=O)c5cc4cc3cc2c1=O,11
1071,CCCCCCCCCCCC[N+]1=C(/C=C2/C(=O)C(/C=C3/N(CCCCCCCC)c4cc5ccccc5cc4C3(C)C)=C2[O-])C(C)(C)c2ccccc21,11
1072,CCCCCCCCCC[N+]1=C(/C=C2/C(=O)C(/C=C3\N(CCCCCCCC)c4cc5ccccc5cc4C3(C)C)=C2[O-])C(C)(C)c2ccccc21,11
1073,CCCCCCCCCCCC[N+]1=C(/C=C2/C(=O)C(/C=C3/N(CCCCCCCC)c4ccccc4C3(C)C)=C2[O-])C(C)(C)c2ccccc21,11
1074,CCCCCCCCCC[N+]1=C(/C=C2/C(=O)C(/C=C3\N(CCCCCCCC)c4ccccc4C3(C)C)=C2[O-])C(C)(C)c2ccccc21,11
1075,CCCCCCCCCCC[N+]1=C(/C=C2/C(=O)C(/C=C3/N(CCCCCCCC)c4ccccc4C3(C)C)C2[O-])C(C)(C)c2cc(C(=O)O)ccc21,11
1076,CCCCCCCCCCC[N+]1=C(/C=C2/C(=O)C(/C=C3/N(CCCCCCCC)c4ccccc4C3(C)C)C2[O-])C(C)(C)c2ccccc21,11
1077,CCCCCCCCCC[N+]1=C(/C=C2/C(=O)C(/C=C3\N(CCCCCCCC)c4c(ccc5ccccc45)C3(C)C)=C2[O-])C(C)(C)c2ccccc21,11
1078,CCCCCCCCCCC[N+]1=C(C=C2C(=O)C(/C=C3/N(CCCCCCCC)c4ccccc4C3(C)C)C2=O)C(C)(C)c2cc(C(=O)O)ccc21,11
1079,CCCCCCCCCC[N+]1=C(/C=C2/C(=O)C(/C=C3\N(CCCCCCCC)c4ccc(C(=O)O)cc4C3(C)C)=C2[O-])C(C)(C)c2ccccc21,11
1080,CCCCCCCCCCCC[N+]1=C(C=C2C(=O)C(C=C3Sc4ccccc4N3CCCCCCCCCC)=C2[O-])C(C)(C)c2ccccc21,11
1081,CCCCCCCCCCCC[N+]1=C(C=C2C(=O)C(C=C3Sc4ccccc4N3CCCCCCCCCC)=C2[O-])C(CCCCCCCC)(CCCCCCCCCCCC)c2ccccc21,11
1082,CCCCCCCC1(CCCC)C(C=C2C([O-])=C(C=C3N(C)c4ccccc4C3(C)C)C2=C(C#N)C#N)=[N+](CCCCCC)c2ccc(C(=O)O)cc21,11
1083,CCC1(CCCCCC(=O)OC)C(=CC=CC2=[N+](CCCCCC(=O)O)c3ccc(S(=O)(=O)O)cc3C2C)N(C)c2ccc(S(=O)(=O)O)cc21,11
1084,CCCN1/C(=C/C=C/C=C/C2=[N+](CCOC)c3ccc(S(=O)(=O)O)cc3C2(C)C)C(C)(CCCCC(=O)O)c2cc(S(=O)(=O)O)ccc21,11
1085,Cc1cc(C)c(B(c2cc(C)c(C(=O)c3c(C)cc(C)cc3C)cc2N2c3ccccc3Oc3ccccc32)c2c(C)cc(C)cc2C)c(C)c1,7
1086,Cc1cc(C)c(B(c2cc(C)c(S(=O)(=O)c3c(C)cc(C)cc3C)cc2N2c3ccccc3Oc3ccccc32)c2c(C)cc(C)cc2C)c(C)c1,11
1087,Cc1cc(C)c(B(c2cc(C)c(C(=O)c3ccccc3)cc2N2c3ccccc3Oc3ccccc32)c2c(C)cc(C)cc2C)c(C)c1,7
1088,Cc1cc(C)c(B(c2cc(C)c(P(=O)(c3ccccc3)c3ccccc3)cc2N2c3ccccc3Oc3ccccc32)c2c(C)cc(C)cc2C)c(C)c1,11
